scale_percent,variant,window,sample_index,native_width,native_height,work_width,work_height,gpu_ms
50,"Fused optimized P50/general",0,0,3840,2160,1920,1080,0.230144
50,"Fused optimized P50/general",0,1,3840,2160,1920,1080,0.226944
50,"Fused optimized P50/general",0,2,3840,2160,1920,1080,0.228352
50,"Fused optimized P50/general",0,3,3840,2160,1920,1080,0.228224
50,"Fused optimized P50/general",0,4,3840,2160,1920,1080,0.228352
50,"Fused optimized P50/general",0,5,3840,2160,1920,1080,0.22848
50,"Fused optimized P50/general",0,6,3840,2160,1920,1080,0.2272
50,"Fused optimized P50/general",0,7,3840,2160,1920,1080,0.22848
50,"Fused optimized P50/general",0,8,3840,2160,1920,1080,0.228096
50,"Fused optimized P50/general",0,9,3840,2160,1920,1080,0.228352
50,"Fused optimized P50/general",0,10,3840,2160,1920,1080,0.227584
50,"Fused optimized P50/general",0,11,3840,2160,1920,1080,0.228352
50,"Fused optimized P50/general",0,12,3840,2160,1920,1080,0.228224
50,"Fused optimized P50/general",0,13,3840,2160,1920,1080,0.228096
50,"Fused optimized P50/general",0,14,3840,2160,1920,1080,0.228608
50,"Fused optimized P50/general",0,15,3840,2160,1920,1080,0.226816
50,"Fused optimized P50/general",0,16,3840,2160,1920,1080,0.229376
50,"Fused optimized P50/general",0,17,3840,2160,1920,1080,0.227968
50,"Fused optimized P50/general",0,18,3840,2160,1920,1080,0.228224
50,"Fused optimized P50/general",0,19,3840,2160,1920,1080,0.227328
50,"Fused optimized P50/general",0,20,3840,2160,1920,1080,0.227968
50,"Fused optimized P50/general",0,21,3840,2160,1920,1080,0.228096
50,"Fused optimized P50/general",0,22,3840,2160,1920,1080,0.228096
50,"Fused optimized P50/general",0,23,3840,2160,1920,1080,0.228608
50,"Fused optimized P50/general",0,24,3840,2160,1920,1080,0.226816
50,"Fused optimized P50/general",0,25,3840,2160,1920,1080,0.228224
50,"Fused optimized P50/general",0,26,3840,2160,1920,1080,0.227968
50,"Fused optimized P50/general",0,27,3840,2160,1920,1080,0.228096
50,"Fused optimized P50/general",0,28,3840,2160,1920,1080,0.227968
50,"Fused optimized P50/general",0,29,3840,2160,1920,1080,0.227712
50,"Fused optimized P50/general",0,30,3840,2160,1920,1080,0.228096
50,"Fused optimized P50/general",0,31,3840,2160,1920,1080,0.228096
50,"Fused optimized P50/general",0,32,3840,2160,1920,1080,0.229888
50,"Fused optimized P50/general",0,33,3840,2160,1920,1080,0.22656
50,"Fused optimized P50/general",0,34,3840,2160,1920,1080,0.228352
50,"Fused optimized P50/general",0,35,3840,2160,1920,1080,0.228096
50,"Fused optimized P50/general",0,36,3840,2160,1920,1080,0.227968
50,"Fused optimized P50/general",0,37,3840,2160,1920,1080,0.227968
50,"Fused optimized P50/general",0,38,3840,2160,1920,1080,0.227712
50,"Fused optimized P50/general",0,39,3840,2160,1920,1080,0.228096
50,"Fused optimized P50/general",0,40,3840,2160,1920,1080,0.228096
50,"Fused optimized P50/general",0,41,3840,2160,1920,1080,0.22912
50,"Fused optimized P50/general",0,42,3840,2160,1920,1080,0.226176
50,"Fused optimized P50/general",0,43,3840,2160,1920,1080,0.22848
50,"Fused optimized P50/general",0,44,3840,2160,1920,1080,0.228096
50,"Fused optimized P50/general",0,45,3840,2160,1920,1080,0.228096
50,"Fused optimized P50/general",0,46,3840,2160,1920,1080,0.228224
50,"Fused optimized P50/general",0,47,3840,2160,1920,1080,0.227328
50,"Fused optimized P50/general",0,48,3840,2160,1920,1080,0.229248
50,"Fused optimized P50/general",0,49,3840,2160,1920,1080,0.228224
50,"Fused optimized P50/general",0,50,3840,2160,1920,1080,0.22912
50,"Fused optimized P50/general",0,51,3840,2160,1920,1080,0.226176
50,"Fused optimized P50/general",0,52,3840,2160,1920,1080,0.22848
50,"Fused optimized P50/general",0,53,3840,2160,1920,1080,0.228096
50,"Fused optimized P50/general",0,54,3840,2160,1920,1080,0.228224
50,"Fused optimized P50/general",0,55,3840,2160,1920,1080,0.228224
50,"Fused optimized P50/general",0,56,3840,2160,1920,1080,0.2272
50,"Fused optimized P50/general",0,57,3840,2160,1920,1080,0.228352
50,"Fused optimized P50/general",0,58,3840,2160,1920,1080,0.228096
50,"Fused optimized P50/general",0,59,3840,2160,1920,1080,0.22848
50,"Fused optimized P50/general",0,60,3840,2160,1920,1080,0.2272
50,"Fused optimized P50/general",0,61,3840,2160,1920,1080,0.228096
50,"Fused optimized P50/general",0,62,3840,2160,1920,1080,0.228224
50,"Fused optimized P50/general",0,63,3840,2160,1920,1080,0.228224
50,"Fused optimized P50/general",0,64,3840,2160,1920,1080,0.228992
50,"Fused optimized P50/general",0,65,3840,2160,1920,1080,0.227584
50,"Fused optimized P50/general",0,66,3840,2160,1920,1080,0.228352
50,"Fused optimized P50/general",0,67,3840,2160,1920,1080,0.227968
50,"Fused optimized P50/general",0,68,3840,2160,1920,1080,0.229248
50,"Fused optimized P50/general",0,69,3840,2160,1920,1080,0.226176
50,"Fused optimized P50/general",0,70,3840,2160,1920,1080,0.228736
50,"Fused optimized P50/general",0,71,3840,2160,1920,1080,0.228096
50,"Fused optimized P50/general",0,72,3840,2160,1920,1080,0.228096
50,"Fused optimized P50/general",0,73,3840,2160,1920,1080,0.228224
50,"Fused optimized P50/general",0,74,3840,2160,1920,1080,0.2272
50,"Fused optimized P50/general",0,75,3840,2160,1920,1080,0.228352
50,"Fused optimized P50/general",0,76,3840,2160,1920,1080,0.228096
50,"Fused optimized P50/general",0,77,3840,2160,1920,1080,0.228608
50,"Fused optimized P50/general",0,78,3840,2160,1920,1080,0.226816
50,"Fused optimized P50/general",0,79,3840,2160,1920,1080,0.228096
50,"Fused optimized P50/general",0,80,3840,2160,1920,1080,0.229248
50,"Fused optimized P50/general",0,81,3840,2160,1920,1080,0.227968
50,"Fused optimized P50/general",0,82,3840,2160,1920,1080,0.228096
50,"Fused optimized P50/general",0,83,3840,2160,1920,1080,0.227584
50,"Fused optimized P50/general",0,84,3840,2160,1920,1080,0.228096
50,"Fused optimized P50/general",0,85,3840,2160,1920,1080,0.228096
50,"Fused optimized P50/general",0,86,3840,2160,1920,1080,0.22912
50,"Fused optimized P50/general",0,87,3840,2160,1920,1080,0.226176
50,"Fused optimized P50/general",0,88,3840,2160,1920,1080,0.22848
50,"Fused optimized P50/general",0,89,3840,2160,1920,1080,0.227968
50,"Fused optimized P50/general",0,90,3840,2160,1920,1080,0.228096
50,"Fused optimized P50/general",0,91,3840,2160,1920,1080,0.228224
50,"Fused optimized P50/general",0,92,3840,2160,1920,1080,0.2272
50,"Fused optimized P50/general",0,93,3840,2160,1920,1080,0.228224
50,"Fused optimized P50/general",0,94,3840,2160,1920,1080,0.228096
50,"Fused optimized P50/general",0,95,3840,2160,1920,1080,0.228608
50,"Fused optimized P50/general",0,96,3840,2160,1920,1080,0.228608
50,"Fused optimized P50/general",0,97,3840,2160,1920,1080,0.228096
50,"Fused optimized P50/general",0,98,3840,2160,1920,1080,0.228096
50,"Fused optimized P50/general",0,99,3840,2160,1920,1080,0.228992
50,"Fused optimized P50/general",0,100,3840,2160,1920,1080,0.226176
50,"Fused optimized P50/general",0,101,3840,2160,1920,1080,0.22848
50,"Fused optimized P50/general",0,102,3840,2160,1920,1080,0.228096
50,"Fused optimized P50/general",0,103,3840,2160,1920,1080,0.228096
50,"Fused optimized P50/general",0,104,3840,2160,1920,1080,0.228224
50,"Fused optimized P50/general",0,105,3840,2160,1920,1080,0.2272
50,"Fused optimized P50/general",0,106,3840,2160,1920,1080,0.228224
50,"Fused optimized P50/general",0,107,3840,2160,1920,1080,0.227968
50,"Fused optimized P50/general",0,108,3840,2160,1920,1080,0.228608
50,"Fused optimized P50/general",0,109,3840,2160,1920,1080,0.226688
50,"Fused optimized P50/general",0,110,3840,2160,1920,1080,0.227968
50,"Fused optimized P50/general",0,111,3840,2160,1920,1080,0.227968
50,"Fused optimized P50/general",0,112,3840,2160,1920,1080,0.229248
50,"Fused optimized P50/general",0,113,3840,2160,1920,1080,0.227328
50,"Fused optimized P50/general",0,114,3840,2160,1920,1080,0.228224
50,"Fused optimized P50/general",0,115,3840,2160,1920,1080,0.228096
50,"Fused optimized P50/general",0,116,3840,2160,1920,1080,0.228352
50,"Fused optimized P50/general",0,117,3840,2160,1920,1080,0.226944
50,"Fused optimized P50/general",0,118,3840,2160,1920,1080,0.227968
50,"Fused optimized P50/general",0,119,3840,2160,1920,1080,0.228096
50,"Fused optimized P50/general",0,120,3840,2160,1920,1080,0.227968
50,"Fused optimized P50/general",0,121,3840,2160,1920,1080,0.22848
50,"Fused optimized P50/general",0,122,3840,2160,1920,1080,0.226944
50,"Fused optimized P50/general",0,123,3840,2160,1920,1080,0.228224
50,"Fused optimized P50/general",0,124,3840,2160,1920,1080,0.227968
50,"Fused optimized P50/general",0,125,3840,2160,1920,1080,0.228224
50,"Fused optimized P50/general",0,126,3840,2160,1920,1080,0.227712
50,"Fused optimized P50/general",0,127,3840,2160,1920,1080,0.22784
50,"Fused optimized P50/general",0,128,3840,2160,1920,1080,0.22912
50,"Fused optimized P50/general",0,129,3840,2160,1920,1080,0.228096
50,"Fused optimized P50/general",0,130,3840,2160,1920,1080,0.228352
50,"Fused optimized P50/general",0,131,3840,2160,1920,1080,0.227072
50,"Fused optimized P50/general",0,132,3840,2160,1920,1080,0.228096
50,"Fused optimized P50/general",0,133,3840,2160,1920,1080,0.227968
50,"Fused optimized P50/general",0,134,3840,2160,1920,1080,0.228224
50,"Fused optimized P50/general",0,135,3840,2160,1920,1080,0.227328
50,"Fused optimized P50/general",0,136,3840,2160,1920,1080,0.227968
50,"Fused optimized P50/general",0,137,3840,2160,1920,1080,0.228096
50,"Fused optimized P50/general",0,138,3840,2160,1920,1080,0.227968
50,"Fused optimized P50/general",0,139,3840,2160,1920,1080,0.22848
50,"Fused optimized P50/general",0,140,3840,2160,1920,1080,0.226688
50,"Fused optimized P50/general",0,141,3840,2160,1920,1080,0.228352
50,"Fused optimized P50/general",0,142,3840,2160,1920,1080,0.22784
50,"Fused optimized P50/general",0,143,3840,2160,1920,1080,0.228096
50,"Fused optimized P50/general",0,144,3840,2160,1920,1080,0.228224
50,"Fused optimized P50/general",0,145,3840,2160,1920,1080,0.228224
50,"Fused optimized P50/general",0,146,3840,2160,1920,1080,0.227968
50,"Fused optimized P50/general",0,147,3840,2160,1920,1080,0.228352
50,"Fused optimized P50/general",0,148,3840,2160,1920,1080,0.227328
50,"Fused optimized P50/general",0,149,3840,2160,1920,1080,0.228096
50,"Fused optimized P50/general",0,150,3840,2160,1920,1080,0.227968
50,"Fused optimized P50/general",0,151,3840,2160,1920,1080,0.228096
50,"Fused optimized P50/general",0,152,3840,2160,1920,1080,0.228608
50,"Fused optimized P50/general",0,153,3840,2160,1920,1080,0.226816
50,"Fused optimized P50/general",0,154,3840,2160,1920,1080,0.228224
50,"Fused optimized P50/general",0,155,3840,2160,1920,1080,0.227968
50,"Fused optimized P50/general",0,156,3840,2160,1920,1080,0.227968
50,"Fused optimized P50/general",0,157,3840,2160,1920,1080,0.227968
50,"Fused optimized P50/general",0,158,3840,2160,1920,1080,0.227712
50,"Fused optimized P50/general",0,159,3840,2160,1920,1080,0.228096
50,"Fast guided (approximate)",1,0,3840,2160,1920,1080,0.227584
50,"Fast guided (approximate)",1,1,3840,2160,1920,1080,0.227456
50,"Fast guided (approximate)",1,2,3840,2160,1920,1080,0.227584
50,"Fast guided (approximate)",1,3,3840,2160,1920,1080,0.227584
50,"Fast guided (approximate)",1,4,3840,2160,1920,1080,0.228224
50,"Fast guided (approximate)",1,5,3840,2160,1920,1080,0.22592
50,"Fast guided (approximate)",1,6,3840,2160,1920,1080,0.22784
50,"Fast guided (approximate)",1,7,3840,2160,1920,1080,0.227584
50,"Fast guided (approximate)",1,8,3840,2160,1920,1080,0.227456
50,"Fast guided (approximate)",1,9,3840,2160,1920,1080,0.227584
50,"Fast guided (approximate)",1,10,3840,2160,1920,1080,0.226944
50,"Fast guided (approximate)",1,11,3840,2160,1920,1080,0.22784
50,"Fast guided (approximate)",1,12,3840,2160,1920,1080,0.227456
50,"Fast guided (approximate)",1,13,3840,2160,1920,1080,0.22848
50,"Fast guided (approximate)",1,14,3840,2160,1920,1080,0.22592
50,"Fast guided (approximate)",1,15,3840,2160,1920,1080,0.227712
50,"Fast guided (approximate)",1,16,3840,2160,1920,1080,0.227712
50,"Fast guided (approximate)",1,17,3840,2160,1920,1080,0.227968
50,"Fast guided (approximate)",1,18,3840,2160,1920,1080,0.226432
50,"Fast guided (approximate)",1,19,3840,2160,1920,1080,0.227712
50,"Fast guided (approximate)",1,20,3840,2160,1920,1080,0.227456
50,"Fast guided (approximate)",1,21,3840,2160,1920,1080,0.227712
50,"Fast guided (approximate)",1,22,3840,2160,1920,1080,0.2272
50,"Fast guided (approximate)",1,23,3840,2160,1920,1080,0.227584
50,"Fast guided (approximate)",1,24,3840,2160,1920,1080,0.227456
50,"Fast guided (approximate)",1,25,3840,2160,1920,1080,0.227584
50,"Fast guided (approximate)",1,26,3840,2160,1920,1080,0.228352
50,"Fast guided (approximate)",1,27,3840,2160,1920,1080,0.226176
50,"Fast guided (approximate)",1,28,3840,2160,1920,1080,0.22784
50,"Fast guided (approximate)",1,29,3840,2160,1920,1080,0.227328
50,"Fast guided (approximate)",1,30,3840,2160,1920,1080,0.227584
50,"Fast guided (approximate)",1,31,3840,2160,1920,1080,0.227456
50,"Fast guided (approximate)",1,32,3840,2160,1920,1080,0.227968
50,"Fast guided (approximate)",1,33,3840,2160,1920,1080,0.227456
50,"Fast guided (approximate)",1,34,3840,2160,1920,1080,0.228224
50,"Fast guided (approximate)",1,35,3840,2160,1920,1080,0.226176
50,"Fast guided (approximate)",1,36,3840,2160,1920,1080,0.227712
50,"Fast guided (approximate)",1,37,3840,2160,1920,1080,0.227584
50,"Fast guided (approximate)",1,38,3840,2160,1920,1080,0.227456
50,"Fast guided (approximate)",1,39,3840,2160,1920,1080,0.227712
50,"Fast guided (approximate)",1,40,3840,2160,1920,1080,0.226688
50,"Fast guided (approximate)",1,41,3840,2160,1920,1080,0.227712
50,"Fast guided (approximate)",1,42,3840,2160,1920,1080,0.227456
50,"Fast guided (approximate)",1,43,3840,2160,1920,1080,0.22784
50,"Fast guided (approximate)",1,44,3840,2160,1920,1080,0.2272
50,"Fast guided (approximate)",1,45,3840,2160,1920,1080,0.227584
50,"Fast guided (approximate)",1,46,3840,2160,1920,1080,0.227712
50,"Fast guided (approximate)",1,47,3840,2160,1920,1080,0.227584
50,"Fast guided (approximate)",1,48,3840,2160,1920,1080,0.226304
50,"Fast guided (approximate)",1,49,3840,2160,1920,1080,0.227968
50,"Fast guided (approximate)",1,50,3840,2160,1920,1080,0.227328
50,"Fast guided (approximate)",1,51,3840,2160,1920,1080,0.227456
50,"Fast guided (approximate)",1,52,3840,2160,1920,1080,0.227584
50,"Fast guided (approximate)",1,53,3840,2160,1920,1080,0.226944
50,"Fast guided (approximate)",1,54,3840,2160,1920,1080,0.227712
50,"Fast guided (approximate)",1,55,3840,2160,1920,1080,0.227456
50,"Fast guided (approximate)",1,56,3840,2160,1920,1080,0.22848
50,"Fast guided (approximate)",1,57,3840,2160,1920,1080,0.22592
50,"Fast guided (approximate)",1,58,3840,2160,1920,1080,0.227712
50,"Fast guided (approximate)",1,59,3840,2160,1920,1080,0.227456
50,"Fast guided (approximate)",1,60,3840,2160,1920,1080,0.227584
50,"Fast guided (approximate)",1,61,3840,2160,1920,1080,0.22784
50,"Fast guided (approximate)",1,62,3840,2160,1920,1080,0.22656
50,"Fast guided (approximate)",1,63,3840,2160,1920,1080,0.227712
50,"Fast guided (approximate)",1,64,3840,2160,1920,1080,0.228736
50,"Fast guided (approximate)",1,65,3840,2160,1920,1080,0.226048
50,"Fast guided (approximate)",1,66,3840,2160,1920,1080,0.22784
50,"Fast guided (approximate)",1,67,3840,2160,1920,1080,0.227712
50,"Fast guided (approximate)",1,68,3840,2160,1920,1080,0.227584
50,"Fast guided (approximate)",1,69,3840,2160,1920,1080,0.22784
50,"Fast guided (approximate)",1,70,3840,2160,1920,1080,0.226688
50,"Fast guided (approximate)",1,71,3840,2160,1920,1080,0.227712
50,"Fast guided (approximate)",1,72,3840,2160,1920,1080,0.227456
50,"Fast guided (approximate)",1,73,3840,2160,1920,1080,0.227584
50,"Fast guided (approximate)",1,74,3840,2160,1920,1080,0.226944
50,"Fast guided (approximate)",1,75,3840,2160,1920,1080,0.227456
50,"Fast guided (approximate)",1,76,3840,2160,1920,1080,0.227584
50,"Fast guided (approximate)",1,77,3840,2160,1920,1080,0.22784
50,"Fast guided (approximate)",1,78,3840,2160,1920,1080,0.228096
50,"Fast guided (approximate)",1,79,3840,2160,1920,1080,0.226432
50,"Fast guided (approximate)",1,80,3840,2160,1920,1080,0.22784
50,"Fast guided (approximate)",1,81,3840,2160,1920,1080,0.227712
50,"Fast guided (approximate)",1,82,3840,2160,1920,1080,0.227584
50,"Fast guided (approximate)",1,83,3840,2160,1920,1080,0.226944
50,"Fast guided (approximate)",1,84,3840,2160,1920,1080,0.227584
50,"Fast guided (approximate)",1,85,3840,2160,1920,1080,0.227456
50,"Fast guided (approximate)",1,86,3840,2160,1920,1080,0.228224
50,"Fast guided (approximate)",1,87,3840,2160,1920,1080,0.226176
50,"Fast guided (approximate)",1,88,3840,2160,1920,1080,0.22784
50,"Fast guided (approximate)",1,89,3840,2160,1920,1080,0.227712
50,"Fast guided (approximate)",1,90,3840,2160,1920,1080,0.254464
50,"Fast guided (approximate)",1,91,3840,2160,1920,1080,0.227584
50,"Fast guided (approximate)",1,92,3840,2160,1920,1080,0.226944
50,"Fast guided (approximate)",1,93,3840,2160,1920,1080,0.22784
50,"Fast guided (approximate)",1,94,3840,2160,1920,1080,0.227456
50,"Fast guided (approximate)",1,95,3840,2160,1920,1080,0.228224
50,"Fast guided (approximate)",1,96,3840,2160,1920,1080,0.2272
50,"Fast guided (approximate)",1,97,3840,2160,1920,1080,0.22784
50,"Fast guided (approximate)",1,98,3840,2160,1920,1080,0.227584
50,"Fast guided (approximate)",1,99,3840,2160,1920,1080,0.228224
50,"Fast guided (approximate)",1,100,3840,2160,1920,1080,0.226432
50,"Fast guided (approximate)",1,101,3840,2160,1920,1080,0.227584
50,"Fast guided (approximate)",1,102,3840,2160,1920,1080,0.227456
50,"Fast guided (approximate)",1,103,3840,2160,1920,1080,0.227712
50,"Fast guided (approximate)",1,104,3840,2160,1920,1080,0.22784
50,"Fast guided (approximate)",1,105,3840,2160,1920,1080,0.226688
50,"Fast guided (approximate)",1,106,3840,2160,1920,1080,0.227712
50,"Fast guided (approximate)",1,107,3840,2160,1920,1080,0.227584
50,"Fast guided (approximate)",1,108,3840,2160,1920,1080,0.227456
50,"Fast guided (approximate)",1,109,3840,2160,1920,1080,0.2272
50,"Fast guided (approximate)",1,110,3840,2160,1920,1080,0.227328
50,"Fast guided (approximate)",1,111,3840,2160,1920,1080,0.227584
50,"Fast guided (approximate)",1,112,3840,2160,1920,1080,0.228864
50,"Fast guided (approximate)",1,113,3840,2160,1920,1080,0.22592
50,"Fast guided (approximate)",1,114,3840,2160,1920,1080,0.22784
50,"Fast guided (approximate)",1,115,3840,2160,1920,1080,0.227712
50,"Fast guided (approximate)",1,116,3840,2160,1920,1080,0.227712
50,"Fast guided (approximate)",1,117,3840,2160,1920,1080,0.227712
50,"Fast guided (approximate)",1,118,3840,2160,1920,1080,0.226816
50,"Fast guided (approximate)",1,119,3840,2160,1920,1080,0.227712
50,"Fast guided (approximate)",1,120,3840,2160,1920,1080,0.227456
50,"Fast guided (approximate)",1,121,3840,2160,1920,1080,0.22784
50,"Fast guided (approximate)",1,122,3840,2160,1920,1080,0.22656
50,"Fast guided (approximate)",1,123,3840,2160,1920,1080,0.227584
50,"Fast guided (approximate)",1,124,3840,2160,1920,1080,0.227456
50,"Fast guided (approximate)",1,125,3840,2160,1920,1080,0.227584
50,"Fast guided (approximate)",1,126,3840,2160,1920,1080,0.227968
50,"Fast guided (approximate)",1,127,3840,2160,1920,1080,0.226432
50,"Fast guided (approximate)",1,128,3840,2160,1920,1080,0.227968
50,"Fast guided (approximate)",1,129,3840,2160,1920,1080,0.227584
50,"Fast guided (approximate)",1,130,3840,2160,1920,1080,0.22784
50,"Fast guided (approximate)",1,131,3840,2160,1920,1080,0.226816
50,"Fast guided (approximate)",1,132,3840,2160,1920,1080,0.227584
50,"Fast guided (approximate)",1,133,3840,2160,1920,1080,0.227456
50,"Fast guided (approximate)",1,134,3840,2160,1920,1080,0.227968
50,"Fast guided (approximate)",1,135,3840,2160,1920,1080,0.227968
50,"Fast guided (approximate)",1,136,3840,2160,1920,1080,0.226304
50,"Fast guided (approximate)",1,137,3840,2160,1920,1080,0.227712
50,"Fast guided (approximate)",1,138,3840,2160,1920,1080,0.227456
50,"Fast guided (approximate)",1,139,3840,2160,1920,1080,0.227584
50,"Fast guided (approximate)",1,140,3840,2160,1920,1080,0.227456
50,"Fast guided (approximate)",1,141,3840,2160,1920,1080,0.2272
50,"Fast guided (approximate)",1,142,3840,2160,1920,1080,0.318464
50,"Fast guided (approximate)",1,143,3840,2160,1920,1080,0.227584
50,"Fast guided (approximate)",1,144,3840,2160,1920,1080,0.227712
50,"Fast guided (approximate)",1,145,3840,2160,1920,1080,0.228224
50,"Fast guided (approximate)",1,146,3840,2160,1920,1080,0.2272
50,"Fast guided (approximate)",1,147,3840,2160,1920,1080,0.227456
50,"Fast guided (approximate)",1,148,3840,2160,1920,1080,0.227968
50,"Fast guided (approximate)",1,149,3840,2160,1920,1080,0.225792
50,"Fast guided (approximate)",1,150,3840,2160,1920,1080,0.228992
50,"Fast guided (approximate)",1,151,3840,2160,1920,1080,0.227072
50,"Fast guided (approximate)",1,152,3840,2160,1920,1080,0.227968
50,"Fast guided (approximate)",1,153,3840,2160,1920,1080,0.226688
50,"Fast guided (approximate)",1,154,3840,2160,1920,1080,0.227584
50,"Fast guided (approximate)",1,155,3840,2160,1920,1080,0.2272
50,"Fast guided (approximate)",1,156,3840,2160,1920,1080,0.227328
50,"Fast guided (approximate)",1,157,3840,2160,1920,1080,0.228352
50,"Fast guided (approximate)",1,158,3840,2160,1920,1080,0.22592
50,"Fast guided (approximate)",1,159,3840,2160,1920,1080,0.228864
50,"Fast guided (approximate)",2,0,3840,2160,1920,1080,0.226176
50,"Fast guided (approximate)",2,1,3840,2160,1920,1080,0.228992
50,"Fast guided (approximate)",2,2,3840,2160,1920,1080,0.226816
50,"Fast guided (approximate)",2,3,3840,2160,1920,1080,0.227712
50,"Fast guided (approximate)",2,4,3840,2160,1920,1080,0.227072
50,"Fast guided (approximate)",2,5,3840,2160,1920,1080,0.227456
50,"Fast guided (approximate)",2,6,3840,2160,1920,1080,0.227712
50,"Fast guided (approximate)",2,7,3840,2160,1920,1080,0.227584
50,"Fast guided (approximate)",2,8,3840,2160,1920,1080,0.228096
50,"Fast guided (approximate)",2,9,3840,2160,1920,1080,0.225792
50,"Fast guided (approximate)",2,10,3840,2160,1920,1080,0.228992
50,"Fast guided (approximate)",2,11,3840,2160,1920,1080,0.226688
50,"Fast guided (approximate)",2,12,3840,2160,1920,1080,0.227456
50,"Fast guided (approximate)",2,13,3840,2160,1920,1080,0.227584
50,"Fast guided (approximate)",2,14,3840,2160,1920,1080,0.226432
50,"Fast guided (approximate)",2,15,3840,2160,1920,1080,0.22848
50,"Fast guided (approximate)",2,16,3840,2160,1920,1080,0.22912
50,"Fast guided (approximate)",2,17,3840,2160,1920,1080,0.226048
50,"Fast guided (approximate)",2,18,3840,2160,1920,1080,0.228352
50,"Fast guided (approximate)",2,19,3840,2160,1920,1080,0.226816
50,"Fast guided (approximate)",2,20,3840,2160,1920,1080,0.227456
50,"Fast guided (approximate)",2,21,3840,2160,1920,1080,0.227968
50,"Fast guided (approximate)",2,22,3840,2160,1920,1080,0.22592
50,"Fast guided (approximate)",2,23,3840,2160,1920,1080,0.228992
50,"Fast guided (approximate)",2,24,3840,2160,1920,1080,0.226944
50,"Fast guided (approximate)",2,25,3840,2160,1920,1080,0.227712
50,"Fast guided (approximate)",2,26,3840,2160,1920,1080,0.226944
50,"Fast guided (approximate)",2,27,3840,2160,1920,1080,0.227456
50,"Fast guided (approximate)",2,28,3840,2160,1920,1080,0.227456
50,"Fast guided (approximate)",2,29,3840,2160,1920,1080,0.227456
50,"Fast guided (approximate)",2,30,3840,2160,1920,1080,0.228352
50,"Fast guided (approximate)",2,31,3840,2160,1920,1080,0.22592
50,"Fast guided (approximate)",2,32,3840,2160,1920,1080,0.22656
50,"Fast guided (approximate)",2,33,3840,2160,1920,1080,0.227456
50,"Fast guided (approximate)",2,34,3840,2160,1920,1080,0.227584
50,"Fast guided (approximate)",2,35,3840,2160,1920,1080,0.225792
50,"Fast guided (approximate)",2,36,3840,2160,1920,1080,0.228992
50,"Fast guided (approximate)",2,37,3840,2160,1920,1080,0.226944
50,"Fast guided (approximate)",2,38,3840,2160,1920,1080,0.22848
50,"Fast guided (approximate)",2,39,3840,2160,1920,1080,0.226048
50,"Fast guided (approximate)",2,40,3840,2160,1920,1080,0.228352
50,"Fast guided (approximate)",2,41,3840,2160,1920,1080,0.226688
50,"Fast guided (approximate)",2,42,3840,2160,1920,1080,0.227584
50,"Fast guided (approximate)",2,43,3840,2160,1920,1080,0.228096
50,"Fast guided (approximate)",2,44,3840,2160,1920,1080,0.225792
50,"Fast guided (approximate)",2,45,3840,2160,1920,1080,0.22912
50,"Fast guided (approximate)",2,46,3840,2160,1920,1080,0.226944
50,"Fast guided (approximate)",2,47,3840,2160,1920,1080,0.227584
50,"Fast guided (approximate)",2,48,3840,2160,1920,1080,0.22656
50,"Fast guided (approximate)",2,49,3840,2160,1920,1080,0.228096
50,"Fast guided (approximate)",2,50,3840,2160,1920,1080,0.226944
50,"Fast guided (approximate)",2,51,3840,2160,1920,1080,0.227456
50,"Fast guided (approximate)",2,52,3840,2160,1920,1080,0.227968
50,"Fast guided (approximate)",2,53,3840,2160,1920,1080,0.22592
50,"Fast guided (approximate)",2,54,3840,2160,1920,1080,0.228992
50,"Fast guided (approximate)",2,55,3840,2160,1920,1080,0.226688
50,"Fast guided (approximate)",2,56,3840,2160,1920,1080,0.227584
50,"Fast guided (approximate)",2,57,3840,2160,1920,1080,0.227328
50,"Fast guided (approximate)",2,58,3840,2160,1920,1080,0.2272
50,"Fast guided (approximate)",2,59,3840,2160,1920,1080,0.227456
50,"Fast guided (approximate)",2,60,3840,2160,1920,1080,0.2272
50,"Fast guided (approximate)",2,61,3840,2160,1920,1080,0.228352
50,"Fast guided (approximate)",2,62,3840,2160,1920,1080,0.225792
50,"Fast guided (approximate)",2,63,3840,2160,1920,1080,0.228864
50,"Fast guided (approximate)",2,64,3840,2160,1920,1080,0.2272
50,"Fast guided (approximate)",2,65,3840,2160,1920,1080,0.227968
50,"Fast guided (approximate)",2,66,3840,2160,1920,1080,0.226816
50,"Fast guided (approximate)",2,67,3840,2160,1920,1080,0.227584
50,"Fast guided (approximate)",2,68,3840,2160,1920,1080,0.227328
50,"Fast guided (approximate)",2,69,3840,2160,1920,1080,0.227328
50,"Fast guided (approximate)",2,70,3840,2160,1920,1080,0.228096
50,"Fast guided (approximate)",2,71,3840,2160,1920,1080,0.225792
50,"Fast guided (approximate)",2,72,3840,2160,1920,1080,0.228992
50,"Fast guided (approximate)",2,73,3840,2160,1920,1080,0.226688
50,"Fast guided (approximate)",2,74,3840,2160,1920,1080,0.227584
50,"Fast guided (approximate)",2,75,3840,2160,1920,1080,0.227456
50,"Fast guided (approximate)",2,76,3840,2160,1920,1080,0.22656
50,"Fast guided (approximate)",2,77,3840,2160,1920,1080,0.228096
50,"Fast guided (approximate)",2,78,3840,2160,1920,1080,0.2272
50,"Fast guided (approximate)",2,79,3840,2160,1920,1080,0.228352
50,"Fast guided (approximate)",2,80,3840,2160,1920,1080,0.228096
50,"Fast guided (approximate)",2,81,3840,2160,1920,1080,0.227072
50,"Fast guided (approximate)",2,82,3840,2160,1920,1080,0.227328
50,"Fast guided (approximate)",2,83,3840,2160,1920,1080,0.228224
50,"Fast guided (approximate)",2,84,3840,2160,1920,1080,0.225792
50,"Fast guided (approximate)",2,85,3840,2160,1920,1080,0.228992
50,"Fast guided (approximate)",2,86,3840,2160,1920,1080,0.226688
50,"Fast guided (approximate)",2,87,3840,2160,1920,1080,0.227456
50,"Fast guided (approximate)",2,88,3840,2160,1920,1080,0.227456
50,"Fast guided (approximate)",2,89,3840,2160,1920,1080,0.226688
50,"Fast guided (approximate)",2,90,3840,2160,1920,1080,0.22848
50,"Fast guided (approximate)",2,91,3840,2160,1920,1080,0.2272
50,"Fast guided (approximate)",2,92,3840,2160,1920,1080,0.228608
50,"Fast guided (approximate)",2,93,3840,2160,1920,1080,0.225792
50,"Fast guided (approximate)",2,94,3840,2160,1920,1080,0.228736
50,"Fast guided (approximate)",2,95,3840,2160,1920,1080,0.22656
50,"Fast guided (approximate)",2,96,3840,2160,1920,1080,0.227968
50,"Fast guided (approximate)",2,97,3840,2160,1920,1080,0.226944
50,"Fast guided (approximate)",2,98,3840,2160,1920,1080,0.227328
50,"Fast guided (approximate)",2,99,3840,2160,1920,1080,0.227456
50,"Fast guided (approximate)",2,100,3840,2160,1920,1080,0.2272
50,"Fast guided (approximate)",2,101,3840,2160,1920,1080,0.228352
50,"Fast guided (approximate)",2,102,3840,2160,1920,1080,0.22592
50,"Fast guided (approximate)",2,103,3840,2160,1920,1080,0.228864
50,"Fast guided (approximate)",2,104,3840,2160,1920,1080,0.226816
50,"Fast guided (approximate)",2,105,3840,2160,1920,1080,0.227456
50,"Fast guided (approximate)",2,106,3840,2160,1920,1080,0.227456
50,"Fast guided (approximate)",2,107,3840,2160,1920,1080,0.226304
50,"Fast guided (approximate)",2,108,3840,2160,1920,1080,0.22848
50,"Fast guided (approximate)",2,109,3840,2160,1920,1080,0.227072
50,"Fast guided (approximate)",2,110,3840,2160,1920,1080,0.22848
50,"Fast guided (approximate)",2,111,3840,2160,1920,1080,0.225664
50,"Fast guided (approximate)",2,112,3840,2160,1920,1080,0.229248
50,"Fast guided (approximate)",2,113,3840,2160,1920,1080,0.226944
50,"Fast guided (approximate)",2,114,3840,2160,1920,1080,0.228224
50,"Fast guided (approximate)",2,115,3840,2160,1920,1080,0.226304
50,"Fast guided (approximate)",2,116,3840,2160,1920,1080,0.228096
50,"Fast guided (approximate)",2,117,3840,2160,1920,1080,0.227072
50,"Fast guided (approximate)",2,118,3840,2160,1920,1080,0.227328
50,"Fast guided (approximate)",2,119,3840,2160,1920,1080,0.228096
50,"Fast guided (approximate)",2,120,3840,2160,1920,1080,0.225664
50,"Fast guided (approximate)",2,121,3840,2160,1920,1080,0.228736
50,"Fast guided (approximate)",2,122,3840,2160,1920,1080,0.226688
50,"Fast guided (approximate)",2,123,3840,2160,1920,1080,0.227584
50,"Fast guided (approximate)",2,124,3840,2160,1920,1080,0.227328
50,"Fast guided (approximate)",2,125,3840,2160,1920,1080,0.226944
50,"Fast guided (approximate)",2,126,3840,2160,1920,1080,0.227712
50,"Fast guided (approximate)",2,127,3840,2160,1920,1080,0.227456
50,"Fast guided (approximate)",2,128,3840,2160,1920,1080,0.228352
50,"Fast guided (approximate)",2,129,3840,2160,1920,1080,0.22592
50,"Fast guided (approximate)",2,130,3840,2160,1920,1080,0.228864
50,"Fast guided (approximate)",2,131,3840,2160,1920,1080,0.226944
50,"Fast guided (approximate)",2,132,3840,2160,1920,1080,0.227968
50,"Fast guided (approximate)",2,133,3840,2160,1920,1080,0.226816
50,"Fast guided (approximate)",2,134,3840,2160,1920,1080,0.227712
50,"Fast guided (approximate)",2,135,3840,2160,1920,1080,0.2272
50,"Fast guided (approximate)",2,136,3840,2160,1920,1080,0.227328
50,"Fast guided (approximate)",2,137,3840,2160,1920,1080,0.22784
50,"Fast guided (approximate)",2,138,3840,2160,1920,1080,0.22592
50,"Fast guided (approximate)",2,139,3840,2160,1920,1080,0.228992
50,"Fast guided (approximate)",2,140,3840,2160,1920,1080,0.226816
50,"Fast guided (approximate)",2,141,3840,2160,1920,1080,0.227328
50,"Fast guided (approximate)",2,142,3840,2160,1920,1080,0.227456
50,"Fast guided (approximate)",2,143,3840,2160,1920,1080,0.226688
50,"Fast guided (approximate)",2,144,3840,2160,1920,1080,0.227712
50,"Fast guided (approximate)",2,145,3840,2160,1920,1080,0.22784
50,"Fast guided (approximate)",2,146,3840,2160,1920,1080,0.225792
50,"Fast guided (approximate)",2,147,3840,2160,1920,1080,0.228864
50,"Fast guided (approximate)",2,148,3840,2160,1920,1080,0.227072
50,"Fast guided (approximate)",2,149,3840,2160,1920,1080,0.227968
50,"Fast guided (approximate)",2,150,3840,2160,1920,1080,0.22656
50,"Fast guided (approximate)",2,151,3840,2160,1920,1080,0.227712
50,"Fast guided (approximate)",2,152,3840,2160,1920,1080,0.227328
50,"Fast guided (approximate)",2,153,3840,2160,1920,1080,0.227456
50,"Fast guided (approximate)",2,154,3840,2160,1920,1080,0.228224
50,"Fast guided (approximate)",2,155,3840,2160,1920,1080,0.225664
50,"Fast guided (approximate)",2,156,3840,2160,1920,1080,0.228864
50,"Fast guided (approximate)",2,157,3840,2160,1920,1080,0.226816
50,"Fast guided (approximate)",2,158,3840,2160,1920,1080,0.227712
50,"Fast guided (approximate)",2,159,3840,2160,1920,1080,0.227584
50,"Fused optimized P50/general",3,0,3840,2160,1920,1080,0.229248
50,"Fused optimized P50/general",3,1,3840,2160,1920,1080,0.227456
50,"Fused optimized P50/general",3,2,3840,2160,1920,1080,0.228736
50,"Fused optimized P50/general",3,3,3840,2160,1920,1080,0.227968
50,"Fused optimized P50/general",3,4,3840,2160,1920,1080,0.228992
50,"Fused optimized P50/general",3,5,3840,2160,1920,1080,0.226432
50,"Fused optimized P50/general",3,6,3840,2160,1920,1080,0.229632
50,"Fused optimized P50/general",3,7,3840,2160,1920,1080,0.227072
50,"Fused optimized P50/general",3,8,3840,2160,1920,1080,0.228096
50,"Fused optimized P50/general",3,9,3840,2160,1920,1080,0.228352
50,"Fused optimized P50/general",3,10,3840,2160,1920,1080,0.226688
50,"Fused optimized P50/general",3,11,3840,2160,1920,1080,0.229632
50,"Fused optimized P50/general",3,12,3840,2160,1920,1080,0.227712
50,"Fused optimized P50/general",3,13,3840,2160,1920,1080,0.229248
50,"Fused optimized P50/general",3,14,3840,2160,1920,1080,0.226688
50,"Fused optimized P50/general",3,15,3840,2160,1920,1080,0.22912
50,"Fused optimized P50/general",3,16,3840,2160,1920,1080,0.22912
50,"Fused optimized P50/general",3,17,3840,2160,1920,1080,0.22848
50,"Fused optimized P50/general",3,18,3840,2160,1920,1080,0.226432
50,"Fused optimized P50/general",3,19,3840,2160,1920,1080,0.229632
50,"Fused optimized P50/general",3,20,3840,2160,1920,1080,0.227712
50,"Fused optimized P50/general",3,21,3840,2160,1920,1080,0.228864
50,"Fused optimized P50/general",3,22,3840,2160,1920,1080,0.226816
50,"Fused optimized P50/general",3,23,3840,2160,1920,1080,0.228864
50,"Fused optimized P50/general",3,24,3840,2160,1920,1080,0.227456
50,"Fused optimized P50/general",3,25,3840,2160,1920,1080,0.227968
50,"Fused optimized P50/general",3,26,3840,2160,1920,1080,0.228736
50,"Fused optimized P50/general",3,27,3840,2160,1920,1080,0.226304
50,"Fused optimized P50/general",3,28,3840,2160,1920,1080,0.229632
50,"Fused optimized P50/general",3,29,3840,2160,1920,1080,0.227328
50,"Fused optimized P50/general",3,30,3840,2160,1920,1080,0.228224
50,"Fused optimized P50/general",3,31,3840,2160,1920,1080,0.227712
50,"Fused optimized P50/general",3,32,3840,2160,1920,1080,0.228608
50,"Fused optimized P50/general",3,33,3840,2160,1920,1080,0.228352
50,"Fused optimized P50/general",3,34,3840,2160,1920,1080,0.227968
50,"Fused optimized P50/general",3,35,3840,2160,1920,1080,0.227712
50,"Fused optimized P50/general",3,36,3840,2160,1920,1080,0.228608
50,"Fused optimized P50/general",3,37,3840,2160,1920,1080,0.228224
50,"Fused optimized P50/general",3,38,3840,2160,1920,1080,0.22912
50,"Fused optimized P50/general",3,39,3840,2160,1920,1080,0.22656
50,"Fused optimized P50/general",3,40,3840,2160,1920,1080,0.229632
50,"Fused optimized P50/general",3,41,3840,2160,1920,1080,0.227072
50,"Fused optimized P50/general",3,42,3840,2160,1920,1080,0.228224
50,"Fused optimized P50/general",3,43,3840,2160,1920,1080,0.228224
50,"Fused optimized P50/general",3,44,3840,2160,1920,1080,0.226816
50,"Fused optimized P50/general",3,45,3840,2160,1920,1080,0.229376
50,"Fused optimized P50/general",3,46,3840,2160,1920,1080,0.227712
50,"Fused optimized P50/general",3,47,3840,2160,1920,1080,0.229248
50,"Fused optimized P50/general",3,48,3840,2160,1920,1080,0.230912
50,"Fused optimized P50/general",3,49,3840,2160,1920,1080,0.227456
50,"Fused optimized P50/general",3,50,3840,2160,1920,1080,0.228608
50,"Fused optimized P50/general",3,51,3840,2160,1920,1080,0.227584
50,"Fused optimized P50/general",3,52,3840,2160,1920,1080,0.228096
50,"Fused optimized P50/general",3,53,3840,2160,1920,1080,0.228224
50,"Fused optimized P50/general",3,54,3840,2160,1920,1080,0.228352
50,"Fused optimized P50/general",3,55,3840,2160,1920,1080,0.228992
50,"Fused optimized P50/general",3,56,3840,2160,1920,1080,0.226432
50,"Fused optimized P50/general",3,57,3840,2160,1920,1080,0.229888
50,"Fused optimized P50/general",3,58,3840,2160,1920,1080,0.227456
50,"Fused optimized P50/general",3,59,3840,2160,1920,1080,0.228352
50,"Fused optimized P50/general",3,60,3840,2160,1920,1080,0.228224
50,"Fused optimized P50/general",3,61,3840,2160,1920,1080,0.227328
50,"Fused optimized P50/general",3,62,3840,2160,1920,1080,0.228992
50,"Fused optimized P50/general",3,63,3840,2160,1920,1080,0.22784
50,"Fused optimized P50/general",3,64,3840,2160,1920,1080,0.227456
50,"Fused optimized P50/general",3,65,3840,2160,1920,1080,0.229632
50,"Fused optimized P50/general",3,66,3840,2160,1920,1080,0.227456
50,"Fused optimized P50/general",3,67,3840,2160,1920,1080,0.228864
50,"Fused optimized P50/general",3,68,3840,2160,1920,1080,0.227328
50,"Fused optimized P50/general",3,69,3840,2160,1920,1080,0.22848
50,"Fused optimized P50/general",3,70,3840,2160,1920,1080,0.22784
50,"Fused optimized P50/general",3,71,3840,2160,1920,1080,0.228224
50,"Fused optimized P50/general",3,72,3840,2160,1920,1080,0.228864
50,"Fused optimized P50/general",3,73,3840,2160,1920,1080,0.226304
50,"Fused optimized P50/general",3,74,3840,2160,1920,1080,0.229504
50,"Fused optimized P50/general",3,75,3840,2160,1920,1080,0.227328
50,"Fused optimized P50/general",3,76,3840,2160,1920,1080,0.228096
50,"Fused optimized P50/general",3,77,3840,2160,1920,1080,0.227968
50,"Fused optimized P50/general",3,78,3840,2160,1920,1080,0.227328
50,"Fused optimized P50/general",3,79,3840,2160,1920,1080,0.228736
50,"Fused optimized P50/general",3,80,3840,2160,1920,1080,0.2304
50,"Fused optimized P50/general",3,81,3840,2160,1920,1080,0.226432
50,"Fused optimized P50/general",3,82,3840,2160,1920,1080,0.229504
50,"Fused optimized P50/general",3,83,3840,2160,1920,1080,0.227072
50,"Fused optimized P50/general",3,84,3840,2160,1920,1080,0.228352
50,"Fused optimized P50/general",3,85,3840,2160,1920,1080,0.22848
50,"Fused optimized P50/general",3,86,3840,2160,1920,1080,0.226304
50,"Fused optimized P50/general",3,87,3840,2160,1920,1080,0.22976
50,"Fused optimized P50/general",3,88,3840,2160,1920,1080,0.22784
50,"Fused optimized P50/general",3,89,3840,2160,1920,1080,0.228992
50,"Fused optimized P50/general",3,90,3840,2160,1920,1080,0.226944
50,"Fused optimized P50/general",3,91,3840,2160,1920,1080,0.228992
50,"Fused optimized P50/general",3,92,3840,2160,1920,1080,0.227584
50,"Fused optimized P50/general",3,93,3840,2160,1920,1080,0.228096
50,"Fused optimized P50/general",3,94,3840,2160,1920,1080,0.228736
50,"Fused optimized P50/general",3,95,3840,2160,1920,1080,0.226432
50,"Fused optimized P50/general",3,96,3840,2160,1920,1080,0.229248
50,"Fused optimized P50/general",3,97,3840,2160,1920,1080,0.228864
50,"Fused optimized P50/general",3,98,3840,2160,1920,1080,0.226304
50,"Fused optimized P50/general",3,99,3840,2160,1920,1080,0.229632
50,"Fused optimized P50/general",3,100,3840,2160,1920,1080,0.227328
50,"Fused optimized P50/general",3,101,3840,2160,1920,1080,0.228224
50,"Fused optimized P50/general",3,102,3840,2160,1920,1080,0.227968
50,"Fused optimized P50/general",3,103,3840,2160,1920,1080,0.2272
50,"Fused optimized P50/general",3,104,3840,2160,1920,1080,0.228736
50,"Fused optimized P50/general",3,105,3840,2160,1920,1080,0.227712
50,"Fused optimized P50/general",3,106,3840,2160,1920,1080,0.228992
50,"Fused optimized P50/general",3,107,3840,2160,1920,1080,0.226304
50,"Fused optimized P50/general",3,108,3840,2160,1920,1080,0.229504
50,"Fused optimized P50/general",3,109,3840,2160,1920,1080,0.227072
50,"Fused optimized P50/general",3,110,3840,2160,1920,1080,0.227968
50,"Fused optimized P50/general",3,111,3840,2160,1920,1080,0.22848
50,"Fused optimized P50/general",3,112,3840,2160,1920,1080,0.229888
50,"Fused optimized P50/general",3,113,3840,2160,1920,1080,0.227712
50,"Fused optimized P50/general",3,114,3840,2160,1920,1080,0.22912
50,"Fused optimized P50/general",3,115,3840,2160,1920,1080,0.256256
50,"Fused optimized P50/general",3,116,3840,2160,1920,1080,0.22976
50,"Fused optimized P50/general",3,117,3840,2160,1920,1080,0.2272
50,"Fused optimized P50/general",3,118,3840,2160,1920,1080,0.228224
50,"Fused optimized P50/general",3,119,3840,2160,1920,1080,0.228096
50,"Fused optimized P50/general",3,120,3840,2160,1920,1080,0.227328
50,"Fused optimized P50/general",3,121,3840,2160,1920,1080,0.228864
50,"Fused optimized P50/general",3,122,3840,2160,1920,1080,0.227968
50,"Fused optimized P50/general",3,123,3840,2160,1920,1080,0.22912
50,"Fused optimized P50/general",3,124,3840,2160,1920,1080,0.226176
50,"Fused optimized P50/general",3,125,3840,2160,1920,1080,0.229376
50,"Fused optimized P50/general",3,126,3840,2160,1920,1080,0.226944
50,"Fused optimized P50/general",3,127,3840,2160,1920,1080,0.227968
50,"Fused optimized P50/general",3,128,3840,2160,1920,1080,0.227328
50,"Fused optimized P50/general",3,129,3840,2160,1920,1080,0.229632
50,"Fused optimized P50/general",3,130,3840,2160,1920,1080,0.227328
50,"Fused optimized P50/general",3,131,3840,2160,1920,1080,0.228224
50,"Fused optimized P50/general",3,132,3840,2160,1920,1080,0.227712
50,"Fused optimized P50/general",3,133,3840,2160,1920,1080,0.227584
50,"Fused optimized P50/general",3,134,3840,2160,1920,1080,0.228224
50,"Fused optimized P50/general",3,135,3840,2160,1920,1080,0.22784
50,"Fused optimized P50/general",3,136,3840,2160,1920,1080,0.228864
50,"Fused optimized P50/general",3,137,3840,2160,1920,1080,0.226432
50,"Fused optimized P50/general",3,138,3840,2160,1920,1080,0.229504
50,"Fused optimized P50/general",3,139,3840,2160,1920,1080,0.2272
50,"Fused optimized P50/general",3,140,3840,2160,1920,1080,0.228096
50,"Fused optimized P50/general",3,141,3840,2160,1920,1080,0.228224
50,"Fused optimized P50/general",3,142,3840,2160,1920,1080,0.226944
50,"Fused optimized P50/general",3,143,3840,2160,1920,1080,0.229248
50,"Fused optimized P50/general",3,144,3840,2160,1920,1080,0.229248
50,"Fused optimized P50/general",3,145,3840,2160,1920,1080,0.228224
50,"Fused optimized P50/general",3,146,3840,2160,1920,1080,0.226688
50,"Fused optimized P50/general",3,147,3840,2160,1920,1080,0.229632
50,"Fused optimized P50/general",3,148,3840,2160,1920,1080,0.227584
50,"Fused optimized P50/general",3,149,3840,2160,1920,1080,0.229376
50,"Fused optimized P50/general",3,150,3840,2160,1920,1080,0.226432
50,"Fused optimized P50/general",3,151,3840,2160,1920,1080,0.229376
50,"Fused optimized P50/general",3,152,3840,2160,1920,1080,0.227328
50,"Fused optimized P50/general",3,153,3840,2160,1920,1080,0.228352
50,"Fused optimized P50/general",3,154,3840,2160,1920,1080,0.228608
50,"Fused optimized P50/general",3,155,3840,2160,1920,1080,0.22656
50,"Fused optimized P50/general",3,156,3840,2160,1920,1080,0.229632
50,"Fused optimized P50/general",3,157,3840,2160,1920,1080,0.227584
50,"Fused optimized P50/general",3,158,3840,2160,1920,1080,0.228608
50,"Fused optimized P50/general",3,159,3840,2160,1920,1080,0.2272
59,"Fused RGB20",0,0,3840,2160,2266,1274,0.3488
59,"Fused RGB20",0,1,3840,2160,2266,1274,0.348288
59,"Fused RGB20",0,2,3840,2160,2266,1274,0.345728
59,"Fused RGB20",0,3,3840,2160,2266,1274,0.343552
59,"Fused RGB20",0,4,3840,2160,2266,1274,0.343424
59,"Fused RGB20",0,5,3840,2160,2266,1274,0.343424
59,"Fused RGB20",0,6,3840,2160,2266,1274,0.343552
59,"Fused RGB20",0,7,3840,2160,2266,1274,0.343552
59,"Fused RGB20",0,8,3840,2160,2266,1274,0.343296
59,"Fused RGB20",0,9,3840,2160,2266,1274,0.34432
59,"Fused RGB20",0,10,3840,2160,2266,1274,0.345856
59,"Fused RGB20",0,11,3840,2160,2266,1274,0.345728
59,"Fused RGB20",0,12,3840,2160,2266,1274,0.345984
59,"Fused RGB20",0,13,3840,2160,2266,1274,0.345984
59,"Fused RGB20",0,14,3840,2160,2266,1274,0.345728
59,"Fused RGB20",0,15,3840,2160,2266,1274,0.345856
59,"Fused RGB20",0,16,3840,2160,2266,1274,0.346752
59,"Fused RGB20",0,17,3840,2160,2266,1274,0.349952
59,"Fused RGB20",0,18,3840,2160,2266,1274,0.350592
59,"Fused RGB20",0,19,3840,2160,2266,1274,0.350464
59,"Fused RGB20",0,20,3840,2160,2266,1274,0.350592
59,"Fused RGB20",0,21,3840,2160,2266,1274,0.350464
59,"Fused RGB20",0,22,3840,2160,2266,1274,0.350592
59,"Fused RGB20",0,23,3840,2160,2266,1274,0.348032
59,"Fused RGB20",0,24,3840,2160,2266,1274,0.345856
59,"Fused RGB20",0,25,3840,2160,2266,1274,0.345856
59,"Fused RGB20",0,26,3840,2160,2266,1274,0.346368
59,"Fused RGB20",0,27,3840,2160,2266,1274,0.345856
59,"Fused RGB20",0,28,3840,2160,2266,1274,0.345856
59,"Fused RGB20",0,29,3840,2160,2266,1274,0.347904
59,"Fused RGB20",0,30,3840,2160,2266,1274,0.348288
59,"Fused RGB20",0,31,3840,2160,2266,1274,0.348032
59,"Fused RGB20",0,32,3840,2160,2266,1274,0.355584
59,"Fused RGB20",0,33,3840,2160,2266,1274,0.353664
59,"Fused RGB20",0,34,3840,2160,2266,1274,0.35392
59,"Fused RGB20",0,35,3840,2160,2266,1274,0.353792
59,"Fused RGB20",0,36,3840,2160,2266,1274,0.353664
59,"Fused RGB20",0,37,3840,2160,2266,1274,0.351232
59,"Fused RGB20",0,38,3840,2160,2266,1274,0.349184
59,"Fused RGB20",0,39,3840,2160,2266,1274,0.349568
59,"Fused RGB20",0,40,3840,2160,2266,1274,0.349312
59,"Fused RGB20",0,41,3840,2160,2266,1274,0.349568
59,"Fused RGB20",0,42,3840,2160,2266,1274,0.349568
59,"Fused RGB20",0,43,3840,2160,2266,1274,0.349184
59,"Fused RGB20",0,44,3840,2160,2266,1274,0.35008
59,"Fused RGB20",0,45,3840,2160,2266,1274,0.351104
59,"Fused RGB20",0,46,3840,2160,2266,1274,0.35136
59,"Fused RGB20",0,47,3840,2160,2266,1274,0.351232
59,"Fused RGB20",0,48,3840,2160,2266,1274,0.352256
59,"Fused RGB20",0,49,3840,2160,2266,1274,0.35136
59,"Fused RGB20",0,50,3840,2160,2266,1274,0.351232
59,"Fused RGB20",0,51,3840,2160,2266,1274,0.349952
59,"Fused RGB20",0,52,3840,2160,2266,1274,0.345728
59,"Fused RGB20",0,53,3840,2160,2266,1274,0.345856
59,"Fused RGB20",0,54,3840,2160,2266,1274,0.345856
59,"Fused RGB20",0,55,3840,2160,2266,1274,0.346112
59,"Fused RGB20",0,56,3840,2160,2266,1274,0.345856
59,"Fused RGB20",0,57,3840,2160,2266,1274,0.346112
59,"Fused RGB20",0,58,3840,2160,2266,1274,0.349312
59,"Fused RGB20",0,59,3840,2160,2266,1274,0.35392
59,"Fused RGB20",0,60,3840,2160,2266,1274,0.353792
59,"Fused RGB20",0,61,3840,2160,2266,1274,0.353664
59,"Fused RGB20",0,62,3840,2160,2266,1274,0.353664
59,"Fused RGB20",0,63,3840,2160,2266,1274,0.353664
59,"Fused RGB20",0,64,3840,2160,2266,1274,0.355072
59,"Fused RGB20",0,65,3840,2160,2266,1274,0.353024
59,"Fused RGB20",0,66,3840,2160,2266,1274,0.352896
59,"Fused RGB20",0,67,3840,2160,2266,1274,0.352768
59,"Fused RGB20",0,68,3840,2160,2266,1274,0.352896
59,"Fused RGB20",0,69,3840,2160,2266,1274,0.353024
59,"Fused RGB20",0,70,3840,2160,2266,1274,0.352896
59,"Fused RGB20",0,71,3840,2160,2266,1274,0.352768
59,"Fused RGB20",0,72,3840,2160,2266,1274,0.345984
59,"Fused RGB20",0,73,3840,2160,2266,1274,0.345984
59,"Fused RGB20",0,74,3840,2160,2266,1274,0.345984
59,"Fused RGB20",0,75,3840,2160,2266,1274,0.345984
59,"Fused RGB20",0,76,3840,2160,2266,1274,0.345856
59,"Fused RGB20",0,77,3840,2160,2266,1274,0.345728
59,"Fused RGB20",0,78,3840,2160,2266,1274,0.345856
59,"Fused RGB20",0,79,3840,2160,2266,1274,0.348544
59,"Fused RGB20",0,80,3840,2160,2266,1274,0.35136
59,"Fused RGB20",0,81,3840,2160,2266,1274,0.35072
59,"Fused RGB20",0,82,3840,2160,2266,1274,0.350592
59,"Fused RGB20",0,83,3840,2160,2266,1274,0.350464
59,"Fused RGB20",0,84,3840,2160,2266,1274,0.350592
59,"Fused RGB20",0,85,3840,2160,2266,1274,0.350336
59,"Fused RGB20",0,86,3840,2160,2266,1274,0.348288
59,"Fused RGB20",0,87,3840,2160,2266,1274,0.345728
59,"Fused RGB20",0,88,3840,2160,2266,1274,0.345856
59,"Fused RGB20",0,89,3840,2160,2266,1274,0.345856
59,"Fused RGB20",0,90,3840,2160,2266,1274,0.345856
59,"Fused RGB20",0,91,3840,2160,2266,1274,0.345984
59,"Fused RGB20",0,92,3840,2160,2266,1274,0.345728
59,"Fused RGB20",0,93,3840,2160,2266,1274,0.352768
59,"Fused RGB20",0,94,3840,2160,2266,1274,0.352896
59,"Fused RGB20",0,95,3840,2160,2266,1274,0.352768
59,"Fused RGB20",0,96,3840,2160,2266,1274,0.35456
59,"Fused RGB20",0,97,3840,2160,2266,1274,0.352896
59,"Fused RGB20",0,98,3840,2160,2266,1274,0.35136
59,"Fused RGB20",0,99,3840,2160,2266,1274,0.334848
59,"Fused RGB20",0,100,3840,2160,2266,1274,0.335232
59,"Fused RGB20",0,101,3840,2160,2266,1274,0.33536
59,"Fused RGB20",0,102,3840,2160,2266,1274,0.334976
59,"Fused RGB20",0,103,3840,2160,2266,1274,0.335104
59,"Fused RGB20",0,104,3840,2160,2266,1274,0.335232
59,"Fused RGB20",0,105,3840,2160,2266,1274,0.335232
59,"Fused RGB20",0,106,3840,2160,2266,1274,0.34816
59,"Fused RGB20",0,107,3840,2160,2266,1274,0.350592
59,"Fused RGB20",0,108,3840,2160,2266,1274,0.350592
59,"Fused RGB20",0,109,3840,2160,2266,1274,0.350592
59,"Fused RGB20",0,110,3840,2160,2266,1274,0.350848
59,"Fused RGB20",0,111,3840,2160,2266,1274,0.350592
59,"Fused RGB20",0,112,3840,2160,2266,1274,0.352384
59,"Fused RGB20",0,113,3840,2160,2266,1274,0.353152
59,"Fused RGB20",0,114,3840,2160,2266,1274,0.352896
59,"Fused RGB20",0,115,3840,2160,2266,1274,0.352896
59,"Fused RGB20",0,116,3840,2160,2266,1274,0.352896
59,"Fused RGB20",0,117,3840,2160,2266,1274,0.352896
59,"Fused RGB20",0,118,3840,2160,2266,1274,0.353024
59,"Fused RGB20",0,119,3840,2160,2266,1274,0.352896
59,"Fused RGB20",0,120,3840,2160,2266,1274,0.349952
59,"Fused RGB20",0,121,3840,2160,2266,1274,0.348672
59,"Fused RGB20",0,122,3840,2160,2266,1274,0.348544
59,"Fused RGB20",0,123,3840,2160,2266,1274,0.34816
59,"Fused RGB20",0,124,3840,2160,2266,1274,0.348672
59,"Fused RGB20",0,125,3840,2160,2266,1274,0.348544
59,"Fused RGB20",0,126,3840,2160,2266,1274,0.348416
59,"Fused RGB20",0,127,3840,2160,2266,1274,0.350336
59,"Fused RGB20",0,128,3840,2160,2266,1274,0.351616
59,"Fused RGB20",0,129,3840,2160,2266,1274,0.350848
59,"Fused RGB20",0,130,3840,2160,2266,1274,0.350464
59,"Fused RGB20",0,131,3840,2160,2266,1274,0.350592
59,"Fused RGB20",0,132,3840,2160,2266,1274,0.35072
59,"Fused RGB20",0,133,3840,2160,2266,1274,0.349952
59,"Fused RGB20",0,134,3840,2160,2266,1274,0.345984
59,"Fused RGB20",0,135,3840,2160,2266,1274,0.345984
59,"Fused RGB20",0,136,3840,2160,2266,1274,0.345856
59,"Fused RGB20",0,137,3840,2160,2266,1274,0.345984
59,"Fused RGB20",0,138,3840,2160,2266,1274,0.345728
59,"Fused RGB20",0,139,3840,2160,2266,1274,0.3456
59,"Fused RGB20",0,140,3840,2160,2266,1274,0.345856
59,"Fused RGB20",0,141,3840,2160,2266,1274,0.351232
59,"Fused RGB20",0,142,3840,2160,2266,1274,0.352896
59,"Fused RGB20",0,143,3840,2160,2266,1274,0.352768
59,"Fused RGB20",0,144,3840,2160,2266,1274,0.35456
59,"Fused RGB20",0,145,3840,2160,2266,1274,0.352768
59,"Fused RGB20",0,146,3840,2160,2266,1274,0.35328
59,"Fused RGB20",0,147,3840,2160,2266,1274,0.352512
59,"Fused RGB20",0,148,3840,2160,2266,1274,0.350336
59,"Fused RGB20",0,149,3840,2160,2266,1274,0.350464
59,"Fused RGB20",0,150,3840,2160,2266,1274,0.350592
59,"Fused RGB20",0,151,3840,2160,2266,1274,0.350464
59,"Fused RGB20",0,152,3840,2160,2266,1274,0.350336
59,"Fused RGB20",0,153,3840,2160,2266,1274,0.350464
59,"Fused RGB20",0,154,3840,2160,2266,1274,0.350464
59,"Fused RGB20",0,155,3840,2160,2266,1274,0.350336
59,"Fused RGB20",0,156,3840,2160,2266,1274,0.350464
59,"Fused RGB20",0,157,3840,2160,2266,1274,0.35072
59,"Fused RGB20",0,158,3840,2160,2266,1274,0.350592
59,"Fused RGB20",0,159,3840,2160,2266,1274,0.350592
59,"Fast guided (approximate)",1,0,3840,2160,2266,1274,0.261376
59,"Fast guided (approximate)",1,1,3840,2160,2266,1274,0.26112
59,"Fast guided (approximate)",1,2,3840,2160,2266,1274,0.260992
59,"Fast guided (approximate)",1,3,3840,2160,2266,1274,0.26112
59,"Fast guided (approximate)",1,4,3840,2160,2266,1274,0.26112
59,"Fast guided (approximate)",1,5,3840,2160,2266,1274,0.261376
59,"Fast guided (approximate)",1,6,3840,2160,2266,1274,0.26112
59,"Fast guided (approximate)",1,7,3840,2160,2266,1274,0.261248
59,"Fast guided (approximate)",1,8,3840,2160,2266,1274,0.26112
59,"Fast guided (approximate)",1,9,3840,2160,2266,1274,0.261248
59,"Fast guided (approximate)",1,10,3840,2160,2266,1274,0.26112
59,"Fast guided (approximate)",1,11,3840,2160,2266,1274,0.261504
59,"Fast guided (approximate)",1,12,3840,2160,2266,1274,0.261376
59,"Fast guided (approximate)",1,13,3840,2160,2266,1274,0.261632
59,"Fast guided (approximate)",1,14,3840,2160,2266,1274,0.260992
59,"Fast guided (approximate)",1,15,3840,2160,2266,1274,0.261504
59,"Fast guided (approximate)",1,16,3840,2160,2266,1274,0.26112
59,"Fast guided (approximate)",1,17,3840,2160,2266,1274,0.2624
59,"Fast guided (approximate)",1,18,3840,2160,2266,1274,0.26048
59,"Fast guided (approximate)",1,19,3840,2160,2266,1274,0.261632
59,"Fast guided (approximate)",1,20,3840,2160,2266,1274,0.260736
59,"Fast guided (approximate)",1,21,3840,2160,2266,1274,0.262144
59,"Fast guided (approximate)",1,22,3840,2160,2266,1274,0.260608
59,"Fast guided (approximate)",1,23,3840,2160,2266,1274,0.261504
59,"Fast guided (approximate)",1,24,3840,2160,2266,1274,0.260736
59,"Fast guided (approximate)",1,25,3840,2160,2266,1274,0.262272
59,"Fast guided (approximate)",1,26,3840,2160,2266,1274,0.26048
59,"Fast guided (approximate)",1,27,3840,2160,2266,1274,0.261504
59,"Fast guided (approximate)",1,28,3840,2160,2266,1274,0.260736
59,"Fast guided (approximate)",1,29,3840,2160,2266,1274,0.2624
59,"Fast guided (approximate)",1,30,3840,2160,2266,1274,0.26048
59,"Fast guided (approximate)",1,31,3840,2160,2266,1274,0.261632
59,"Fast guided (approximate)",1,32,3840,2160,2266,1274,0.260608
59,"Fast guided (approximate)",1,33,3840,2160,2266,1274,0.262528
59,"Fast guided (approximate)",1,34,3840,2160,2266,1274,0.26048
59,"Fast guided (approximate)",1,35,3840,2160,2266,1274,0.261888
59,"Fast guided (approximate)",1,36,3840,2160,2266,1274,0.260224
59,"Fast guided (approximate)",1,37,3840,2160,2266,1274,0.262272
59,"Fast guided (approximate)",1,38,3840,2160,2266,1274,0.26048
59,"Fast guided (approximate)",1,39,3840,2160,2266,1274,0.262016
59,"Fast guided (approximate)",1,40,3840,2160,2266,1274,0.260096
59,"Fast guided (approximate)",1,41,3840,2160,2266,1274,0.262528
59,"Fast guided (approximate)",1,42,3840,2160,2266,1274,0.260608
59,"Fast guided (approximate)",1,43,3840,2160,2266,1274,0.262144
59,"Fast guided (approximate)",1,44,3840,2160,2266,1274,0.259968
59,"Fast guided (approximate)",1,45,3840,2160,2266,1274,0.2624
59,"Fast guided (approximate)",1,46,3840,2160,2266,1274,0.260608
59,"Fast guided (approximate)",1,47,3840,2160,2266,1274,0.262144
59,"Fast guided (approximate)",1,48,3840,2160,2266,1274,0.25984
59,"Fast guided (approximate)",1,49,3840,2160,2266,1274,0.262528
59,"Fast guided (approximate)",1,50,3840,2160,2266,1274,0.260992
59,"Fast guided (approximate)",1,51,3840,2160,2266,1274,0.262144
59,"Fast guided (approximate)",1,52,3840,2160,2266,1274,0.259584
59,"Fast guided (approximate)",1,53,3840,2160,2266,1274,0.262272
59,"Fast guided (approximate)",1,54,3840,2160,2266,1274,0.260864
59,"Fast guided (approximate)",1,55,3840,2160,2266,1274,0.261888
59,"Fast guided (approximate)",1,56,3840,2160,2266,1274,0.259712
59,"Fast guided (approximate)",1,57,3840,2160,2266,1274,0.2624
59,"Fast guided (approximate)",1,58,3840,2160,2266,1274,0.26112
59,"Fast guided (approximate)",1,59,3840,2160,2266,1274,0.262016
59,"Fast guided (approximate)",1,60,3840,2160,2266,1274,0.259456
59,"Fast guided (approximate)",1,61,3840,2160,2266,1274,0.262528
59,"Fast guided (approximate)",1,62,3840,2160,2266,1274,0.260992
59,"Fast guided (approximate)",1,63,3840,2160,2266,1274,0.261888
59,"Fast guided (approximate)",1,64,3840,2160,2266,1274,0.262656
59,"Fast guided (approximate)",1,65,3840,2160,2266,1274,0.26048
59,"Fast guided (approximate)",1,66,3840,2160,2266,1274,0.261376
59,"Fast guided (approximate)",1,67,3840,2160,2266,1274,0.260992
59,"Fast guided (approximate)",1,68,3840,2160,2266,1274,0.262144
59,"Fast guided (approximate)",1,69,3840,2160,2266,1274,0.260352
59,"Fast guided (approximate)",1,70,3840,2160,2266,1274,0.261504
59,"Fast guided (approximate)",1,71,3840,2160,2266,1274,0.260736
59,"Fast guided (approximate)",1,72,3840,2160,2266,1274,0.262016
59,"Fast guided (approximate)",1,73,3840,2160,2266,1274,0.26048
59,"Fast guided (approximate)",1,74,3840,2160,2266,1274,0.261248
59,"Fast guided (approximate)",1,75,3840,2160,2266,1274,0.260736
59,"Fast guided (approximate)",1,76,3840,2160,2266,1274,0.262272
59,"Fast guided (approximate)",1,77,3840,2160,2266,1274,0.26048
59,"Fast guided (approximate)",1,78,3840,2160,2266,1274,0.261376
59,"Fast guided (approximate)",1,79,3840,2160,2266,1274,0.260864
59,"Fast guided (approximate)",1,80,3840,2160,2266,1274,0.260736
59,"Fast guided (approximate)",1,81,3840,2160,2266,1274,0.261504
59,"Fast guided (approximate)",1,82,3840,2160,2266,1274,0.260992
59,"Fast guided (approximate)",1,83,3840,2160,2266,1274,0.262272
59,"Fast guided (approximate)",1,84,3840,2160,2266,1274,0.26048
59,"Fast guided (approximate)",1,85,3840,2160,2266,1274,0.261504
59,"Fast guided (approximate)",1,86,3840,2160,2266,1274,0.260736
59,"Fast guided (approximate)",1,87,3840,2160,2266,1274,0.2624
59,"Fast guided (approximate)",1,88,3840,2160,2266,1274,0.26048
59,"Fast guided (approximate)",1,89,3840,2160,2266,1274,0.261376
59,"Fast guided (approximate)",1,90,3840,2160,2266,1274,0.26048
59,"Fast guided (approximate)",1,91,3840,2160,2266,1274,0.262144
59,"Fast guided (approximate)",1,92,3840,2160,2266,1274,0.260224
59,"Fast guided (approximate)",1,93,3840,2160,2266,1274,0.261504
59,"Fast guided (approximate)",1,94,3840,2160,2266,1274,0.260352
59,"Fast guided (approximate)",1,95,3840,2160,2266,1274,0.262144
59,"Fast guided (approximate)",1,96,3840,2160,2266,1274,0.261504
59,"Fast guided (approximate)",1,97,3840,2160,2266,1274,0.26112
59,"Fast guided (approximate)",1,98,3840,2160,2266,1274,0.261376
59,"Fast guided (approximate)",1,99,3840,2160,2266,1274,0.261248
59,"Fast guided (approximate)",1,100,3840,2160,2266,1274,0.261376
59,"Fast guided (approximate)",1,101,3840,2160,2266,1274,0.261248
59,"Fast guided (approximate)",1,102,3840,2160,2266,1274,0.261248
59,"Fast guided (approximate)",1,103,3840,2160,2266,1274,0.26112
59,"Fast guided (approximate)",1,104,3840,2160,2266,1274,0.261248
59,"Fast guided (approximate)",1,105,3840,2160,2266,1274,0.261248
59,"Fast guided (approximate)",1,106,3840,2160,2266,1274,0.261376
59,"Fast guided (approximate)",1,107,3840,2160,2266,1274,0.26112
59,"Fast guided (approximate)",1,108,3840,2160,2266,1274,0.261248
59,"Fast guided (approximate)",1,109,3840,2160,2266,1274,0.26112
59,"Fast guided (approximate)",1,110,3840,2160,2266,1274,0.261376
59,"Fast guided (approximate)",1,111,3840,2160,2266,1274,0.260992
59,"Fast guided (approximate)",1,112,3840,2160,2266,1274,0.26176
59,"Fast guided (approximate)",1,113,3840,2160,2266,1274,0.25984
59,"Fast guided (approximate)",1,114,3840,2160,2266,1274,0.262144
59,"Fast guided (approximate)",1,115,3840,2160,2266,1274,0.261248
59,"Fast guided (approximate)",1,116,3840,2160,2266,1274,0.261376
59,"Fast guided (approximate)",1,117,3840,2160,2266,1274,0.259712
59,"Fast guided (approximate)",1,118,3840,2160,2266,1274,0.262016
59,"Fast guided (approximate)",1,119,3840,2160,2266,1274,0.260992
59,"Fast guided (approximate)",1,120,3840,2160,2266,1274,0.261504
59,"Fast guided (approximate)",1,121,3840,2160,2266,1274,0.259712
59,"Fast guided (approximate)",1,122,3840,2160,2266,1274,0.262144
59,"Fast guided (approximate)",1,123,3840,2160,2266,1274,0.260864
59,"Fast guided (approximate)",1,124,3840,2160,2266,1274,0.261504
59,"Fast guided (approximate)",1,125,3840,2160,2266,1274,0.28864
59,"Fast guided (approximate)",1,126,3840,2160,2266,1274,0.289408
59,"Fast guided (approximate)",1,127,3840,2160,2266,1274,0.261248
59,"Fast guided (approximate)",1,128,3840,2160,2266,1274,0.259968
59,"Fast guided (approximate)",1,129,3840,2160,2266,1274,0.289536
59,"Fast guided (approximate)",1,130,3840,2160,2266,1274,0.261632
59,"Fast guided (approximate)",1,131,3840,2160,2266,1274,0.262272
59,"Fast guided (approximate)",1,132,3840,2160,2266,1274,0.259456
59,"Fast guided (approximate)",1,133,3840,2160,2266,1274,0.29056
59,"Fast guided (approximate)",1,134,3840,2160,2266,1274,0.260864
59,"Fast guided (approximate)",1,135,3840,2160,2266,1274,0.262016
59,"Fast guided (approximate)",1,136,3840,2160,2266,1274,0.259328
59,"Fast guided (approximate)",1,137,3840,2160,2266,1274,0.2624
59,"Fast guided (approximate)",1,138,3840,2160,2266,1274,0.364416
59,"Fast guided (approximate)",1,139,3840,2160,2266,1274,0.261376
59,"Fast guided (approximate)",1,140,3840,2160,2266,1274,0.260864
59,"Fast guided (approximate)",1,141,3840,2160,2266,1274,0.321024
59,"Fast guided (approximate)",1,142,3840,2160,2266,1274,0.30656
59,"Fast guided (approximate)",1,143,3840,2160,2266,1274,0.259584
59,"Fast guided (approximate)",1,144,3840,2160,2266,1274,0.320384
59,"Fast guided (approximate)",1,145,3840,2160,2266,1274,0.306816
59,"Fast guided (approximate)",1,146,3840,2160,2266,1274,0.260992
59,"Fast guided (approximate)",1,147,3840,2160,2266,1274,0.261632
59,"Fast guided (approximate)",1,148,3840,2160,2266,1274,0.364416
59,"Fast guided (approximate)",1,149,3840,2160,2266,1274,0.262016
59,"Fast guided (approximate)",1,150,3840,2160,2266,1274,0.259456
59,"Fast guided (approximate)",1,151,3840,2160,2266,1274,0.29056
59,"Fast guided (approximate)",1,152,3840,2160,2266,1274,0.334592
59,"Fast guided (approximate)",1,153,3840,2160,2266,1274,0.26112
59,"Fast guided (approximate)",1,154,3840,2160,2266,1274,0.260224
59,"Fast guided (approximate)",1,155,3840,2160,2266,1274,0.363776
59,"Fast guided (approximate)",1,156,3840,2160,2266,1274,0.262016
59,"Fast guided (approximate)",1,157,3840,2160,2266,1274,0.25984
59,"Fast guided (approximate)",1,158,3840,2160,2266,1274,0.289664
59,"Fast guided (approximate)",1,159,3840,2160,2266,1274,0.335232
59,"Fast guided (approximate)",2,0,3840,2160,2266,1274,0.262144
59,"Fast guided (approximate)",2,1,3840,2160,2266,1274,0.259456
59,"Fast guided (approximate)",2,2,3840,2160,2266,1274,0.262272
59,"Fast guided (approximate)",2,3,3840,2160,2266,1274,0.260352
59,"Fast guided (approximate)",2,4,3840,2160,2266,1274,0.261888
59,"Fast guided (approximate)",2,5,3840,2160,2266,1274,0.259584
59,"Fast guided (approximate)",2,6,3840,2160,2266,1274,0.262272
59,"Fast guided (approximate)",2,7,3840,2160,2266,1274,0.26048
59,"Fast guided (approximate)",2,8,3840,2160,2266,1274,0.26176
59,"Fast guided (approximate)",2,9,3840,2160,2266,1274,0.259456
59,"Fast guided (approximate)",2,10,3840,2160,2266,1274,0.262144
59,"Fast guided (approximate)",2,11,3840,2160,2266,1274,0.260224
59,"Fast guided (approximate)",2,12,3840,2160,2266,1274,0.261888
59,"Fast guided (approximate)",2,13,3840,2160,2266,1274,0.259456
59,"Fast guided (approximate)",2,14,3840,2160,2266,1274,0.262016
59,"Fast guided (approximate)",2,15,3840,2160,2266,1274,0.26048
59,"Fast guided (approximate)",2,16,3840,2160,2266,1274,0.260736
59,"Fast guided (approximate)",2,17,3840,2160,2266,1274,0.262016
59,"Fast guided (approximate)",2,18,3840,2160,2266,1274,0.26048
59,"Fast guided (approximate)",2,19,3840,2160,2266,1274,0.261376
59,"Fast guided (approximate)",2,20,3840,2160,2266,1274,0.26048
59,"Fast guided (approximate)",2,21,3840,2160,2266,1274,0.262144
59,"Fast guided (approximate)",2,22,3840,2160,2266,1274,0.260352
59,"Fast guided (approximate)",2,23,3840,2160,2266,1274,0.261504
59,"Fast guided (approximate)",2,24,3840,2160,2266,1274,0.26048
59,"Fast guided (approximate)",2,25,3840,2160,2266,1274,0.262016
59,"Fast guided (approximate)",2,26,3840,2160,2266,1274,0.260224
59,"Fast guided (approximate)",2,27,3840,2160,2266,1274,0.261248
59,"Fast guided (approximate)",2,28,3840,2160,2266,1274,0.26048
59,"Fast guided (approximate)",2,29,3840,2160,2266,1274,0.262144
59,"Fast guided (approximate)",2,30,3840,2160,2266,1274,0.260224
59,"Fast guided (approximate)",2,31,3840,2160,2266,1274,0.261504
59,"Fast guided (approximate)",2,32,3840,2160,2266,1274,0.260224
59,"Fast guided (approximate)",2,33,3840,2160,2266,1274,0.261632
59,"Fast guided (approximate)",2,34,3840,2160,2266,1274,0.260992
59,"Fast guided (approximate)",2,35,3840,2160,2266,1274,0.261376
59,"Fast guided (approximate)",2,36,3840,2160,2266,1274,0.260224
59,"Fast guided (approximate)",2,37,3840,2160,2266,1274,0.26176
59,"Fast guided (approximate)",2,38,3840,2160,2266,1274,0.260992
59,"Fast guided (approximate)",2,39,3840,2160,2266,1274,0.261504
59,"Fast guided (approximate)",2,40,3840,2160,2266,1274,0.260096
59,"Fast guided (approximate)",2,41,3840,2160,2266,1274,0.26176
59,"Fast guided (approximate)",2,42,3840,2160,2266,1274,0.26112
59,"Fast guided (approximate)",2,43,3840,2160,2266,1274,0.261248
59,"Fast guided (approximate)",2,44,3840,2160,2266,1274,0.260224
59,"Fast guided (approximate)",2,45,3840,2160,2266,1274,0.261504
59,"Fast guided (approximate)",2,46,3840,2160,2266,1274,0.26112
59,"Fast guided (approximate)",2,47,3840,2160,2266,1274,0.261248
59,"Fast guided (approximate)",2,48,3840,2160,2266,1274,0.262656
59,"Fast guided (approximate)",2,49,3840,2160,2266,1274,0.260608
59,"Fast guided (approximate)",2,50,3840,2160,2266,1274,0.262016
59,"Fast guided (approximate)",2,51,3840,2160,2266,1274,0.259328
59,"Fast guided (approximate)",2,52,3840,2160,2266,1274,0.262144
59,"Fast guided (approximate)",2,53,3840,2160,2266,1274,0.260608
59,"Fast guided (approximate)",2,54,3840,2160,2266,1274,0.26176
59,"Fast guided (approximate)",2,55,3840,2160,2266,1274,0.259328
59,"Fast guided (approximate)",2,56,3840,2160,2266,1274,0.262144
59,"Fast guided (approximate)",2,57,3840,2160,2266,1274,0.260608
59,"Fast guided (approximate)",2,58,3840,2160,2266,1274,0.261888
59,"Fast guided (approximate)",2,59,3840,2160,2266,1274,0.259328
59,"Fast guided (approximate)",2,60,3840,2160,2266,1274,0.2624
59,"Fast guided (approximate)",2,61,3840,2160,2266,1274,0.260736
59,"Fast guided (approximate)",2,62,3840,2160,2266,1274,0.26176
59,"Fast guided (approximate)",2,63,3840,2160,2266,1274,0.259456
59,"Fast guided (approximate)",2,64,3840,2160,2266,1274,0.260992
59,"Fast guided (approximate)",2,65,3840,2160,2266,1274,0.262016
59,"Fast guided (approximate)",2,66,3840,2160,2266,1274,0.259456
59,"Fast guided (approximate)",2,67,3840,2160,2266,1274,0.262272
59,"Fast guided (approximate)",2,68,3840,2160,2266,1274,0.260736
59,"Fast guided (approximate)",2,69,3840,2160,2266,1274,0.262144
59,"Fast guided (approximate)",2,70,3840,2160,2266,1274,0.259456
59,"Fast guided (approximate)",2,71,3840,2160,2266,1274,0.262144
59,"Fast guided (approximate)",2,72,3840,2160,2266,1274,0.260864
59,"Fast guided (approximate)",2,73,3840,2160,2266,1274,0.262144
59,"Fast guided (approximate)",2,74,3840,2160,2266,1274,0.259456
59,"Fast guided (approximate)",2,75,3840,2160,2266,1274,0.262272
59,"Fast guided (approximate)",2,76,3840,2160,2266,1274,0.260608
59,"Fast guided (approximate)",2,77,3840,2160,2266,1274,0.262016
59,"Fast guided (approximate)",2,78,3840,2160,2266,1274,0.259456
59,"Fast guided (approximate)",2,79,3840,2160,2266,1274,0.262144
59,"Fast guided (approximate)",2,80,3840,2160,2266,1274,0.261888
59,"Fast guided (approximate)",2,81,3840,2160,2266,1274,0.26048
59,"Fast guided (approximate)",2,82,3840,2160,2266,1274,0.262272
59,"Fast guided (approximate)",2,83,3840,2160,2266,1274,0.26048
59,"Fast guided (approximate)",2,84,3840,2160,2266,1274,0.261632
59,"Fast guided (approximate)",2,85,3840,2160,2266,1274,0.260352
59,"Fast guided (approximate)",2,86,3840,2160,2266,1274,0.262656
59,"Fast guided (approximate)",2,87,3840,2160,2266,1274,0.26048
59,"Fast guided (approximate)",2,88,3840,2160,2266,1274,0.261632
59,"Fast guided (approximate)",2,89,3840,2160,2266,1274,0.260352
59,"Fast guided (approximate)",2,90,3840,2160,2266,1274,0.262272
59,"Fast guided (approximate)",2,91,3840,2160,2266,1274,0.26048
59,"Fast guided (approximate)",2,92,3840,2160,2266,1274,0.261632
59,"Fast guided (approximate)",2,93,3840,2160,2266,1274,0.260224
59,"Fast guided (approximate)",2,94,3840,2160,2266,1274,0.2624
59,"Fast guided (approximate)",2,95,3840,2160,2266,1274,0.26048
59,"Fast guided (approximate)",2,96,3840,2160,2266,1274,0.261376
59,"Fast guided (approximate)",2,97,3840,2160,2266,1274,0.26176
59,"Fast guided (approximate)",2,98,3840,2160,2266,1274,0.260864
59,"Fast guided (approximate)",2,99,3840,2160,2266,1274,0.261376
59,"Fast guided (approximate)",2,100,3840,2160,2266,1274,0.260992
59,"Fast guided (approximate)",2,101,3840,2160,2266,1274,0.261632
59,"Fast guided (approximate)",2,102,3840,2160,2266,1274,0.260864
59,"Fast guided (approximate)",2,103,3840,2160,2266,1274,0.261504
59,"Fast guided (approximate)",2,104,3840,2160,2266,1274,0.260992
59,"Fast guided (approximate)",2,105,3840,2160,2266,1274,0.262016
59,"Fast guided (approximate)",2,106,3840,2160,2266,1274,0.260736
59,"Fast guided (approximate)",2,107,3840,2160,2266,1274,0.261248
59,"Fast guided (approximate)",2,108,3840,2160,2266,1274,0.260992
59,"Fast guided (approximate)",2,109,3840,2160,2266,1274,0.261632
59,"Fast guided (approximate)",2,110,3840,2160,2266,1274,0.26048
59,"Fast guided (approximate)",2,111,3840,2160,2266,1274,0.261248
59,"Fast guided (approximate)",2,112,3840,2160,2266,1274,0.25984
59,"Fast guided (approximate)",2,113,3840,2160,2266,1274,0.2624
59,"Fast guided (approximate)",2,114,3840,2160,2266,1274,0.260736
59,"Fast guided (approximate)",2,115,3840,2160,2266,1274,0.262016
59,"Fast guided (approximate)",2,116,3840,2160,2266,1274,0.259456
59,"Fast guided (approximate)",2,117,3840,2160,2266,1274,0.262272
59,"Fast guided (approximate)",2,118,3840,2160,2266,1274,0.260736
59,"Fast guided (approximate)",2,119,3840,2160,2266,1274,0.262016
59,"Fast guided (approximate)",2,120,3840,2160,2266,1274,0.259328
59,"Fast guided (approximate)",2,121,3840,2160,2266,1274,0.2624
59,"Fast guided (approximate)",2,122,3840,2160,2266,1274,0.260736
59,"Fast guided (approximate)",2,123,3840,2160,2266,1274,0.262016
59,"Fast guided (approximate)",2,124,3840,2160,2266,1274,0.259456
59,"Fast guided (approximate)",2,125,3840,2160,2266,1274,0.2624
59,"Fast guided (approximate)",2,126,3840,2160,2266,1274,0.260608
59,"Fast guided (approximate)",2,127,3840,2160,2266,1274,0.262016
59,"Fast guided (approximate)",2,128,3840,2160,2266,1274,0.262912
59,"Fast guided (approximate)",2,129,3840,2160,2266,1274,0.260864
59,"Fast guided (approximate)",2,130,3840,2160,2266,1274,0.262016
59,"Fast guided (approximate)",2,131,3840,2160,2266,1274,0.259584
59,"Fast guided (approximate)",2,132,3840,2160,2266,1274,0.2624
59,"Fast guided (approximate)",2,133,3840,2160,2266,1274,0.260608
59,"Fast guided (approximate)",2,134,3840,2160,2266,1274,0.262016
59,"Fast guided (approximate)",2,135,3840,2160,2266,1274,0.2592
59,"Fast guided (approximate)",2,136,3840,2160,2266,1274,0.262272
59,"Fast guided (approximate)",2,137,3840,2160,2266,1274,0.260608
59,"Fast guided (approximate)",2,138,3840,2160,2266,1274,0.261888
59,"Fast guided (approximate)",2,139,3840,2160,2266,1274,0.259456
59,"Fast guided (approximate)",2,140,3840,2160,2266,1274,0.2624
59,"Fast guided (approximate)",2,141,3840,2160,2266,1274,0.260608
59,"Fast guided (approximate)",2,142,3840,2160,2266,1274,0.262016
59,"Fast guided (approximate)",2,143,3840,2160,2266,1274,0.259456
59,"Fast guided (approximate)",2,144,3840,2160,2266,1274,0.260736
59,"Fast guided (approximate)",2,145,3840,2160,2266,1274,0.262272
59,"Fast guided (approximate)",2,146,3840,2160,2266,1274,0.259584
59,"Fast guided (approximate)",2,147,3840,2160,2266,1274,0.2624
59,"Fast guided (approximate)",2,148,3840,2160,2266,1274,0.260608
59,"Fast guided (approximate)",2,149,3840,2160,2266,1274,0.2624
59,"Fast guided (approximate)",2,150,3840,2160,2266,1274,0.259584
59,"Fast guided (approximate)",2,151,3840,2160,2266,1274,0.262272
59,"Fast guided (approximate)",2,152,3840,2160,2266,1274,0.260608
59,"Fast guided (approximate)",2,153,3840,2160,2266,1274,0.262144
59,"Fast guided (approximate)",2,154,3840,2160,2266,1274,0.259456
59,"Fast guided (approximate)",2,155,3840,2160,2266,1274,0.262144
59,"Fast guided (approximate)",2,156,3840,2160,2266,1274,0.26048
59,"Fast guided (approximate)",2,157,3840,2160,2266,1274,0.262144
59,"Fast guided (approximate)",2,158,3840,2160,2266,1274,0.259584
59,"Fast guided (approximate)",2,159,3840,2160,2266,1274,0.262016
59,"Fused RGB20",3,0,3840,2160,2266,1274,0.37952
59,"Fused RGB20",3,1,3840,2160,2266,1274,0.38656
59,"Fused RGB20",3,2,3840,2160,2266,1274,0.392448
59,"Fused RGB20",3,3,3840,2160,2266,1274,0.392576
59,"Fused RGB20",3,4,3840,2160,2266,1274,0.392448
59,"Fused RGB20",3,5,3840,2160,2266,1274,0.392192
59,"Fused RGB20",3,6,3840,2160,2266,1274,0.392448
59,"Fused RGB20",3,7,3840,2160,2266,1274,0.375808
59,"Fused RGB20",3,8,3840,2160,2266,1274,0.370304
59,"Fused RGB20",3,9,3840,2160,2266,1274,0.370304
59,"Fused RGB20",3,10,3840,2160,2266,1274,0.370304
59,"Fused RGB20",3,11,3840,2160,2266,1274,0.370688
59,"Fused RGB20",3,12,3840,2160,2266,1274,0.370304
59,"Fused RGB20",3,13,3840,2160,2266,1274,0.370432
59,"Fused RGB20",3,14,3840,2160,2266,1274,0.381184
59,"Fused RGB20",3,15,3840,2160,2266,1274,0.395392
59,"Fused RGB20",3,16,3840,2160,2266,1274,0.396544
59,"Fused RGB20",3,17,3840,2160,2266,1274,0.395136
59,"Fused RGB20",3,18,3840,2160,2266,1274,0.395392
59,"Fused RGB20",3,19,3840,2160,2266,1274,0.395392
59,"Fused RGB20",3,20,3840,2160,2266,1274,0.379008
59,"Fused RGB20",3,21,3840,2160,2266,1274,0.378112
59,"Fused RGB20",3,22,3840,2160,2266,1274,0.378368
59,"Fused RGB20",3,23,3840,2160,2266,1274,0.378368
59,"Fused RGB20",3,24,3840,2160,2266,1274,0.378624
59,"Fused RGB20",3,25,3840,2160,2266,1274,0.378368
59,"Fused RGB20",3,26,3840,2160,2266,1274,0.380928
59,"Fused RGB20",3,27,3840,2160,2266,1274,0.386816
59,"Fused RGB20",3,28,3840,2160,2266,1274,0.38656
59,"Fused RGB20",3,29,3840,2160,2266,1274,0.386688
59,"Fused RGB20",3,30,3840,2160,2266,1274,0.386944
59,"Fused RGB20",3,31,3840,2160,2266,1274,0.386816
59,"Fused RGB20",3,32,3840,2160,2266,1274,0.38784
59,"Fused RGB20",3,33,3840,2160,2266,1274,0.39168
59,"Fused RGB20",3,34,3840,2160,2266,1274,0.392576
59,"Fused RGB20",3,35,3840,2160,2266,1274,0.39232
59,"Fused RGB20",3,36,3840,2160,2266,1274,0.392704
59,"Fused RGB20",3,37,3840,2160,2266,1274,0.392448
59,"Fused RGB20",3,38,3840,2160,2266,1274,0.39232
59,"Fused RGB20",3,39,3840,2160,2266,1274,0.38272
59,"Fused RGB20",3,40,3840,2160,2266,1274,0.378112
59,"Fused RGB20",3,41,3840,2160,2266,1274,0.378368
59,"Fused RGB20",3,42,3840,2160,2266,1274,0.378752
59,"Fused RGB20",3,43,3840,2160,2266,1274,0.37824
59,"Fused RGB20",3,44,3840,2160,2266,1274,0.378496
59,"Fused RGB20",3,45,3840,2160,2266,1274,0.378496
59,"Fused RGB20",3,46,3840,2160,2266,1274,0.386304
59,"Fused RGB20",3,47,3840,2160,2266,1274,0.386688
59,"Fused RGB20",3,48,3840,2160,2266,1274,0.388352
59,"Fused RGB20",3,49,3840,2160,2266,1274,0.38656
59,"Fused RGB20",3,50,3840,2160,2266,1274,0.38656
59,"Fused RGB20",3,51,3840,2160,2266,1274,0.381824
59,"Fused RGB20",3,52,3840,2160,2266,1274,0.367872
59,"Fused RGB20",3,53,3840,2160,2266,1274,0.367744
59,"Fused RGB20",3,54,3840,2160,2266,1274,0.367872
59,"Fused RGB20",3,55,3840,2160,2266,1274,0.367872
59,"Fused RGB20",3,56,3840,2160,2266,1274,0.367872
59,"Fused RGB20",3,57,3840,2160,2266,1274,0.368
59,"Fused RGB20",3,58,3840,2160,2266,1274,0.36928
59,"Fused RGB20",3,59,3840,2160,2266,1274,0.372992
59,"Fused RGB20",3,60,3840,2160,2266,1274,0.37312
59,"Fused RGB20",3,61,3840,2160,2266,1274,0.37312
59,"Fused RGB20",3,62,3840,2160,2266,1274,0.37312
59,"Fused RGB20",3,63,3840,2160,2266,1274,0.372864
59,"Fused RGB20",3,64,3840,2160,2266,1274,0.374784
59,"Fused RGB20",3,65,3840,2160,2266,1274,0.37312
59,"Fused RGB20",3,66,3840,2160,2266,1274,0.37312
59,"Fused RGB20",3,67,3840,2160,2266,1274,0.372992
59,"Fused RGB20",3,68,3840,2160,2266,1274,0.372864
59,"Fused RGB20",3,69,3840,2160,2266,1274,0.37312
59,"Fused RGB20",3,70,3840,2160,2266,1274,0.37312
59,"Fused RGB20",3,71,3840,2160,2266,1274,0.367104
59,"Fused RGB20",3,72,3840,2160,2266,1274,0.360192
59,"Fused RGB20",3,73,3840,2160,2266,1274,0.359936
59,"Fused RGB20",3,74,3840,2160,2266,1274,0.360448
59,"Fused RGB20",3,75,3840,2160,2266,1274,0.360192
59,"Fused RGB20",3,76,3840,2160,2266,1274,0.360192
59,"Fused RGB20",3,77,3840,2160,2266,1274,0.360576
59,"Fused RGB20",3,78,3840,2160,2266,1274,0.360192
59,"Fused RGB20",3,79,3840,2160,2266,1274,0.360192
59,"Fused RGB20",3,80,3840,2160,2266,1274,0.3616
59,"Fused RGB20",3,81,3840,2160,2266,1274,0.36032
59,"Fused RGB20",3,82,3840,2160,2266,1274,0.359936
59,"Fused RGB20",3,83,3840,2160,2266,1274,0.360064
59,"Fused RGB20",3,84,3840,2160,2266,1274,0.359936
59,"Fused RGB20",3,85,3840,2160,2266,1274,0.354304
59,"Fused RGB20",3,86,3840,2160,2266,1274,0.352896
59,"Fused RGB20",3,87,3840,2160,2266,1274,0.35328
59,"Fused RGB20",3,88,3840,2160,2266,1274,0.352896
59,"Fused RGB20",3,89,3840,2160,2266,1274,0.353024
59,"Fused RGB20",3,90,3840,2160,2266,1274,0.353024
59,"Fused RGB20",3,91,3840,2160,2266,1274,0.353152
59,"Fused RGB20",3,92,3840,2160,2266,1274,0.356608
59,"Fused RGB20",3,93,3840,2160,2266,1274,0.357888
59,"Fused RGB20",3,94,3840,2160,2266,1274,0.357504
59,"Fused RGB20",3,95,3840,2160,2266,1274,0.35776
59,"Fused RGB20",3,96,3840,2160,2266,1274,0.359808
59,"Fused RGB20",3,97,3840,2160,2266,1274,0.357632
59,"Fused RGB20",3,98,3840,2160,2266,1274,0.357632
59,"Fused RGB20",3,99,3840,2160,2266,1274,0.356096
59,"Fused RGB20",3,100,3840,2160,2266,1274,0.355456
59,"Fused RGB20",3,101,3840,2160,2266,1274,0.354944
59,"Fused RGB20",3,102,3840,2160,2266,1274,0.3552
59,"Fused RGB20",3,103,3840,2160,2266,1274,0.3552
59,"Fused RGB20",3,104,3840,2160,2266,1274,0.3552
59,"Fused RGB20",3,105,3840,2160,2266,1274,0.355328
59,"Fused RGB20",3,106,3840,2160,2266,1274,0.357504
59,"Fused RGB20",3,107,3840,2160,2266,1274,0.357888
59,"Fused RGB20",3,108,3840,2160,2266,1274,0.357888
59,"Fused RGB20",3,109,3840,2160,2266,1274,0.35776
59,"Fused RGB20",3,110,3840,2160,2266,1274,0.35776
59,"Fused RGB20",3,111,3840,2160,2266,1274,0.357504
59,"Fused RGB20",3,112,3840,2160,2266,1274,0.360576
59,"Fused RGB20",3,113,3840,2160,2266,1274,0.360192
59,"Fused RGB20",3,114,3840,2160,2266,1274,0.360064
59,"Fused RGB20",3,115,3840,2160,2266,1274,0.360192
59,"Fused RGB20",3,116,3840,2160,2266,1274,0.359936
59,"Fused RGB20",3,117,3840,2160,2266,1274,0.359936
59,"Fused RGB20",3,118,3840,2160,2266,1274,0.359936
59,"Fused RGB20",3,119,3840,2160,2266,1274,0.356608
59,"Fused RGB20",3,120,3840,2160,2266,1274,0.352768
59,"Fused RGB20",3,121,3840,2160,2266,1274,0.353024
59,"Fused RGB20",3,122,3840,2160,2266,1274,0.35264
59,"Fused RGB20",3,123,3840,2160,2266,1274,0.353024
59,"Fused RGB20",3,124,3840,2160,2266,1274,0.353152
59,"Fused RGB20",3,125,3840,2160,2266,1274,0.352768
59,"Fused RGB20",3,126,3840,2160,2266,1274,0.356992
59,"Fused RGB20",3,127,3840,2160,2266,1274,0.365056
59,"Fused RGB20",3,128,3840,2160,2266,1274,0.366848
59,"Fused RGB20",3,129,3840,2160,2266,1274,0.365312
59,"Fused RGB20",3,130,3840,2160,2266,1274,0.364928
59,"Fused RGB20",3,131,3840,2160,2266,1274,0.364928
59,"Fused RGB20",3,132,3840,2160,2266,1274,0.365056
59,"Fused RGB20",3,133,3840,2160,2266,1274,0.356096
59,"Fused RGB20",3,134,3840,2160,2266,1274,0.352896
59,"Fused RGB20",3,135,3840,2160,2266,1274,0.353152
59,"Fused RGB20",3,136,3840,2160,2266,1274,0.353024
59,"Fused RGB20",3,137,3840,2160,2266,1274,0.353152
59,"Fused RGB20",3,138,3840,2160,2266,1274,0.353024
59,"Fused RGB20",3,139,3840,2160,2266,1274,0.353664
59,"Fused RGB20",3,140,3840,2160,2266,1274,0.360192
59,"Fused RGB20",3,141,3840,2160,2266,1274,0.359936
59,"Fused RGB20",3,142,3840,2160,2266,1274,0.360192
59,"Fused RGB20",3,143,3840,2160,2266,1274,0.359808
59,"Fused RGB20",3,144,3840,2160,2266,1274,0.361984
59,"Fused RGB20",3,145,3840,2160,2266,1274,0.358912
59,"Fused RGB20",3,146,3840,2160,2266,1274,0.3552
59,"Fused RGB20",3,147,3840,2160,2266,1274,0.355456
59,"Fused RGB20",3,148,3840,2160,2266,1274,0.355328
59,"Fused RGB20",3,149,3840,2160,2266,1274,0.355456
59,"Fused RGB20",3,150,3840,2160,2266,1274,0.355456
59,"Fused RGB20",3,151,3840,2160,2266,1274,0.355456
59,"Fused RGB20",3,152,3840,2160,2266,1274,0.353152
59,"Fused RGB20",3,153,3840,2160,2266,1274,0.348544
59,"Fused RGB20",3,154,3840,2160,2266,1274,0.348416
59,"Fused RGB20",3,155,3840,2160,2266,1274,0.348544
59,"Fused RGB20",3,156,3840,2160,2266,1274,0.348288
59,"Fused RGB20",3,157,3840,2160,2266,1274,0.348672
59,"Fused RGB20",3,158,3840,2160,2266,1274,0.348416
59,"Fused RGB20",3,159,3840,2160,2266,1274,0.350336
65,"Fused RGB16",0,0,3840,2160,2496,1404,0.382976
65,"Fused RGB16",0,1,3840,2160,2496,1404,0.381824
65,"Fused RGB16",0,2,3840,2160,2496,1404,0.381696
65,"Fused RGB16",0,3,3840,2160,2496,1404,0.381824
65,"Fused RGB16",0,4,3840,2160,2496,1404,0.380032
65,"Fused RGB16",0,5,3840,2160,2496,1404,0.379264
65,"Fused RGB16",0,6,3840,2160,2496,1404,0.379136
65,"Fused RGB16",0,7,3840,2160,2496,1404,0.379264
65,"Fused RGB16",0,8,3840,2160,2496,1404,0.379008
65,"Fused RGB16",0,9,3840,2160,2496,1404,0.379136
65,"Fused RGB16",0,10,3840,2160,2496,1404,0.379136
65,"Fused RGB16",0,11,3840,2160,2496,1404,0.380544
65,"Fused RGB16",0,12,3840,2160,2496,1404,0.381824
65,"Fused RGB16",0,13,3840,2160,2496,1404,0.381824
65,"Fused RGB16",0,14,3840,2160,2496,1404,0.381696
65,"Fused RGB16",0,15,3840,2160,2496,1404,0.381696
65,"Fused RGB16",0,16,3840,2160,2496,1404,0.386176
65,"Fused RGB16",0,17,3840,2160,2496,1404,0.381696
65,"Fused RGB16",0,18,3840,2160,2496,1404,0.381824
65,"Fused RGB16",0,19,3840,2160,2496,1404,0.381824
65,"Fused RGB16",0,20,3840,2160,2496,1404,0.381824
65,"Fused RGB16",0,21,3840,2160,2496,1404,0.381696
65,"Fused RGB16",0,22,3840,2160,2496,1404,0.381952
65,"Fused RGB16",0,23,3840,2160,2496,1404,0.381696
65,"Fused RGB16",0,24,3840,2160,2496,1404,0.379136
65,"Fused RGB16",0,25,3840,2160,2496,1404,0.379136
65,"Fused RGB16",0,26,3840,2160,2496,1404,0.41856
65,"Fused RGB16",0,27,3840,2160,2496,1404,0.46464
65,"Fused RGB16",0,28,3840,2160,2496,1404,0.379008
65,"Fused RGB16",0,29,3840,2160,2496,1404,0.379136
65,"Fused RGB16",0,30,3840,2160,2496,1404,0.465536
65,"Fused RGB16",0,31,3840,2160,2496,1404,0.371584
65,"Fused RGB16",0,32,3840,2160,2496,1404,0.372736
65,"Fused RGB16",0,33,3840,2160,2496,1404,0.3712
65,"Fused RGB16",0,34,3840,2160,2496,1404,0.3712
65,"Fused RGB16",0,35,3840,2160,2496,1404,0.371328
65,"Fused RGB16",0,36,3840,2160,2496,1404,0.370304
65,"Fused RGB16",0,37,3840,2160,2496,1404,0.368768
65,"Fused RGB16",0,38,3840,2160,2496,1404,0.368896
65,"Fused RGB16",0,39,3840,2160,2496,1404,0.368768
65,"Fused RGB16",0,40,3840,2160,2496,1404,0.368768
65,"Fused RGB16",0,41,3840,2160,2496,1404,0.36864
65,"Fused RGB16",0,42,3840,2160,2496,1404,0.368512
65,"Fused RGB16",0,43,3840,2160,2496,1404,0.372992
65,"Fused RGB16",0,44,3840,2160,2496,1404,0.387328
65,"Fused RGB16",0,45,3840,2160,2496,1404,0.387328
65,"Fused RGB16",0,46,3840,2160,2496,1404,0.387456
65,"Fused RGB16",0,47,3840,2160,2496,1404,0.3872
65,"Fused RGB16",0,48,3840,2160,2496,1404,0.388736
65,"Fused RGB16",0,49,3840,2160,2496,1404,0.387328
65,"Fused RGB16",0,50,3840,2160,2496,1404,0.3872
65,"Fused RGB16",0,51,3840,2160,2496,1404,0.3872
65,"Fused RGB16",0,52,3840,2160,2496,1404,0.3872
65,"Fused RGB16",0,53,3840,2160,2496,1404,0.3872
65,"Fused RGB16",0,54,3840,2160,2496,1404,0.3872
65,"Fused RGB16",0,55,3840,2160,2496,1404,0.3872
65,"Fused RGB16",0,56,3840,2160,2496,1404,0.382848
65,"Fused RGB16",0,57,3840,2160,2496,1404,0.381824
65,"Fused RGB16",0,58,3840,2160,2496,1404,0.381824
65,"Fused RGB16",0,59,3840,2160,2496,1404,0.381824
65,"Fused RGB16",0,60,3840,2160,2496,1404,0.381824
65,"Fused RGB16",0,61,3840,2160,2496,1404,0.381824
65,"Fused RGB16",0,62,3840,2160,2496,1404,0.382336
65,"Fused RGB16",0,63,3840,2160,2496,1404,0.384512
65,"Fused RGB16",0,64,3840,2160,2496,1404,0.38592
65,"Fused RGB16",0,65,3840,2160,2496,1404,0.384512
65,"Fused RGB16",0,66,3840,2160,2496,1404,0.384384
65,"Fused RGB16",0,67,3840,2160,2496,1404,0.38464
65,"Fused RGB16",0,68,3840,2160,2496,1404,0.384512
65,"Fused RGB16",0,69,3840,2160,2496,1404,0.381952
65,"Fused RGB16",0,70,3840,2160,2496,1404,0.381952
65,"Fused RGB16",0,71,3840,2160,2496,1404,0.381696
65,"Fused RGB16",0,72,3840,2160,2496,1404,0.381824
65,"Fused RGB16",0,73,3840,2160,2496,1404,0.381696
65,"Fused RGB16",0,74,3840,2160,2496,1404,0.381824
65,"Fused RGB16",0,75,3840,2160,2496,1404,0.381824
65,"Fused RGB16",0,76,3840,2160,2496,1404,0.384128
65,"Fused RGB16",0,77,3840,2160,2496,1404,0.384512
65,"Fused RGB16",0,78,3840,2160,2496,1404,0.384384
65,"Fused RGB16",0,79,3840,2160,2496,1404,0.384512
65,"Fused RGB16",0,80,3840,2160,2496,1404,0.386048
65,"Fused RGB16",0,81,3840,2160,2496,1404,0.384512
65,"Fused RGB16",0,82,3840,2160,2496,1404,0.38464
65,"Fused RGB16",0,83,3840,2160,2496,1404,0.384512
65,"Fused RGB16",0,84,3840,2160,2496,1404,0.384512
65,"Fused RGB16",0,85,3840,2160,2496,1404,0.38464
65,"Fused RGB16",0,86,3840,2160,2496,1404,0.384512
65,"Fused RGB16",0,87,3840,2160,2496,1404,0.384512
65,"Fused RGB16",0,88,3840,2160,2496,1404,0.3776
65,"Fused RGB16",0,89,3840,2160,2496,1404,0.373888
65,"Fused RGB16",0,90,3840,2160,2496,1404,0.373888
65,"Fused RGB16",0,91,3840,2160,2496,1404,0.37376
65,"Fused RGB16",0,92,3840,2160,2496,1404,0.374656
65,"Fused RGB16",0,93,3840,2160,2496,1404,0.374272
65,"Fused RGB16",0,94,3840,2160,2496,1404,0.373888
65,"Fused RGB16",0,95,3840,2160,2496,1404,0.38272
65,"Fused RGB16",0,96,3840,2160,2496,1404,0.386048
65,"Fused RGB16",0,97,3840,2160,2496,1404,0.384384
65,"Fused RGB16",0,98,3840,2160,2496,1404,0.384512
65,"Fused RGB16",0,99,3840,2160,2496,1404,0.384512
65,"Fused RGB16",0,100,3840,2160,2496,1404,0.384512
65,"Fused RGB16",0,101,3840,2160,2496,1404,0.381568
65,"Fused RGB16",0,102,3840,2160,2496,1404,0.379008
65,"Fused RGB16",0,103,3840,2160,2496,1404,0.379136
65,"Fused RGB16",0,104,3840,2160,2496,1404,0.379136
65,"Fused RGB16",0,105,3840,2160,2496,1404,0.379264
65,"Fused RGB16",0,106,3840,2160,2496,1404,0.379008
65,"Fused RGB16",0,107,3840,2160,2496,1404,0.379008
65,"Fused RGB16",0,108,3840,2160,2496,1404,0.38208
65,"Fused RGB16",0,109,3840,2160,2496,1404,0.384512
65,"Fused RGB16",0,110,3840,2160,2496,1404,0.384384
65,"Fused RGB16",0,111,3840,2160,2496,1404,0.384512
65,"Fused RGB16",0,112,3840,2160,2496,1404,0.386176
65,"Fused RGB16",0,113,3840,2160,2496,1404,0.384512
65,"Fused RGB16",0,114,3840,2160,2496,1404,0.382592
65,"Fused RGB16",0,115,3840,2160,2496,1404,0.381824
65,"Fused RGB16",0,116,3840,2160,2496,1404,0.381824
65,"Fused RGB16",0,117,3840,2160,2496,1404,0.381824
65,"Fused RGB16",0,118,3840,2160,2496,1404,0.381696
65,"Fused RGB16",0,119,3840,2160,2496,1404,0.381696
65,"Fused RGB16",0,120,3840,2160,2496,1404,0.381824
65,"Fused RGB16",0,121,3840,2160,2496,1404,0.384256
65,"Fused RGB16",0,122,3840,2160,2496,1404,0.384512
65,"Fused RGB16",0,123,3840,2160,2496,1404,0.384512
65,"Fused RGB16",0,124,3840,2160,2496,1404,0.384512
65,"Fused RGB16",0,125,3840,2160,2496,1404,0.384384
65,"Fused RGB16",0,126,3840,2160,2496,1404,0.38464
65,"Fused RGB16",0,127,3840,2160,2496,1404,0.384384
65,"Fused RGB16",0,128,3840,2160,2496,1404,0.38592
65,"Fused RGB16",0,129,3840,2160,2496,1404,0.384512
65,"Fused RGB16",0,130,3840,2160,2496,1404,0.384512
65,"Fused RGB16",0,131,3840,2160,2496,1404,0.38464
65,"Fused RGB16",0,132,3840,2160,2496,1404,0.384512
65,"Fused RGB16",0,133,3840,2160,2496,1404,0.384
65,"Fused RGB16",0,134,3840,2160,2496,1404,0.381696
65,"Fused RGB16",0,135,3840,2160,2496,1404,0.381952
65,"Fused RGB16",0,136,3840,2160,2496,1404,0.381824
65,"Fused RGB16",0,137,3840,2160,2496,1404,0.381824
65,"Fused RGB16",0,138,3840,2160,2496,1404,0.381824
65,"Fused RGB16",0,139,3840,2160,2496,1404,0.381824
65,"Fused RGB16",0,140,3840,2160,2496,1404,0.381952
65,"Fused RGB16",0,141,3840,2160,2496,1404,0.384512
65,"Fused RGB16",0,142,3840,2160,2496,1404,0.384512
65,"Fused RGB16",0,143,3840,2160,2496,1404,0.384768
65,"Fused RGB16",0,144,3840,2160,2496,1404,0.385408
65,"Fused RGB16",0,145,3840,2160,2496,1404,0.384384
65,"Fused RGB16",0,146,3840,2160,2496,1404,0.38464
65,"Fused RGB16",0,147,3840,2160,2496,1404,0.384512
65,"Fused RGB16",0,148,3840,2160,2496,1404,0.384384
65,"Fused RGB16",0,149,3840,2160,2496,1404,0.38464
65,"Fused RGB16",0,150,3840,2160,2496,1404,0.38464
65,"Fused RGB16",0,151,3840,2160,2496,1404,0.384512
65,"Fused RGB16",0,152,3840,2160,2496,1404,0.384512
65,"Fused RGB16",0,153,3840,2160,2496,1404,0.386176
65,"Fused RGB16",0,154,3840,2160,2496,1404,0.387456
65,"Fused RGB16",0,155,3840,2160,2496,1404,0.387328
65,"Fused RGB16",0,156,3840,2160,2496,1404,0.387328
65,"Fused RGB16",0,157,3840,2160,2496,1404,0.3872
65,"Fused RGB16",0,158,3840,2160,2496,1404,0.387328
65,"Fused RGB16",0,159,3840,2160,2496,1404,0.387328
65,"Fast guided (approximate)",1,0,3840,2160,2496,1404,0.363776
65,"Fast guided (approximate)",1,1,3840,2160,2496,1404,0.286848
65,"Fast guided (approximate)",1,2,3840,2160,2496,1404,0.28736
65,"Fast guided (approximate)",1,3,3840,2160,2496,1404,0.329088
65,"Fast guided (approximate)",1,4,3840,2160,2496,1404,0.320768
65,"Fast guided (approximate)",1,5,3840,2160,2496,1404,0.288128
65,"Fast guided (approximate)",1,6,3840,2160,2496,1404,0.285312
65,"Fast guided (approximate)",1,7,3840,2160,2496,1404,0.377472
65,"Fast guided (approximate)",1,8,3840,2160,2496,1404,0.286848
65,"Fast guided (approximate)",1,9,3840,2160,2496,1404,0.28672
65,"Fast guided (approximate)",1,10,3840,2160,2496,1404,0.350592
65,"Fast guided (approximate)",1,11,3840,2160,2496,1404,0.28672
65,"Fast guided (approximate)",1,12,3840,2160,2496,1404,0.287488
65,"Fast guided (approximate)",1,13,3840,2160,2496,1404,0.285824
65,"Fast guided (approximate)",1,14,3840,2160,2496,1404,0.351104
65,"Fast guided (approximate)",1,15,3840,2160,2496,1404,0.28736
65,"Fast guided (approximate)",1,16,3840,2160,2496,1404,0.285696
65,"Fast guided (approximate)",1,17,3840,2160,2496,1404,0.349952
65,"Fast guided (approximate)",1,18,3840,2160,2496,1404,0.287104
65,"Fast guided (approximate)",1,19,3840,2160,2496,1404,0.286976
65,"Fast guided (approximate)",1,20,3840,2160,2496,1404,0.329856
65,"Fast guided (approximate)",1,21,3840,2160,2496,1404,0.319616
65,"Fast guided (approximate)",1,22,3840,2160,2496,1404,0.287488
65,"Fast guided (approximate)",1,23,3840,2160,2496,1404,0.285312
65,"Fast guided (approximate)",1,24,3840,2160,2496,1404,0.364288
65,"Fast guided (approximate)",1,25,3840,2160,2496,1404,0.28736
65,"Fast guided (approximate)",1,26,3840,2160,2496,1404,0.286592
65,"Fast guided (approximate)",1,27,3840,2160,2496,1404,0.363904
65,"Fast guided (approximate)",1,28,3840,2160,2496,1404,0.287104
65,"Fast guided (approximate)",1,29,3840,2160,2496,1404,0.287104
65,"Fast guided (approximate)",1,30,3840,2160,2496,1404,0.35008
65,"Fast guided (approximate)",1,31,3840,2160,2496,1404,0.286464
65,"Fast guided (approximate)",1,32,3840,2160,2496,1404,0.287872
65,"Fast guided (approximate)",1,33,3840,2160,2496,1404,0.285184
65,"Fast guided (approximate)",1,34,3840,2160,2496,1404,0.364032
65,"Fast guided (approximate)",1,35,3840,2160,2496,1404,0.287104
65,"Fast guided (approximate)",1,36,3840,2160,2496,1404,0.28672
65,"Fast guided (approximate)",1,37,3840,2160,2496,1404,0.349952
65,"Fast guided (approximate)",1,38,3840,2160,2496,1404,0.286848
65,"Fast guided (approximate)",1,39,3840,2160,2496,1404,0.287104
65,"Fast guided (approximate)",1,40,3840,2160,2496,1404,0.347776
65,"Fast guided (approximate)",1,41,3840,2160,2496,1404,0.288256
65,"Fast guided (approximate)",1,42,3840,2160,2496,1404,0.287744
65,"Fast guided (approximate)",1,43,3840,2160,2496,1404,0.285312
65,"Fast guided (approximate)",1,44,3840,2160,2496,1404,0.36224
65,"Fast guided (approximate)",1,45,3840,2160,2496,1404,0.286976
65,"Fast guided (approximate)",1,46,3840,2160,2496,1404,0.286848
65,"Fast guided (approximate)",1,47,3840,2160,2496,1404,0.348416
65,"Fast guided (approximate)",1,48,3840,2160,2496,1404,0.286848
65,"Fast guided (approximate)",1,49,3840,2160,2496,1404,0.28736
65,"Fast guided (approximate)",1,50,3840,2160,2496,1404,0.28608
65,"Fast guided (approximate)",1,51,3840,2160,2496,1404,0.375808
65,"Fast guided (approximate)",1,52,3840,2160,2496,1404,0.288
65,"Fast guided (approximate)",1,53,3840,2160,2496,1404,0.28544
65,"Fast guided (approximate)",1,54,3840,2160,2496,1404,0.361984
65,"Fast guided (approximate)",1,55,3840,2160,2496,1404,0.287104
65,"Fast guided (approximate)",1,56,3840,2160,2496,1404,0.28672
65,"Fast guided (approximate)",1,57,3840,2160,2496,1404,0.360576
65,"Fast guided (approximate)",1,58,3840,2160,2496,1404,0.286336
65,"Fast guided (approximate)",1,59,3840,2160,2496,1404,0.287616
65,"Fast guided (approximate)",1,60,3840,2160,2496,1404,0.28544
65,"Fast guided (approximate)",1,61,3840,2160,2496,1404,0.34816
65,"Fast guided (approximate)",1,62,3840,2160,2496,1404,0.286976
65,"Fast guided (approximate)",1,63,3840,2160,2496,1404,0.286464
65,"Fast guided (approximate)",1,64,3840,2160,2496,1404,0.376192
65,"Fast guided (approximate)",1,65,3840,2160,2496,1404,0.28736
65,"Fast guided (approximate)",1,66,3840,2160,2496,1404,0.286848
65,"Fast guided (approximate)",1,67,3840,2160,2496,1404,0.3616
65,"Fast guided (approximate)",1,68,3840,2160,2496,1404,0.286592
65,"Fast guided (approximate)",1,69,3840,2160,2496,1404,0.287616
65,"Fast guided (approximate)",1,70,3840,2160,2496,1404,0.285696
65,"Fast guided (approximate)",1,71,3840,2160,2496,1404,0.361472
65,"Fast guided (approximate)",1,72,3840,2160,2496,1404,0.28736
65,"Fast guided (approximate)",1,73,3840,2160,2496,1404,0.285952
65,"Fast guided (approximate)",1,74,3840,2160,2496,1404,0.375168
65,"Fast guided (approximate)",1,75,3840,2160,2496,1404,0.287104
65,"Fast guided (approximate)",1,76,3840,2160,2496,1404,0.287104
65,"Fast guided (approximate)",1,77,3840,2160,2496,1404,0.36032
65,"Fast guided (approximate)",1,78,3840,2160,2496,1404,0.286336
65,"Fast guided (approximate)",1,79,3840,2160,2496,1404,0.287488
65,"Fast guided (approximate)",1,80,3840,2160,2496,1404,0.285952
65,"Fast guided (approximate)",1,81,3840,2160,2496,1404,0.349312
65,"Fast guided (approximate)",1,82,3840,2160,2496,1404,0.28736
65,"Fast guided (approximate)",1,83,3840,2160,2496,1404,0.285952
65,"Fast guided (approximate)",1,84,3840,2160,2496,1404,0.349952
65,"Fast guided (approximate)",1,85,3840,2160,2496,1404,0.286848
65,"Fast guided (approximate)",1,86,3840,2160,2496,1404,0.287232
65,"Fast guided (approximate)",1,87,3840,2160,2496,1404,0.353024
65,"Fast guided (approximate)",1,88,3840,2160,2496,1404,0.286464
65,"Fast guided (approximate)",1,89,3840,2160,2496,1404,0.287744
65,"Fast guided (approximate)",1,90,3840,2160,2496,1404,0.28544
65,"Fast guided (approximate)",1,91,3840,2160,2496,1404,0.349696
65,"Fast guided (approximate)",1,92,3840,2160,2496,1404,0.286976
65,"Fast guided (approximate)",1,93,3840,2160,2496,1404,0.286976
65,"Fast guided (approximate)",1,94,3840,2160,2496,1404,0.349312
65,"Fast guided (approximate)",1,95,3840,2160,2496,1404,0.286464
65,"Fast guided (approximate)",1,96,3840,2160,2496,1404,0.287744
65,"Fast guided (approximate)",1,97,3840,2160,2496,1404,0.347136
65,"Fast guided (approximate)",1,98,3840,2160,2496,1404,0.288512
65,"Fast guided (approximate)",1,99,3840,2160,2496,1404,0.287488
65,"Fast guided (approximate)",1,100,3840,2160,2496,1404,0.285952
65,"Fast guided (approximate)",1,101,3840,2160,2496,1404,0.362752
65,"Fast guided (approximate)",1,102,3840,2160,2496,1404,0.287232
65,"Fast guided (approximate)",1,103,3840,2160,2496,1404,0.286976
65,"Fast guided (approximate)",1,104,3840,2160,2496,1404,0.362112
65,"Fast guided (approximate)",1,105,3840,2160,2496,1404,0.287488
65,"Fast guided (approximate)",1,106,3840,2160,2496,1404,0.288
65,"Fast guided (approximate)",1,107,3840,2160,2496,1404,0.285184
65,"Fast guided (approximate)",1,108,3840,2160,2496,1404,0.350208
65,"Fast guided (approximate)",1,109,3840,2160,2496,1404,0.286976
65,"Fast guided (approximate)",1,110,3840,2160,2496,1404,0.28672
65,"Fast guided (approximate)",1,111,3840,2160,2496,1404,0.36224
65,"Fast guided (approximate)",1,112,3840,2160,2496,1404,0.287104
65,"Fast guided (approximate)",1,113,3840,2160,2496,1404,0.286976
65,"Fast guided (approximate)",1,114,3840,2160,2496,1404,0.361856
65,"Fast guided (approximate)",1,115,3840,2160,2496,1404,0.286592
65,"Fast guided (approximate)",1,116,3840,2160,2496,1404,0.287616
65,"Fast guided (approximate)",1,117,3840,2160,2496,1404,0.28544
65,"Fast guided (approximate)",1,118,3840,2160,2496,1404,0.362496
65,"Fast guided (approximate)",1,119,3840,2160,2496,1404,0.28672
65,"Fast guided (approximate)",1,120,3840,2160,2496,1404,0.286336
65,"Fast guided (approximate)",1,121,3840,2160,2496,1404,0.361216
65,"Fast guided (approximate)",1,122,3840,2160,2496,1404,0.286592
65,"Fast guided (approximate)",1,123,3840,2160,2496,1404,0.286976
65,"Fast guided (approximate)",1,124,3840,2160,2496,1404,0.347904
65,"Fast guided (approximate)",1,125,3840,2160,2496,1404,0.286336
65,"Fast guided (approximate)",1,126,3840,2160,2496,1404,0.287616
65,"Fast guided (approximate)",1,127,3840,2160,2496,1404,0.285184
65,"Fast guided (approximate)",1,128,3840,2160,2496,1404,0.3776
65,"Fast guided (approximate)",1,129,3840,2160,2496,1404,0.287232
65,"Fast guided (approximate)",1,130,3840,2160,2496,1404,0.286336
65,"Fast guided (approximate)",1,131,3840,2160,2496,1404,0.347648
65,"Fast guided (approximate)",1,132,3840,2160,2496,1404,0.286592
65,"Fast guided (approximate)",1,133,3840,2160,2496,1404,0.287232
65,"Fast guided (approximate)",1,134,3840,2160,2496,1404,0.344832
65,"Fast guided (approximate)",1,135,3840,2160,2496,1404,0.314496
65,"Fast guided (approximate)",1,136,3840,2160,2496,1404,0.287616
65,"Fast guided (approximate)",1,137,3840,2160,2496,1404,0.285184
65,"Fast guided (approximate)",1,138,3840,2160,2496,1404,0.359808
65,"Fast guided (approximate)",1,139,3840,2160,2496,1404,0.286848
65,"Fast guided (approximate)",1,140,3840,2160,2496,1404,0.28672
65,"Fast guided (approximate)",1,141,3840,2160,2496,1404,0.372736
65,"Fast guided (approximate)",1,142,3840,2160,2496,1404,0.286464
65,"Fast guided (approximate)",1,143,3840,2160,2496,1404,0.287232
65,"Fast guided (approximate)",1,144,3840,2160,2496,1404,0.347264
65,"Fast guided (approximate)",1,145,3840,2160,2496,1404,0.28608
65,"Fast guided (approximate)",1,146,3840,2160,2496,1404,0.287744
65,"Fast guided (approximate)",1,147,3840,2160,2496,1404,0.285056
65,"Fast guided (approximate)",1,148,3840,2160,2496,1404,0.372992
65,"Fast guided (approximate)",1,149,3840,2160,2496,1404,0.286848
65,"Fast guided (approximate)",1,150,3840,2160,2496,1404,0.286592
65,"Fast guided (approximate)",1,151,3840,2160,2496,1404,0.34624
65,"Fast guided (approximate)",1,152,3840,2160,2496,1404,0.286464
65,"Fast guided (approximate)",1,153,3840,2160,2496,1404,0.28736
65,"Fast guided (approximate)",1,154,3840,2160,2496,1404,0.285312
65,"Fast guided (approximate)",1,155,3840,2160,2496,1404,0.34624
65,"Fast guided (approximate)",1,156,3840,2160,2496,1404,0.286848
65,"Fast guided (approximate)",1,157,3840,2160,2496,1404,0.286336
65,"Fast guided (approximate)",1,158,3840,2160,2496,1404,0.346112
65,"Fast guided (approximate)",1,159,3840,2160,2496,1404,0.286592
65,"Fast guided (approximate)",2,0,3840,2160,2496,1404,0.328576
65,"Fast guided (approximate)",2,1,3840,2160,2496,1404,0.317312
65,"Fast guided (approximate)",2,2,3840,2160,2496,1404,0.286848
65,"Fast guided (approximate)",2,3,3840,2160,2496,1404,0.28672
65,"Fast guided (approximate)",2,4,3840,2160,2496,1404,0.357248
65,"Fast guided (approximate)",2,5,3840,2160,2496,1404,0.314112
65,"Fast guided (approximate)",2,6,3840,2160,2496,1404,0.285056
65,"Fast guided (approximate)",2,7,3840,2160,2496,1404,0.384896
65,"Fast guided (approximate)",2,8,3840,2160,2496,1404,0.287488
65,"Fast guided (approximate)",2,9,3840,2160,2496,1404,0.285824
65,"Fast guided (approximate)",2,10,3840,2160,2496,1404,0.342272
65,"Fast guided (approximate)",2,11,3840,2160,2496,1404,0.286464
65,"Fast guided (approximate)",2,12,3840,2160,2496,1404,0.286976
65,"Fast guided (approximate)",2,13,3840,2160,2496,1404,0.286592
65,"Fast guided (approximate)",2,14,3840,2160,2496,1404,0.313728
65,"Fast guided (approximate)",2,15,3840,2160,2496,1404,0.287232
65,"Fast guided (approximate)",2,16,3840,2160,2496,1404,0.285312
65,"Fast guided (approximate)",2,17,3840,2160,2496,1404,0.287872
65,"Fast guided (approximate)",2,18,3840,2160,2496,1404,0.286464
65,"Fast guided (approximate)",2,19,3840,2160,2496,1404,0.286848
65,"Fast guided (approximate)",2,20,3840,2160,2496,1404,0.286976
65,"Fast guided (approximate)",2,21,3840,2160,2496,1404,0.286208
65,"Fast guided (approximate)",2,22,3840,2160,2496,1404,0.287232
65,"Fast guided (approximate)",2,23,3840,2160,2496,1404,0.285696
65,"Fast guided (approximate)",2,24,3840,2160,2496,1404,0.287744
65,"Fast guided (approximate)",2,25,3840,2160,2496,1404,0.286208
65,"Fast guided (approximate)",2,26,3840,2160,2496,1404,0.28736
65,"Fast guided (approximate)",2,27,3840,2160,2496,1404,0.285312
65,"Fast guided (approximate)",2,28,3840,2160,2496,1404,0.287872
65,"Fast guided (approximate)",2,29,3840,2160,2496,1404,0.286848
65,"Fast guided (approximate)",2,30,3840,2160,2496,1404,0.286848
65,"Fast guided (approximate)",2,31,3840,2160,2496,1404,0.287744
65,"Fast guided (approximate)",2,32,3840,2160,2496,1404,0.28736
65,"Fast guided (approximate)",2,33,3840,2160,2496,1404,0.286848
65,"Fast guided (approximate)",2,34,3840,2160,2496,1404,0.315776
65,"Fast guided (approximate)",2,35,3840,2160,2496,1404,0.286592
65,"Fast guided (approximate)",2,36,3840,2160,2496,1404,0.287744
65,"Fast guided (approximate)",2,37,3840,2160,2496,1404,0.28544
65,"Fast guided (approximate)",2,38,3840,2160,2496,1404,0.288
65,"Fast guided (approximate)",2,39,3840,2160,2496,1404,0.286848
65,"Fast guided (approximate)",2,40,3840,2160,2496,1404,0.287104
65,"Fast guided (approximate)",2,41,3840,2160,2496,1404,0.286848
65,"Fast guided (approximate)",2,42,3840,2160,2496,1404,0.286976
65,"Fast guided (approximate)",2,43,3840,2160,2496,1404,0.287104
65,"Fast guided (approximate)",2,44,3840,2160,2496,1404,0.286464
65,"Fast guided (approximate)",2,45,3840,2160,2496,1404,0.288
65,"Fast guided (approximate)",2,46,3840,2160,2496,1404,0.286592
65,"Fast guided (approximate)",2,47,3840,2160,2496,1404,0.287872
65,"Fast guided (approximate)",2,48,3840,2160,2496,1404,0.286208
65,"Fast guided (approximate)",2,49,3840,2160,2496,1404,0.287872
65,"Fast guided (approximate)",2,50,3840,2160,2496,1404,0.287104
65,"Fast guided (approximate)",2,51,3840,2160,2496,1404,0.286848
65,"Fast guided (approximate)",2,52,3840,2160,2496,1404,0.288
65,"Fast guided (approximate)",2,53,3840,2160,2496,1404,0.286336
65,"Fast guided (approximate)",2,54,3840,2160,2496,1404,0.288128
65,"Fast guided (approximate)",2,55,3840,2160,2496,1404,0.28544
65,"Fast guided (approximate)",2,56,3840,2160,2496,1404,0.288128
65,"Fast guided (approximate)",2,57,3840,2160,2496,1404,0.286976
65,"Fast guided (approximate)",2,58,3840,2160,2496,1404,0.287488
65,"Fast guided (approximate)",2,59,3840,2160,2496,1404,0.286848
65,"Fast guided (approximate)",2,60,3840,2160,2496,1404,0.28736
65,"Fast guided (approximate)",2,61,3840,2160,2496,1404,0.287232
65,"Fast guided (approximate)",2,62,3840,2160,2496,1404,0.286976
65,"Fast guided (approximate)",2,63,3840,2160,2496,1404,0.288128
65,"Fast guided (approximate)",2,64,3840,2160,2496,1404,0.28736
65,"Fast guided (approximate)",2,65,3840,2160,2496,1404,0.287616
65,"Fast guided (approximate)",2,66,3840,2160,2496,1404,0.286848
65,"Fast guided (approximate)",2,67,3840,2160,2496,1404,0.287104
65,"Fast guided (approximate)",2,68,3840,2160,2496,1404,0.287232
65,"Fast guided (approximate)",2,69,3840,2160,2496,1404,0.286848
65,"Fast guided (approximate)",2,70,3840,2160,2496,1404,0.288128
65,"Fast guided (approximate)",2,71,3840,2160,2496,1404,0.286592
65,"Fast guided (approximate)",2,72,3840,2160,2496,1404,0.287744
65,"Fast guided (approximate)",2,73,3840,2160,2496,1404,0.28544
65,"Fast guided (approximate)",2,74,3840,2160,2496,1404,0.288128
65,"Fast guided (approximate)",2,75,3840,2160,2496,1404,0.286976
65,"Fast guided (approximate)",2,76,3840,2160,2496,1404,0.287104
65,"Fast guided (approximate)",2,77,3840,2160,2496,1404,0.287488
65,"Fast guided (approximate)",2,78,3840,2160,2496,1404,0.286592
65,"Fast guided (approximate)",2,79,3840,2160,2496,1404,0.287872
65,"Fast guided (approximate)",2,80,3840,2160,2496,1404,0.288256
65,"Fast guided (approximate)",2,81,3840,2160,2496,1404,0.28672
65,"Fast guided (approximate)",2,82,3840,2160,2496,1404,0.287872
65,"Fast guided (approximate)",2,83,3840,2160,2496,1404,0.28544
65,"Fast guided (approximate)",2,84,3840,2160,2496,1404,0.288256
65,"Fast guided (approximate)",2,85,3840,2160,2496,1404,0.287104
65,"Fast guided (approximate)",2,86,3840,2160,2496,1404,0.287104
65,"Fast guided (approximate)",2,87,3840,2160,2496,1404,0.286848
65,"Fast guided (approximate)",2,88,3840,2160,2496,1404,0.315392
65,"Fast guided (approximate)",2,89,3840,2160,2496,1404,0.287872
65,"Fast guided (approximate)",2,90,3840,2160,2496,1404,0.285952
65,"Fast guided (approximate)",2,91,3840,2160,2496,1404,0.358272
65,"Fast guided (approximate)",2,92,3840,2160,2496,1404,0.314112
65,"Fast guided (approximate)",2,93,3840,2160,2496,1404,0.286848
65,"Fast guided (approximate)",2,94,3840,2160,2496,1404,0.358656
65,"Fast guided (approximate)",2,95,3840,2160,2496,1404,0.286848
65,"Fast guided (approximate)",2,96,3840,2160,2496,1404,0.287744
65,"Fast guided (approximate)",2,97,3840,2160,2496,1404,0.328192
65,"Fast guided (approximate)",2,98,3840,2160,2496,1404,0.287616
65,"Fast guided (approximate)",2,99,3840,2160,2496,1404,0.287488
65,"Fast guided (approximate)",2,100,3840,2160,2496,1404,0.285952
65,"Fast guided (approximate)",2,101,3840,2160,2496,1404,0.288
65,"Fast guided (approximate)",2,102,3840,2160,2496,1404,0.28672
65,"Fast guided (approximate)",2,103,3840,2160,2496,1404,0.287488
65,"Fast guided (approximate)",2,104,3840,2160,2496,1404,0.285696
65,"Fast guided (approximate)",2,105,3840,2160,2496,1404,0.288384
65,"Fast guided (approximate)",2,106,3840,2160,2496,1404,0.287104
65,"Fast guided (approximate)",2,107,3840,2160,2496,1404,0.286848
65,"Fast guided (approximate)",2,108,3840,2160,2496,1404,0.330112
65,"Fast guided (approximate)",2,109,3840,2160,2496,1404,0.28672
65,"Fast guided (approximate)",2,110,3840,2160,2496,1404,0.287872
65,"Fast guided (approximate)",2,111,3840,2160,2496,1404,0.28544
65,"Fast guided (approximate)",2,112,3840,2160,2496,1404,0.287488
65,"Fast guided (approximate)",2,113,3840,2160,2496,1404,0.287104
65,"Fast guided (approximate)",2,114,3840,2160,2496,1404,0.28672
65,"Fast guided (approximate)",2,115,3840,2160,2496,1404,0.288
65,"Fast guided (approximate)",2,116,3840,2160,2496,1404,0.286464
65,"Fast guided (approximate)",2,117,3840,2160,2496,1404,0.287744
65,"Fast guided (approximate)",2,118,3840,2160,2496,1404,0.28544
65,"Fast guided (approximate)",2,119,3840,2160,2496,1404,0.288128
65,"Fast guided (approximate)",2,120,3840,2160,2496,1404,0.286976
65,"Fast guided (approximate)",2,121,3840,2160,2496,1404,0.287104
65,"Fast guided (approximate)",2,122,3840,2160,2496,1404,0.287488
65,"Fast guided (approximate)",2,123,3840,2160,2496,1404,0.286592
65,"Fast guided (approximate)",2,124,3840,2160,2496,1404,0.287616
65,"Fast guided (approximate)",2,125,3840,2160,2496,1404,0.285952
65,"Fast guided (approximate)",2,126,3840,2160,2496,1404,0.288128
65,"Fast guided (approximate)",2,127,3840,2160,2496,1404,0.286592
65,"Fast guided (approximate)",2,128,3840,2160,2496,1404,0.28736
65,"Fast guided (approximate)",2,129,3840,2160,2496,1404,0.287616
65,"Fast guided (approximate)",2,130,3840,2160,2496,1404,0.286848
65,"Fast guided (approximate)",2,131,3840,2160,2496,1404,0.287616
65,"Fast guided (approximate)",2,132,3840,2160,2496,1404,0.28608
65,"Fast guided (approximate)",2,133,3840,2160,2496,1404,0.288
65,"Fast guided (approximate)",2,134,3840,2160,2496,1404,0.28672
65,"Fast guided (approximate)",2,135,3840,2160,2496,1404,0.287616
65,"Fast guided (approximate)",2,136,3840,2160,2496,1404,0.285952
65,"Fast guided (approximate)",2,137,3840,2160,2496,1404,0.287872
65,"Fast guided (approximate)",2,138,3840,2160,2496,1404,0.287232
65,"Fast guided (approximate)",2,139,3840,2160,2496,1404,0.286976
65,"Fast guided (approximate)",2,140,3840,2160,2496,1404,0.288
65,"Fast guided (approximate)",2,141,3840,2160,2496,1404,0.286336
65,"Fast guided (approximate)",2,142,3840,2160,2496,1404,0.287872
65,"Fast guided (approximate)",2,143,3840,2160,2496,1404,0.28544
65,"Fast guided (approximate)",2,144,3840,2160,2496,1404,0.28864
65,"Fast guided (approximate)",2,145,3840,2160,2496,1404,0.286848
65,"Fast guided (approximate)",2,146,3840,2160,2496,1404,0.287104
65,"Fast guided (approximate)",2,147,3840,2160,2496,1404,0.287616
65,"Fast guided (approximate)",2,148,3840,2160,2496,1404,0.286592
65,"Fast guided (approximate)",2,149,3840,2160,2496,1404,0.287616
65,"Fast guided (approximate)",2,150,3840,2160,2496,1404,0.285824
65,"Fast guided (approximate)",2,151,3840,2160,2496,1404,0.288256
65,"Fast guided (approximate)",2,152,3840,2160,2496,1404,0.28672
65,"Fast guided (approximate)",2,153,3840,2160,2496,1404,0.287616
65,"Fast guided (approximate)",2,154,3840,2160,2496,1404,0.286208
65,"Fast guided (approximate)",2,155,3840,2160,2496,1404,0.287872
65,"Fast guided (approximate)",2,156,3840,2160,2496,1404,0.286976
65,"Fast guided (approximate)",2,157,3840,2160,2496,1404,0.286976
65,"Fast guided (approximate)",2,158,3840,2160,2496,1404,0.288
65,"Fast guided (approximate)",2,159,3840,2160,2496,1404,0.286336
65,"Fused RGB16",3,0,3840,2160,2496,1404,0.403072
65,"Fused RGB16",3,1,3840,2160,2496,1404,0.536064
65,"Fused RGB16",3,2,3840,2160,2496,1404,0.403456
65,"Fused RGB16",3,3,3840,2160,2496,1404,0.48896
65,"Fused RGB16",3,4,3840,2160,2496,1404,0.385024
65,"Fused RGB16",3,5,3840,2160,2496,1404,0.386176
65,"Fused RGB16",3,6,3840,2160,2496,1404,0.48
65,"Fused RGB16",3,7,3840,2160,2496,1404,0.385024
65,"Fused RGB16",3,8,3840,2160,2496,1404,0.519808
65,"Fused RGB16",3,9,3840,2160,2496,1404,0.38464
65,"Fused RGB16",3,10,3840,2160,2496,1404,0.384384
65,"Fused RGB16",3,11,3840,2160,2496,1404,0.48384
65,"Fused RGB16",3,12,3840,2160,2496,1404,0.384512
65,"Fused RGB16",3,13,3840,2160,2496,1404,0.450432
65,"Fused RGB16",3,14,3840,2160,2496,1404,0.532736
65,"Fused RGB16",3,15,3840,2160,2496,1404,0.47552
65,"Fused RGB16",3,16,3840,2160,2496,1404,0.381568
65,"Fused RGB16",3,17,3840,2160,2496,1404,0.37888
65,"Fused RGB16",3,18,3840,2160,2496,1404,0.478208
65,"Fused RGB16",3,19,3840,2160,2496,1404,0.379392
65,"Fused RGB16",3,20,3840,2160,2496,1404,0.463616
65,"Fused RGB16",3,21,3840,2160,2496,1404,0.36416
65,"Fused RGB16",3,22,3840,2160,2496,1404,0.365056
65,"Fused RGB16",3,23,3840,2160,2496,1404,0.473472
65,"Fused RGB16",3,24,3840,2160,2496,1404,0.364288
65,"Fused RGB16",3,25,3840,2160,2496,1404,0.414848
65,"Fused RGB16",3,26,3840,2160,2496,1404,0.436352
65,"Fused RGB16",3,27,3840,2160,2496,1404,0.367104
65,"Fused RGB16",3,28,3840,2160,2496,1404,0.470272
65,"Fused RGB16",3,29,3840,2160,2496,1404,0.36928
65,"Fused RGB16",3,30,3840,2160,2496,1404,0.432768
65,"Fused RGB16",3,31,3840,2160,2496,1404,0.49088
65,"Fused RGB16",3,32,3840,2160,2496,1404,0.3712
65,"Fused RGB16",3,33,3840,2160,2496,1404,0.492928
65,"Fused RGB16",3,34,3840,2160,2496,1404,0.503552
65,"Fused RGB16",3,35,3840,2160,2496,1404,0.4928
65,"Fused RGB16",3,36,3840,2160,2496,1404,0.36416
65,"Fused RGB16",3,37,3840,2160,2496,1404,0.4608
65,"Fused RGB16",3,38,3840,2160,2496,1404,0.358656
65,"Fused RGB16",3,39,3840,2160,2496,1404,0.349952
65,"Fused RGB16",3,40,3840,2160,2496,1404,0.49024
65,"Fused RGB16",3,41,3840,2160,2496,1404,0.349952
65,"Fused RGB16",3,42,3840,2160,2496,1404,0.47424
65,"Fused RGB16",3,43,3840,2160,2496,1404,0.350208
65,"Fused RGB16",3,44,3840,2160,2496,1404,0.349952
65,"Fused RGB16",3,45,3840,2160,2496,1404,0.451072
65,"Fused RGB16",3,46,3840,2160,2496,1404,0.357632
65,"Fused RGB16",3,47,3840,2160,2496,1404,0.357504
65,"Fused RGB16",3,48,3840,2160,2496,1404,0.359808
65,"Fused RGB16",3,49,3840,2160,2496,1404,0.357888
65,"Fused RGB16",3,50,3840,2160,2496,1404,0.452224
65,"Fused RGB16",3,51,3840,2160,2496,1404,0.354816
65,"Fused RGB16",3,52,3840,2160,2496,1404,0.354432
65,"Fused RGB16",3,53,3840,2160,2496,1404,0.4384
65,"Fused RGB16",3,54,3840,2160,2496,1404,0.354688
65,"Fused RGB16",3,55,3840,2160,2496,1404,0.354432
65,"Fused RGB16",3,56,3840,2160,2496,1404,0.440832
65,"Fused RGB16",3,57,3840,2160,2496,1404,0.356864
65,"Fused RGB16",3,58,3840,2160,2496,1404,0.419456
65,"Fused RGB16",3,59,3840,2160,2496,1404,0.450176
65,"Fused RGB16",3,60,3840,2160,2496,1404,0.369024
65,"Fused RGB16",3,61,3840,2160,2496,1404,0.59776
65,"Fused RGB16",3,62,3840,2160,2496,1404,0.409728
65,"Fused RGB16",3,63,3840,2160,2496,1404,0.455808
65,"Fused RGB16",3,64,3840,2160,2496,1404,0.365952
65,"Fused RGB16",3,65,3840,2160,2496,1404,0.45312
65,"Fused RGB16",3,66,3840,2160,2496,1404,0.362496
65,"Fused RGB16",3,67,3840,2160,2496,1404,0.363008
65,"Fused RGB16",3,68,3840,2160,2496,1404,0.447872
65,"Fused RGB16",3,69,3840,2160,2496,1404,0.3616
65,"Fused RGB16",3,70,3840,2160,2496,1404,0.35456
65,"Fused RGB16",3,71,3840,2160,2496,1404,0.4736
65,"Fused RGB16",3,72,3840,2160,2496,1404,0.35264
65,"Fused RGB16",3,73,3840,2160,2496,1404,0.40128
65,"Fused RGB16",3,74,3840,2160,2496,1404,0.415104
65,"Fused RGB16",3,75,3840,2160,2496,1404,0.355456
65,"Fused RGB16",3,76,3840,2160,2496,1404,0.465152
65,"Fused RGB16",3,77,3840,2160,2496,1404,0.361344
65,"Fused RGB16",3,78,3840,2160,2496,1404,0.361344
65,"Fused RGB16",3,79,3840,2160,2496,1404,0.458496
65,"Fused RGB16",3,80,3840,2160,2496,1404,0.363776
65,"Fused RGB16",3,81,3840,2160,2496,1404,0.456576
65,"Fused RGB16",3,82,3840,2160,2496,1404,0.359296
65,"Fused RGB16",3,83,3840,2160,2496,1404,0.358912
65,"Fused RGB16",3,84,3840,2160,2496,1404,0.455552
65,"Fused RGB16",3,85,3840,2160,2496,1404,0.359168
65,"Fused RGB16",3,86,3840,2160,2496,1404,0.403072
65,"Fused RGB16",3,87,3840,2160,2496,1404,0.41024
65,"Fused RGB16",3,88,3840,2160,2496,1404,0.359168
65,"Fused RGB16",3,89,3840,2160,2496,1404,0.456192
65,"Fused RGB16",3,90,3840,2160,2496,1404,0.359168
65,"Fused RGB16",3,91,3840,2160,2496,1404,0.358784
65,"Fused RGB16",3,92,3840,2160,2496,1404,0.4544
65,"Fused RGB16",3,93,3840,2160,2496,1404,0.358912
65,"Fused RGB16",3,94,3840,2160,2496,1404,0.479104
65,"Fused RGB16",3,95,3840,2160,2496,1404,0.371328
65,"Fused RGB16",3,96,3840,2160,2496,1404,0.373376
65,"Fused RGB16",3,97,3840,2160,2496,1404,0.4672
65,"Fused RGB16",3,98,3840,2160,2496,1404,0.371456
65,"Fused RGB16",3,99,3840,2160,2496,1404,0.469504
65,"Fused RGB16",3,100,3840,2160,2496,1404,0.363904
65,"Fused RGB16",3,101,3840,2160,2496,1404,0.363776
65,"Fused RGB16",3,102,3840,2160,2496,1404,0.409728
65,"Fused RGB16",3,103,3840,2160,2496,1404,0.416256
65,"Fused RGB16",3,104,3840,2160,2496,1404,0.459776
65,"Fused RGB16",3,105,3840,2160,2496,1404,0.3648
65,"Fused RGB16",3,106,3840,2160,2496,1404,0.373888
65,"Fused RGB16",3,107,3840,2160,2496,1404,0.480768
65,"Fused RGB16",3,108,3840,2160,2496,1404,0.38208
65,"Fused RGB16",3,109,3840,2160,2496,1404,0.425984
65,"Fused RGB16",3,110,3840,2160,2496,1404,0.43392
65,"Fused RGB16",3,111,3840,2160,2496,1404,0.381824
65,"Fused RGB16",3,112,3840,2160,2496,1404,0.477568
65,"Fused RGB16",3,113,3840,2160,2496,1404,0.376576
65,"Fused RGB16",3,114,3840,2160,2496,1404,0.473088
65,"Fused RGB16",3,115,3840,2160,2496,1404,0.376832
65,"Fused RGB16",3,116,3840,2160,2496,1404,0.376576
65,"Fused RGB16",3,117,3840,2160,2496,1404,0.469504
65,"Fused RGB16",3,118,3840,2160,2496,1404,0.377856
65,"Fused RGB16",3,119,3840,2160,2496,1404,0.47808
65,"Fused RGB16",3,120,3840,2160,2496,1404,0.379392
65,"Fused RGB16",3,121,3840,2160,2496,1404,0.379136
65,"Fused RGB16",3,122,3840,2160,2496,1404,0.480512
65,"Fused RGB16",3,123,3840,2160,2496,1404,0.379264
65,"Fused RGB16",3,124,3840,2160,2496,1404,0.480384
65,"Fused RGB16",3,125,3840,2160,2496,1404,0.393216
65,"Fused RGB16",3,126,3840,2160,2496,1404,0.39296
65,"Fused RGB16",3,127,3840,2160,2496,1404,0.492544
65,"Fused RGB16",3,128,3840,2160,2496,1404,0.39552
65,"Fused RGB16",3,129,3840,2160,2496,1404,0.49152
65,"Fused RGB16",3,130,3840,2160,2496,1404,0.3904
65,"Fused RGB16",3,131,3840,2160,2496,1404,0.49024
65,"Fused RGB16",3,132,3840,2160,2496,1404,0.390272
65,"Fused RGB16",3,133,3840,2160,2496,1404,0.390144
65,"Fused RGB16",3,134,3840,2160,2496,1404,0.48832
65,"Fused RGB16",3,135,3840,2160,2496,1404,0.38848
65,"Fused RGB16",3,136,3840,2160,2496,1404,0.487168
65,"Fused RGB16",3,137,3840,2160,2496,1404,0.3872
65,"Fused RGB16",3,138,3840,2160,2496,1404,0.387328
65,"Fused RGB16",3,139,3840,2160,2496,1404,0.48576
65,"Fused RGB16",3,140,3840,2160,2496,1404,0.3872
65,"Fused RGB16",3,141,3840,2160,2496,1404,0.488576
65,"Fused RGB16",3,142,3840,2160,2496,1404,0.387328
65,"Fused RGB16",3,143,3840,2160,2496,1404,0.431488
65,"Fused RGB16",3,144,3840,2160,2496,1404,0.390016
65,"Fused RGB16",3,145,3840,2160,2496,1404,0.387328
65,"Fused RGB16",3,146,3840,2160,2496,1404,0.486272
65,"Fused RGB16",3,147,3840,2160,2496,1404,0.390528
65,"Fused RGB16",3,148,3840,2160,2496,1404,0.491648
65,"Fused RGB16",3,149,3840,2160,2496,1404,0.393088
65,"Fused RGB16",3,150,3840,2160,2496,1404,0.392832
65,"Fused RGB16",3,151,3840,2160,2496,1404,0.491648
65,"Fused RGB16",3,152,3840,2160,2496,1404,0.393216
65,"Fused RGB16",3,153,3840,2160,2496,1404,0.520448
65,"Fused RGB16",3,154,3840,2160,2496,1404,0.404864
65,"Fused RGB16",3,155,3840,2160,2496,1404,0.501888
65,"Fused RGB16",3,156,3840,2160,2496,1404,0.406528
65,"Fused RGB16",3,157,3840,2160,2496,1404,0.404864
65,"Fused RGB16",3,158,3840,2160,2496,1404,0.494976
65,"Fused RGB16",3,159,3840,2160,2496,1404,0.390272
