scale_percent,variant,window,sample_index,native_width,native_height,work_width,work_height,gpu_ms
33,"Classic optimized",0,0,3840,2160,1267,713,0.31104
33,"Classic optimized",0,1,3840,2160,1267,713,0.311552
33,"Classic optimized",0,2,3840,2160,1267,713,0.312192
33,"Classic optimized",0,3,3840,2160,1267,713,0.312832
33,"Classic optimized",0,4,3840,2160,1267,713,0.312576
33,"Classic optimized",0,5,3840,2160,1267,713,0.311808
33,"Classic optimized",0,6,3840,2160,1267,713,0.31296
33,"Classic optimized",0,7,3840,2160,1267,713,0.312576
33,"Classic optimized",0,8,3840,2160,1267,713,0.31168
33,"Classic optimized",0,9,3840,2160,1267,713,0.31232
33,"Classic optimized",0,10,3840,2160,1267,713,0.311808
33,"Classic optimized",0,11,3840,2160,1267,713,0.310272
33,"Classic optimized",0,12,3840,2160,1267,713,0.3104
33,"Classic optimized",0,13,3840,2160,1267,713,0.310656
33,"Classic optimized",0,14,3840,2160,1267,713,0.3104
33,"Classic optimized",0,15,3840,2160,1267,713,0.309632
33,"Classic optimized",0,16,3840,2160,1267,713,0.314496
33,"Classic optimized",0,17,3840,2160,1267,713,0.3136
33,"Classic optimized",0,18,3840,2160,1267,713,0.313728
33,"Classic optimized",0,19,3840,2160,1267,713,0.313472
33,"Classic optimized",0,20,3840,2160,1267,713,0.31296
33,"Classic optimized",0,21,3840,2160,1267,713,0.313856
33,"Classic optimized",0,22,3840,2160,1267,713,0.313344
33,"Classic optimized",0,23,3840,2160,1267,713,0.307328
33,"Classic optimized",0,24,3840,2160,1267,713,0.304384
33,"Classic optimized",0,25,3840,2160,1267,713,0.304128
33,"Classic optimized",0,26,3840,2160,1267,713,0.303104
33,"Classic optimized",0,27,3840,2160,1267,713,0.303616
33,"Classic optimized",0,28,3840,2160,1267,713,0.304128
33,"Classic optimized",0,29,3840,2160,1267,713,0.303744
33,"Classic optimized",0,30,3840,2160,1267,713,0.303104
33,"Classic optimized",0,31,3840,2160,1267,713,0.304256
33,"Classic optimized",0,32,3840,2160,1267,713,0.312192
33,"Classic optimized",0,33,3840,2160,1267,713,0.31104
33,"Classic optimized",0,34,3840,2160,1267,713,0.31168
33,"Classic optimized",0,35,3840,2160,1267,713,0.311552
33,"Classic optimized",0,36,3840,2160,1267,713,0.310528
33,"Classic optimized",0,37,3840,2160,1267,713,0.311808
33,"Classic optimized",0,38,3840,2160,1267,713,0.310912
33,"Classic optimized",0,39,3840,2160,1267,713,0.307328
33,"Classic optimized",0,40,3840,2160,1267,713,0.308224
33,"Classic optimized",0,41,3840,2160,1267,713,0.308352
33,"Classic optimized",0,42,3840,2160,1267,713,0.30784
33,"Classic optimized",0,43,3840,2160,1267,713,0.307712
33,"Classic optimized",0,44,3840,2160,1267,713,0.308608
33,"Classic optimized",0,45,3840,2160,1267,713,0.308096
33,"Classic optimized",0,46,3840,2160,1267,713,0.307072
33,"Classic optimized",0,47,3840,2160,1267,713,0.312192
33,"Classic optimized",0,48,3840,2160,1267,713,0.313344
33,"Classic optimized",0,49,3840,2160,1267,713,0.312192
33,"Classic optimized",0,50,3840,2160,1267,713,0.312576
33,"Classic optimized",0,51,3840,2160,1267,713,0.311808
33,"Classic optimized",0,52,3840,2160,1267,713,0.311552
33,"Classic optimized",0,53,3840,2160,1267,713,0.312704
33,"Classic optimized",0,54,3840,2160,1267,713,0.308864
33,"Classic optimized",0,55,3840,2160,1267,713,0.307456
33,"Classic optimized",0,56,3840,2160,1267,713,0.30848
33,"Classic optimized",0,57,3840,2160,1267,713,0.308224
33,"Classic optimized",0,58,3840,2160,1267,713,0.307712
33,"Classic optimized",0,59,3840,2160,1267,713,0.307712
33,"Classic optimized",0,60,3840,2160,1267,713,0.30848
33,"Classic optimized",0,61,3840,2160,1267,713,0.308096
33,"Classic optimized",0,62,3840,2160,1267,713,0.310656
33,"Classic optimized",0,63,3840,2160,1267,713,0.312704
33,"Classic optimized",0,64,3840,2160,1267,713,0.313472
33,"Classic optimized",0,65,3840,2160,1267,713,0.312576
33,"Classic optimized",0,66,3840,2160,1267,713,0.312576
33,"Classic optimized",0,67,3840,2160,1267,713,0.311552
33,"Classic optimized",0,68,3840,2160,1267,713,0.311936
33,"Classic optimized",0,69,3840,2160,1267,713,0.310016
33,"Classic optimized",0,70,3840,2160,1267,713,0.307072
33,"Classic optimized",0,71,3840,2160,1267,713,0.30656
33,"Classic optimized",0,72,3840,2160,1267,713,0.307584
33,"Classic optimized",0,73,3840,2160,1267,713,0.307456
33,"Classic optimized",0,74,3840,2160,1267,713,0.306688
33,"Classic optimized",0,75,3840,2160,1267,713,0.307328
33,"Classic optimized",0,76,3840,2160,1267,713,0.307456
33,"Classic optimized",0,77,3840,2160,1267,713,0.311936
33,"Classic optimized",0,78,3840,2160,1267,713,0.313216
33,"Classic optimized",0,79,3840,2160,1267,713,0.313984
33,"Classic optimized",0,80,3840,2160,1267,713,0.314624
33,"Classic optimized",0,81,3840,2160,1267,713,0.313856
33,"Classic optimized",0,82,3840,2160,1267,713,0.313472
33,"Classic optimized",0,83,3840,2160,1267,713,0.312832
33,"Classic optimized",0,84,3840,2160,1267,713,0.313728
33,"Classic optimized",0,85,3840,2160,1267,713,0.313856
33,"Classic optimized",0,86,3840,2160,1267,713,0.31296
33,"Classic optimized",0,87,3840,2160,1267,713,0.313344
33,"Classic optimized",0,88,3840,2160,1267,713,0.313856
33,"Classic optimized",0,89,3840,2160,1267,713,0.313472
33,"Classic optimized",0,90,3840,2160,1267,713,0.312832
33,"Classic optimized",0,91,3840,2160,1267,713,0.313984
33,"Classic optimized",0,92,3840,2160,1267,713,0.3136
33,"Classic optimized",0,93,3840,2160,1267,713,0.31296
33,"Classic optimized",0,94,3840,2160,1267,713,0.313728
33,"Classic optimized",0,95,3840,2160,1267,713,0.313856
33,"Classic optimized",0,96,3840,2160,1267,713,0.312576
33,"Classic optimized",0,97,3840,2160,1267,713,0.310784
33,"Classic optimized",0,98,3840,2160,1267,713,0.310272
33,"Classic optimized",0,99,3840,2160,1267,713,0.308608
33,"Classic optimized",0,100,3840,2160,1267,713,0.306432
33,"Classic optimized",0,101,3840,2160,1267,713,0.306304
33,"Classic optimized",0,102,3840,2160,1267,713,0.305536
33,"Classic optimized",0,103,3840,2160,1267,713,0.306432
33,"Classic optimized",0,104,3840,2160,1267,713,0.306688
33,"Classic optimized",0,105,3840,2160,1267,713,0.305792
33,"Classic optimized",0,106,3840,2160,1267,713,0.30592
33,"Classic optimized",0,107,3840,2160,1267,713,0.30848
33,"Classic optimized",0,108,3840,2160,1267,713,0.312064
33,"Classic optimized",0,109,3840,2160,1267,713,0.311552
33,"Classic optimized",0,110,3840,2160,1267,713,0.312704
33,"Classic optimized",0,111,3840,2160,1267,713,0.312192
33,"Classic optimized",0,112,3840,2160,1267,713,0.31296
33,"Classic optimized",0,113,3840,2160,1267,713,0.312576
33,"Classic optimized",0,114,3840,2160,1267,713,0.311808
33,"Classic optimized",0,115,3840,2160,1267,713,0.310912
33,"Classic optimized",0,116,3840,2160,1267,713,0.31104
33,"Classic optimized",0,117,3840,2160,1267,713,0.311552
33,"Classic optimized",0,118,3840,2160,1267,713,0.310912
33,"Classic optimized",0,119,3840,2160,1267,713,0.311168
33,"Classic optimized",0,120,3840,2160,1267,713,0.31168
33,"Classic optimized",0,121,3840,2160,1267,713,0.311424
33,"Classic optimized",0,122,3840,2160,1267,713,0.310528
33,"Classic optimized",0,123,3840,2160,1267,713,0.311808
33,"Classic optimized",0,124,3840,2160,1267,713,0.311424
33,"Classic optimized",0,125,3840,2160,1267,713,0.310784
33,"Classic optimized",0,126,3840,2160,1267,713,0.311424
33,"Classic optimized",0,127,3840,2160,1267,713,0.311808
33,"Classic optimized",0,128,3840,2160,1267,713,0.312576
33,"Classic optimized",0,129,3840,2160,1267,713,0.310912
33,"Classic optimized",0,130,3840,2160,1267,713,0.31232
33,"Classic optimized",0,131,3840,2160,1267,713,0.3136
33,"Classic optimized",0,132,3840,2160,1267,713,0.31296
33,"Classic optimized",0,133,3840,2160,1267,713,0.313984
33,"Classic optimized",0,134,3840,2160,1267,713,0.313728
33,"Classic optimized",0,135,3840,2160,1267,713,0.312832
33,"Classic optimized",0,136,3840,2160,1267,713,0.313856
33,"Classic optimized",0,137,3840,2160,1267,713,0.3136
33,"Classic optimized",0,138,3840,2160,1267,713,0.313216
33,"Classic optimized",0,139,3840,2160,1267,713,0.31296
33,"Classic optimized",0,140,3840,2160,1267,713,0.3136
33,"Classic optimized",0,141,3840,2160,1267,713,0.31296
33,"Classic optimized",0,142,3840,2160,1267,713,0.312576
33,"Classic optimized",0,143,3840,2160,1267,713,0.3136
33,"Classic optimized",0,144,3840,2160,1267,713,0.314752
33,"Classic optimized",0,145,3840,2160,1267,713,0.312448
33,"Classic optimized",0,146,3840,2160,1267,713,0.313728
33,"Classic optimized",0,147,3840,2160,1267,713,0.3136
33,"Classic optimized",0,148,3840,2160,1267,713,0.31296
33,"Classic optimized",0,149,3840,2160,1267,713,0.313472
33,"Classic optimized",0,150,3840,2160,1267,713,0.313984
33,"Classic optimized",0,151,3840,2160,1267,713,0.313344
33,"Classic optimized",0,152,3840,2160,1267,713,0.313216
33,"Classic optimized",0,153,3840,2160,1267,713,0.313984
33,"Classic optimized",0,154,3840,2160,1267,713,0.312576
33,"Classic optimized",0,155,3840,2160,1267,713,0.311424
33,"Classic optimized",0,156,3840,2160,1267,713,0.312064
33,"Classic optimized",0,157,3840,2160,1267,713,0.311552
33,"Classic optimized",0,158,3840,2160,1267,713,0.311296
33,"Classic optimized",0,159,3840,2160,1267,713,0.312192
33,"Fused optimized P50/general",1,0,3840,2160,1267,713,0.525696
33,"Fused optimized P50/general",1,1,3840,2160,1267,713,0.524544
33,"Fused optimized P50/general",1,2,3840,2160,1267,713,0.524288
33,"Fused optimized P50/general",1,3,3840,2160,1267,713,0.5248
33,"Fused optimized P50/general",1,4,3840,2160,1267,713,0.524416
33,"Fused optimized P50/general",1,5,3840,2160,1267,713,0.524544
33,"Fused optimized P50/general",1,6,3840,2160,1267,713,0.524416
33,"Fused optimized P50/general",1,7,3840,2160,1267,713,0.524672
33,"Fused optimized P50/general",1,8,3840,2160,1267,713,0.525696
33,"Fused optimized P50/general",1,9,3840,2160,1267,713,0.525056
33,"Fused optimized P50/general",1,10,3840,2160,1267,713,0.524672
33,"Fused optimized P50/general",1,11,3840,2160,1267,713,0.525184
33,"Fused optimized P50/general",1,12,3840,2160,1267,713,0.524544
33,"Fused optimized P50/general",1,13,3840,2160,1267,713,0.524672
33,"Fused optimized P50/general",1,14,3840,2160,1267,713,0.525056
33,"Fused optimized P50/general",1,15,3840,2160,1267,713,0.5248
33,"Fused optimized P50/general",1,16,3840,2160,1267,713,0.525568
33,"Fused optimized P50/general",1,17,3840,2160,1267,713,0.524288
33,"Fused optimized P50/general",1,18,3840,2160,1267,713,0.5216
33,"Fused optimized P50/general",1,19,3840,2160,1267,713,0.521216
33,"Fused optimized P50/general",1,20,3840,2160,1267,713,0.521472
33,"Fused optimized P50/general",1,21,3840,2160,1267,713,0.521344
33,"Fused optimized P50/general",1,22,3840,2160,1267,713,0.5216
33,"Fused optimized P50/general",1,23,3840,2160,1267,713,0.523136
33,"Fused optimized P50/general",1,24,3840,2160,1267,713,0.5248
33,"Fused optimized P50/general",1,25,3840,2160,1267,713,0.525184
33,"Fused optimized P50/general",1,26,3840,2160,1267,713,0.524416
33,"Fused optimized P50/general",1,27,3840,2160,1267,713,0.525568
33,"Fused optimized P50/general",1,28,3840,2160,1267,713,0.525696
33,"Fused optimized P50/general",1,29,3840,2160,1267,713,0.524032
33,"Fused optimized P50/general",1,30,3840,2160,1267,713,0.524032
33,"Fused optimized P50/general",1,31,3840,2160,1267,713,0.525184
33,"Fused optimized P50/general",1,32,3840,2160,1267,713,0.525312
33,"Fused optimized P50/general",1,33,3840,2160,1267,713,0.52416
33,"Fused optimized P50/general",1,34,3840,2160,1267,713,0.52416
33,"Fused optimized P50/general",1,35,3840,2160,1267,713,0.523904
33,"Fused optimized P50/general",1,36,3840,2160,1267,713,0.523776
33,"Fused optimized P50/general",1,37,3840,2160,1267,713,0.515328
33,"Fused optimized P50/general",1,38,3840,2160,1267,713,0.515456
33,"Fused optimized P50/general",1,39,3840,2160,1267,713,0.5152
33,"Fused optimized P50/general",1,40,3840,2160,1267,713,0.5152
33,"Fused optimized P50/general",1,41,3840,2160,1267,713,0.516864
33,"Fused optimized P50/general",1,42,3840,2160,1267,713,0.524672
33,"Fused optimized P50/general",1,43,3840,2160,1267,713,0.525184
33,"Fused optimized P50/general",1,44,3840,2160,1267,713,0.525696
33,"Fused optimized P50/general",1,45,3840,2160,1267,713,0.524672
33,"Fused optimized P50/general",1,46,3840,2160,1267,713,0.524032
33,"Fused optimized P50/general",1,47,3840,2160,1267,713,0.5248
33,"Fused optimized P50/general",1,48,3840,2160,1267,713,0.52608
33,"Fused optimized P50/general",1,49,3840,2160,1267,713,0.524928
33,"Fused optimized P50/general",1,50,3840,2160,1267,713,0.52416
33,"Fused optimized P50/general",1,51,3840,2160,1267,713,0.517888
33,"Fused optimized P50/general",1,52,3840,2160,1267,713,0.517632
33,"Fused optimized P50/general",1,53,3840,2160,1267,713,0.518528
33,"Fused optimized P50/general",1,54,3840,2160,1267,713,0.518144
33,"Fused optimized P50/general",1,55,3840,2160,1267,713,0.51776
33,"Fused optimized P50/general",1,56,3840,2160,1267,713,0.524672
33,"Fused optimized P50/general",1,57,3840,2160,1267,713,0.524928
33,"Fused optimized P50/general",1,58,3840,2160,1267,713,0.524544
33,"Fused optimized P50/general",1,59,3840,2160,1267,713,0.525056
33,"Fused optimized P50/general",1,60,3840,2160,1267,713,0.5248
33,"Fused optimized P50/general",1,61,3840,2160,1267,713,0.524928
33,"Fused optimized P50/general",1,62,3840,2160,1267,713,0.525312
33,"Fused optimized P50/general",1,63,3840,2160,1267,713,0.524672
33,"Fused optimized P50/general",1,64,3840,2160,1267,713,0.525312
33,"Fused optimized P50/general",1,65,3840,2160,1267,713,0.524672
33,"Fused optimized P50/general",1,66,3840,2160,1267,713,0.5248
33,"Fused optimized P50/general",1,67,3840,2160,1267,713,0.5248
33,"Fused optimized P50/general",1,68,3840,2160,1267,713,0.525056
33,"Fused optimized P50/general",1,69,3840,2160,1267,713,0.522496
33,"Fused optimized P50/general",1,70,3840,2160,1267,713,0.512256
33,"Fused optimized P50/general",1,71,3840,2160,1267,713,0.513024
33,"Fused optimized P50/general",1,72,3840,2160,1267,713,0.512256
33,"Fused optimized P50/general",1,73,3840,2160,1267,713,0.511488
33,"Fused optimized P50/general",1,74,3840,2160,1267,713,0.518272
33,"Fused optimized P50/general",1,75,3840,2160,1267,713,0.52416
33,"Fused optimized P50/general",1,76,3840,2160,1267,713,0.524032
33,"Fused optimized P50/general",1,77,3840,2160,1267,713,0.524544
33,"Fused optimized P50/general",1,78,3840,2160,1267,713,0.525312
33,"Fused optimized P50/general",1,79,3840,2160,1267,713,0.524416
33,"Fused optimized P50/general",1,80,3840,2160,1267,713,0.526336
33,"Fused optimized P50/general",1,81,3840,2160,1267,713,0.524032
33,"Fused optimized P50/general",1,82,3840,2160,1267,713,0.524672
33,"Fused optimized P50/general",1,83,3840,2160,1267,713,0.52032
33,"Fused optimized P50/general",1,84,3840,2160,1267,713,0.514304
33,"Fused optimized P50/general",1,85,3840,2160,1267,713,0.514944
33,"Fused optimized P50/general",1,86,3840,2160,1267,713,0.514304
33,"Fused optimized P50/general",1,87,3840,2160,1267,713,0.514304
33,"Fused optimized P50/general",1,88,3840,2160,1267,713,0.52096
33,"Fused optimized P50/general",1,89,3840,2160,1267,713,0.524672
33,"Fused optimized P50/general",1,90,3840,2160,1267,713,0.524672
33,"Fused optimized P50/general",1,91,3840,2160,1267,713,0.525184
33,"Fused optimized P50/general",1,92,3840,2160,1267,713,0.5248
33,"Fused optimized P50/general",1,93,3840,2160,1267,713,0.525056
33,"Fused optimized P50/general",1,94,3840,2160,1267,713,0.525184
33,"Fused optimized P50/general",1,95,3840,2160,1267,713,0.524928
33,"Fused optimized P50/general",1,96,3840,2160,1267,713,0.525824
33,"Fused optimized P50/general",1,97,3840,2160,1267,713,0.520448
33,"Fused optimized P50/general",1,98,3840,2160,1267,713,0.51776
33,"Fused optimized P50/general",1,99,3840,2160,1267,713,0.51904
33,"Fused optimized P50/general",1,100,3840,2160,1267,713,0.518144
33,"Fused optimized P50/general",1,101,3840,2160,1267,713,0.517888
33,"Fused optimized P50/general",1,102,3840,2160,1267,713,0.511488
33,"Fused optimized P50/general",1,103,3840,2160,1267,713,0.508416
33,"Fused optimized P50/general",1,104,3840,2160,1267,713,0.50816
33,"Fused optimized P50/general",1,105,3840,2160,1267,713,0.508544
33,"Fused optimized P50/general",1,106,3840,2160,1267,713,0.508544
33,"Fused optimized P50/general",1,107,3840,2160,1267,713,0.508928
33,"Fused optimized P50/general",1,108,3840,2160,1267,713,0.510208
33,"Fused optimized P50/general",1,109,3840,2160,1267,713,0.509312
33,"Fused optimized P50/general",1,110,3840,2160,1267,713,0.509952
33,"Fused optimized P50/general",1,111,3840,2160,1267,713,0.509312
33,"Fused optimized P50/general",1,112,3840,2160,1267,713,0.516096
33,"Fused optimized P50/general",1,113,3840,2160,1267,713,0.51456
33,"Fused optimized P50/general",1,114,3840,2160,1267,713,0.515712
33,"Fused optimized P50/general",1,115,3840,2160,1267,713,0.515456
33,"Fused optimized P50/general",1,116,3840,2160,1267,713,0.511104
33,"Fused optimized P50/general",1,117,3840,2160,1267,713,0.502272
33,"Fused optimized P50/general",1,118,3840,2160,1267,713,0.502528
33,"Fused optimized P50/general",1,119,3840,2160,1267,713,0.501632
33,"Fused optimized P50/general",1,120,3840,2160,1267,713,0.501888
33,"Fused optimized P50/general",1,121,3840,2160,1267,713,0.504064
33,"Fused optimized P50/general",1,122,3840,2160,1267,713,0.5056
33,"Fused optimized P50/general",1,123,3840,2160,1267,713,0.505472
33,"Fused optimized P50/general",1,124,3840,2160,1267,713,0.505088
33,"Fused optimized P50/general",1,125,3840,2160,1267,713,0.50496
33,"Fused optimized P50/general",1,126,3840,2160,1267,713,0.505216
33,"Fused optimized P50/general",1,127,3840,2160,1267,713,0.50752
33,"Fused optimized P50/general",1,128,3840,2160,1267,713,0.510592
33,"Fused optimized P50/general",1,129,3840,2160,1267,713,0.509312
33,"Fused optimized P50/general",1,130,3840,2160,1267,713,0.509056
33,"Fused optimized P50/general",1,131,3840,2160,1267,713,0.509568
33,"Fused optimized P50/general",1,132,3840,2160,1267,713,0.509568
33,"Fused optimized P50/general",1,133,3840,2160,1267,713,0.509824
33,"Fused optimized P50/general",1,134,3840,2160,1267,713,0.510592
33,"Fused optimized P50/general",1,135,3840,2160,1267,713,0.50944
33,"Fused optimized P50/general",1,136,3840,2160,1267,713,0.50944
33,"Fused optimized P50/general",1,137,3840,2160,1267,713,0.50944
33,"Fused optimized P50/general",1,138,3840,2160,1267,713,0.509184
33,"Fused optimized P50/general",1,139,3840,2160,1267,713,0.50944
33,"Fused optimized P50/general",1,140,3840,2160,1267,713,0.5088
33,"Fused optimized P50/general",1,141,3840,2160,1267,713,0.51072
33,"Fused optimized P50/general",1,142,3840,2160,1267,713,0.509056
33,"Fused optimized P50/general",1,143,3840,2160,1267,713,0.50944
33,"Fused optimized P50/general",1,144,3840,2160,1267,713,0.50944
33,"Fused optimized P50/general",1,145,3840,2160,1267,713,0.508928
33,"Fused optimized P50/general",1,146,3840,2160,1267,713,0.50816
33,"Fused optimized P50/general",1,147,3840,2160,1267,713,0.507904
33,"Fused optimized P50/general",1,148,3840,2160,1267,713,0.508544
33,"Fused optimized P50/general",1,149,3840,2160,1267,713,0.50816
33,"Fused optimized P50/general",1,150,3840,2160,1267,713,0.508672
33,"Fused optimized P50/general",1,151,3840,2160,1267,713,0.500736
33,"Fused optimized P50/general",1,152,3840,2160,1267,713,0.4992
33,"Fused optimized P50/general",1,153,3840,2160,1267,713,0.4992
33,"Fused optimized P50/general",1,154,3840,2160,1267,713,0.499072
33,"Fused optimized P50/general",1,155,3840,2160,1267,713,0.504576
33,"Fused optimized P50/general",1,156,3840,2160,1267,713,0.508544
33,"Fused optimized P50/general",1,157,3840,2160,1267,713,0.509056
33,"Fused optimized P50/general",1,158,3840,2160,1267,713,0.508288
33,"Fused optimized P50/general",1,159,3840,2160,1267,713,0.508288
33,"Fused RGB20",2,0,3840,2160,1267,713,0.545664
33,"Fused RGB20",2,1,3840,2160,1267,713,0.546688
33,"Fused RGB20",2,2,3840,2160,1267,713,0.548608
33,"Fused RGB20",2,3,3840,2160,1267,713,0.54848
33,"Fused RGB20",2,4,3840,2160,1267,713,0.546816
33,"Fused RGB20",2,5,3840,2160,1267,713,0.5472
33,"Fused RGB20",2,6,3840,2160,1267,713,0.546432
33,"Fused RGB20",2,7,3840,2160,1267,713,0.543744
33,"Fused RGB20",2,8,3840,2160,1267,713,0.54528
33,"Fused RGB20",2,9,3840,2160,1267,713,0.544896
33,"Fused RGB20",2,10,3840,2160,1267,713,0.546944
33,"Fused RGB20",2,11,3840,2160,1267,713,0.55104
33,"Fused RGB20",2,12,3840,2160,1267,713,0.551168
33,"Fused RGB20",2,13,3840,2160,1267,713,0.552064
33,"Fused RGB20",2,14,3840,2160,1267,713,0.553088
33,"Fused RGB20",2,15,3840,2160,1267,713,0.550912
33,"Fused RGB20",2,16,3840,2160,1267,713,0.551168
33,"Fused RGB20",2,17,3840,2160,1267,713,0.550272
33,"Fused RGB20",2,18,3840,2160,1267,713,0.550272
33,"Fused RGB20",2,19,3840,2160,1267,713,0.543872
33,"Fused RGB20",2,20,3840,2160,1267,713,0.540416
33,"Fused RGB20",2,21,3840,2160,1267,713,0.540416
33,"Fused RGB20",2,22,3840,2160,1267,713,0.540672
33,"Fused RGB20",2,23,3840,2160,1267,713,0.54144
33,"Fused RGB20",2,24,3840,2160,1267,713,0.550528
33,"Fused RGB20",2,25,3840,2160,1267,713,0.552448
33,"Fused RGB20",2,26,3840,2160,1267,713,0.552576
33,"Fused RGB20",2,27,3840,2160,1267,713,0.55232
33,"Fused RGB20",2,28,3840,2160,1267,713,0.552192
33,"Fused RGB20",2,29,3840,2160,1267,713,0.551552
33,"Fused RGB20",2,30,3840,2160,1267,713,0.551168
33,"Fused RGB20",2,31,3840,2160,1267,713,0.55104
33,"Fused RGB20",2,32,3840,2160,1267,713,0.551808
33,"Fused RGB20",2,33,3840,2160,1267,713,0.549888
33,"Fused RGB20",2,34,3840,2160,1267,713,0.55168
33,"Fused RGB20",2,35,3840,2160,1267,713,0.552064
33,"Fused RGB20",2,36,3840,2160,1267,713,0.55104
33,"Fused RGB20",2,37,3840,2160,1267,713,0.548864
33,"Fused RGB20",2,38,3840,2160,1267,713,0.54656
33,"Fused RGB20",2,39,3840,2160,1267,713,0.548096
33,"Fused RGB20",2,40,3840,2160,1267,713,0.547584
33,"Fused RGB20",2,41,3840,2160,1267,713,0.548096
33,"Fused RGB20",2,42,3840,2160,1267,713,0.551168
33,"Fused RGB20",2,43,3840,2160,1267,713,0.552064
33,"Fused RGB20",2,44,3840,2160,1267,713,0.553088
33,"Fused RGB20",2,45,3840,2160,1267,713,0.551424
33,"Fused RGB20",2,46,3840,2160,1267,713,0.550912
33,"Fused RGB20",2,47,3840,2160,1267,713,0.551552
33,"Fused RGB20",2,48,3840,2160,1267,713,0.551808
33,"Fused RGB20",2,49,3840,2160,1267,713,0.553472
33,"Fused RGB20",2,50,3840,2160,1267,713,0.549248
33,"Fused RGB20",2,51,3840,2160,1267,713,0.547712
33,"Fused RGB20",2,52,3840,2160,1267,713,0.548352
33,"Fused RGB20",2,53,3840,2160,1267,713,0.548096
33,"Fused RGB20",2,54,3840,2160,1267,713,0.54784
33,"Fused RGB20",2,55,3840,2160,1267,713,0.549888
33,"Fused RGB20",2,56,3840,2160,1267,713,0.551808
33,"Fused RGB20",2,57,3840,2160,1267,713,0.551552
33,"Fused RGB20",2,58,3840,2160,1267,713,0.553088
33,"Fused RGB20",2,59,3840,2160,1267,713,0.550656
33,"Fused RGB20",2,60,3840,2160,1267,713,0.550912
33,"Fused RGB20",2,61,3840,2160,1267,713,0.551808
33,"Fused RGB20",2,62,3840,2160,1267,713,0.551424
33,"Fused RGB20",2,63,3840,2160,1267,713,0.552448
33,"Fused RGB20",2,64,3840,2160,1267,713,0.55232
33,"Fused RGB20",2,65,3840,2160,1267,713,0.552576
33,"Fused RGB20",2,66,3840,2160,1267,713,0.55104
33,"Fused RGB20",2,67,3840,2160,1267,713,0.552832
33,"Fused RGB20",2,68,3840,2160,1267,713,0.537984
33,"Fused RGB20",2,69,3840,2160,1267,713,0.53504
33,"Fused RGB20",2,70,3840,2160,1267,713,0.534016
33,"Fused RGB20",2,71,3840,2160,1267,713,0.533632
33,"Fused RGB20",2,72,3840,2160,1267,713,0.533888
33,"Fused RGB20",2,73,3840,2160,1267,713,0.543616
33,"Fused RGB20",2,74,3840,2160,1267,713,0.544256
33,"Fused RGB20",2,75,3840,2160,1267,713,0.544384
33,"Fused RGB20",2,76,3840,2160,1267,713,0.54336
33,"Fused RGB20",2,77,3840,2160,1267,713,0.546176
33,"Fused RGB20",2,78,3840,2160,1267,713,0.549376
33,"Fused RGB20",2,79,3840,2160,1267,713,0.548224
33,"Fused RGB20",2,80,3840,2160,1267,713,0.548864
33,"Fused RGB20",2,81,3840,2160,1267,713,0.546432
33,"Fused RGB20",2,82,3840,2160,1267,713,0.537344
33,"Fused RGB20",2,83,3840,2160,1267,713,0.537088
33,"Fused RGB20",2,84,3840,2160,1267,713,0.536448
33,"Fused RGB20",2,85,3840,2160,1267,713,0.537344
33,"Fused RGB20",2,86,3840,2160,1267,713,0.539392
33,"Fused RGB20",2,87,3840,2160,1267,713,0.540416
33,"Fused RGB20",2,88,3840,2160,1267,713,0.541952
33,"Fused RGB20",2,89,3840,2160,1267,713,0.540288
33,"Fused RGB20",2,90,3840,2160,1267,713,0.542592
33,"Fused RGB20",2,91,3840,2160,1267,713,0.540288
33,"Fused RGB20",2,92,3840,2160,1267,713,0.5408
33,"Fused RGB20",2,93,3840,2160,1267,713,0.540288
33,"Fused RGB20",2,94,3840,2160,1267,713,0.540416
33,"Fused RGB20",2,95,3840,2160,1267,713,0.5408
33,"Fused RGB20",2,96,3840,2160,1267,713,0.541696
33,"Fused RGB20",2,97,3840,2160,1267,713,0.541312
33,"Fused RGB20",2,98,3840,2160,1267,713,0.541568
33,"Fused RGB20",2,99,3840,2160,1267,713,0.535424
33,"Fused RGB20",2,100,3840,2160,1267,713,0.527872
33,"Fused RGB20",2,101,3840,2160,1267,713,0.527744
33,"Fused RGB20",2,102,3840,2160,1267,713,0.526592
33,"Fused RGB20",2,103,3840,2160,1267,713,0.527232
33,"Fused RGB20",2,104,3840,2160,1267,713,0.52736
33,"Fused RGB20",2,105,3840,2160,1267,713,0.530816
33,"Fused RGB20",2,106,3840,2160,1267,713,0.537728
33,"Fused RGB20",2,107,3840,2160,1267,713,0.53696
33,"Fused RGB20",2,108,3840,2160,1267,713,0.537344
33,"Fused RGB20",2,109,3840,2160,1267,713,0.542976
33,"Fused RGB20",2,110,3840,2160,1267,713,0.544896
33,"Fused RGB20",2,111,3840,2160,1267,713,0.544
33,"Fused RGB20",2,112,3840,2160,1267,713,0.545024
33,"Fused RGB20",2,113,3840,2160,1267,713,0.543232
33,"Fused RGB20",2,114,3840,2160,1267,713,0.540416
33,"Fused RGB20",2,115,3840,2160,1267,713,0.540544
33,"Fused RGB20",2,116,3840,2160,1267,713,0.540032
33,"Fused RGB20",2,117,3840,2160,1267,713,0.541696
33,"Fused RGB20",2,118,3840,2160,1267,713,0.537088
33,"Fused RGB20",2,119,3840,2160,1267,713,0.532992
33,"Fused RGB20",2,120,3840,2160,1267,713,0.532992
33,"Fused RGB20",2,121,3840,2160,1267,713,0.534144
33,"Fused RGB20",2,122,3840,2160,1267,713,0.533248
33,"Fused RGB20",2,123,3840,2160,1267,713,0.53376
33,"Fused RGB20",2,124,3840,2160,1267,713,0.534016
33,"Fused RGB20",2,125,3840,2160,1267,713,0.535168
33,"Fused RGB20",2,126,3840,2160,1267,713,0.532608
33,"Fused RGB20",2,127,3840,2160,1267,713,0.535168
33,"Fused RGB20",2,128,3840,2160,1267,713,0.537728
33,"Fused RGB20",2,129,3840,2160,1267,713,0.538368
33,"Fused RGB20",2,130,3840,2160,1267,713,0.5376
33,"Fused RGB20",2,131,3840,2160,1267,713,0.528384
33,"Fused RGB20",2,132,3840,2160,1267,713,0.518784
33,"Fused RGB20",2,133,3840,2160,1267,713,0.51776
33,"Fused RGB20",2,134,3840,2160,1267,713,0.5184
33,"Fused RGB20",2,135,3840,2160,1267,713,0.51776
33,"Fused RGB20",2,136,3840,2160,1267,713,0.525696
33,"Fused RGB20",2,137,3840,2160,1267,713,0.53504
33,"Fused RGB20",2,138,3840,2160,1267,713,0.53376
33,"Fused RGB20",2,139,3840,2160,1267,713,0.534784
33,"Fused RGB20",2,140,3840,2160,1267,713,0.533632
33,"Fused RGB20",2,141,3840,2160,1267,713,0.533504
33,"Fused RGB20",2,142,3840,2160,1267,713,0.534912
33,"Fused RGB20",2,143,3840,2160,1267,713,0.534528
33,"Fused RGB20",2,144,3840,2160,1267,713,0.53568
33,"Fused RGB20",2,145,3840,2160,1267,713,0.535552
33,"Fused RGB20",2,146,3840,2160,1267,713,0.5344
33,"Fused RGB20",2,147,3840,2160,1267,713,0.535296
33,"Fused RGB20",2,148,3840,2160,1267,713,0.532864
33,"Fused RGB20",2,149,3840,2160,1267,713,0.533888
33,"Fused RGB20",2,150,3840,2160,1267,713,0.530048
33,"Fused RGB20",2,151,3840,2160,1267,713,0.521728
33,"Fused RGB20",2,152,3840,2160,1267,713,0.521472
33,"Fused RGB20",2,153,3840,2160,1267,713,0.521088
33,"Fused RGB20",2,154,3840,2160,1267,713,0.52544
33,"Fused RGB20",2,155,3840,2160,1267,713,0.535424
33,"Fused RGB20",2,156,3840,2160,1267,713,0.535296
33,"Fused RGB20",2,157,3840,2160,1267,713,0.53312
33,"Fused RGB20",2,158,3840,2160,1267,713,0.533632
33,"Fused RGB20",2,159,3840,2160,1267,713,0.537344
33,"Fused RGB20",3,0,3840,2160,1267,713,0.550016
33,"Fused RGB20",3,1,3840,2160,1267,713,0.547456
33,"Fused RGB20",3,2,3840,2160,1267,713,0.548608
33,"Fused RGB20",3,3,3840,2160,1267,713,0.548864
33,"Fused RGB20",3,4,3840,2160,1267,713,0.545536
33,"Fused RGB20",3,5,3840,2160,1267,713,0.544128
33,"Fused RGB20",3,6,3840,2160,1267,713,0.54528
33,"Fused RGB20",3,7,3840,2160,1267,713,0.54464
33,"Fused RGB20",3,8,3840,2160,1267,713,0.544896
33,"Fused RGB20",3,9,3840,2160,1267,713,0.549888
33,"Fused RGB20",3,10,3840,2160,1267,713,0.546944
33,"Fused RGB20",3,11,3840,2160,1267,713,0.547584
33,"Fused RGB20",3,12,3840,2160,1267,713,0.547712
33,"Fused RGB20",3,13,3840,2160,1267,713,0.548224
33,"Fused RGB20",3,14,3840,2160,1267,713,0.550656
33,"Fused RGB20",3,15,3840,2160,1267,713,0.551168
33,"Fused RGB20",3,16,3840,2160,1267,713,0.556544
33,"Fused RGB20",3,17,3840,2160,1267,713,0.554368
33,"Fused RGB20",3,18,3840,2160,1267,713,0.548736
33,"Fused RGB20",3,19,3840,2160,1267,713,0.548864
33,"Fused RGB20",3,20,3840,2160,1267,713,0.548096
33,"Fused RGB20",3,21,3840,2160,1267,713,0.5472
33,"Fused RGB20",3,22,3840,2160,1267,713,0.544384
33,"Fused RGB20",3,23,3840,2160,1267,713,0.54464
33,"Fused RGB20",3,24,3840,2160,1267,713,0.545152
33,"Fused RGB20",3,25,3840,2160,1267,713,0.54528
33,"Fused RGB20",3,26,3840,2160,1267,713,0.545152
33,"Fused RGB20",3,27,3840,2160,1267,713,0.55488
33,"Fused RGB20",3,28,3840,2160,1267,713,0.555904
33,"Fused RGB20",3,29,3840,2160,1267,713,0.554496
33,"Fused RGB20",3,30,3840,2160,1267,713,0.55488
33,"Fused RGB20",3,31,3840,2160,1267,713,0.557568
33,"Fused RGB20",3,32,3840,2160,1267,713,0.56128
33,"Fused RGB20",3,33,3840,2160,1267,713,0.55936
33,"Fused RGB20",3,34,3840,2160,1267,713,0.556032
33,"Fused RGB20",3,35,3840,2160,1267,713,0.547328
33,"Fused RGB20",3,36,3840,2160,1267,713,0.54528
33,"Fused RGB20",3,37,3840,2160,1267,713,0.545536
33,"Fused RGB20",3,38,3840,2160,1267,713,0.543744
33,"Fused RGB20",3,39,3840,2160,1267,713,0.54656
33,"Fused RGB20",3,40,3840,2160,1267,713,0.552448
33,"Fused RGB20",3,41,3840,2160,1267,713,0.554624
33,"Fused RGB20",3,42,3840,2160,1267,713,0.553984
33,"Fused RGB20",3,43,3840,2160,1267,713,0.554496
33,"Fused RGB20",3,44,3840,2160,1267,713,0.555136
33,"Fused RGB20",3,45,3840,2160,1267,713,0.553344
33,"Fused RGB20",3,46,3840,2160,1267,713,0.553088
33,"Fused RGB20",3,47,3840,2160,1267,713,0.553856
33,"Fused RGB20",3,48,3840,2160,1267,713,0.553984
33,"Fused RGB20",3,49,3840,2160,1267,713,0.552576
33,"Fused RGB20",3,50,3840,2160,1267,713,0.554112
33,"Fused RGB20",3,51,3840,2160,1267,713,0.555392
33,"Fused RGB20",3,52,3840,2160,1267,713,0.550784
33,"Fused RGB20",3,53,3840,2160,1267,713,0.538112
33,"Fused RGB20",3,54,3840,2160,1267,713,0.5376
33,"Fused RGB20",3,55,3840,2160,1267,713,0.536704
33,"Fused RGB20",3,56,3840,2160,1267,713,0.53696
33,"Fused RGB20",3,57,3840,2160,1267,713,0.539776
33,"Fused RGB20",3,58,3840,2160,1267,713,0.545536
33,"Fused RGB20",3,59,3840,2160,1267,713,0.54528
33,"Fused RGB20",3,60,3840,2160,1267,713,0.544256
33,"Fused RGB20",3,61,3840,2160,1267,713,0.54336
33,"Fused RGB20",3,62,3840,2160,1267,713,0.544
33,"Fused RGB20",3,63,3840,2160,1267,713,0.545408
33,"Fused RGB20",3,64,3840,2160,1267,713,0.546304
33,"Fused RGB20",3,65,3840,2160,1267,713,0.545024
33,"Fused RGB20",3,66,3840,2160,1267,713,0.534912
33,"Fused RGB20",3,67,3840,2160,1267,713,0.530432
33,"Fused RGB20",3,68,3840,2160,1267,713,0.530048
33,"Fused RGB20",3,69,3840,2160,1267,713,0.5312
33,"Fused RGB20",3,70,3840,2160,1267,713,0.529408
33,"Fused RGB20",3,71,3840,2160,1267,713,0.53888
33,"Fused RGB20",3,72,3840,2160,1267,713,0.541952
33,"Fused RGB20",3,73,3840,2160,1267,713,0.5408
33,"Fused RGB20",3,74,3840,2160,1267,713,0.542464
33,"Fused RGB20",3,75,3840,2160,1267,713,0.54528
33,"Fused RGB20",3,76,3840,2160,1267,713,0.548352
33,"Fused RGB20",3,77,3840,2160,1267,713,0.547072
33,"Fused RGB20",3,78,3840,2160,1267,713,0.547584
33,"Fused RGB20",3,79,3840,2160,1267,713,0.55104
33,"Fused RGB20",3,80,3840,2160,1267,713,0.557184
33,"Fused RGB20",3,81,3840,2160,1267,713,0.551296
33,"Fused RGB20",3,82,3840,2160,1267,713,0.54976
33,"Fused RGB20",3,83,3840,2160,1267,713,0.548864
33,"Fused RGB20",3,84,3840,2160,1267,713,0.548992
33,"Fused RGB20",3,85,3840,2160,1267,713,0.546432
33,"Fused RGB20",3,86,3840,2160,1267,713,0.54784
33,"Fused RGB20",3,87,3840,2160,1267,713,0.546688
33,"Fused RGB20",3,88,3840,2160,1267,713,0.5472
33,"Fused RGB20",3,89,3840,2160,1267,713,0.548096
33,"Fused RGB20",3,90,3840,2160,1267,713,0.5472
33,"Fused RGB20",3,91,3840,2160,1267,713,0.547072
33,"Fused RGB20",3,92,3840,2160,1267,713,0.54784
33,"Fused RGB20",3,93,3840,2160,1267,713,0.547968
33,"Fused RGB20",3,94,3840,2160,1267,713,0.54848
33,"Fused RGB20",3,95,3840,2160,1267,713,0.548864
33,"Fused RGB20",3,96,3840,2160,1267,713,0.54848
33,"Fused RGB20",3,97,3840,2160,1267,713,0.546944
33,"Fused RGB20",3,98,3840,2160,1267,713,0.535552
33,"Fused RGB20",3,99,3840,2160,1267,713,0.534784
33,"Fused RGB20",3,100,3840,2160,1267,713,0.534784
33,"Fused RGB20",3,101,3840,2160,1267,713,0.534912
33,"Fused RGB20",3,102,3840,2160,1267,713,0.53376
33,"Fused RGB20",3,103,3840,2160,1267,713,0.533504
33,"Fused RGB20",3,104,3840,2160,1267,713,0.532992
33,"Fused RGB20",3,105,3840,2160,1267,713,0.533504
33,"Fused RGB20",3,106,3840,2160,1267,713,0.533632
33,"Fused RGB20",3,107,3840,2160,1267,713,0.53824
33,"Fused RGB20",3,108,3840,2160,1267,713,0.541824
33,"Fused RGB20",3,109,3840,2160,1267,713,0.540288
33,"Fused RGB20",3,110,3840,2160,1267,713,0.541312
33,"Fused RGB20",3,111,3840,2160,1267,713,0.541824
33,"Fused RGB20",3,112,3840,2160,1267,713,0.54208
33,"Fused RGB20",3,113,3840,2160,1267,713,0.541568
33,"Fused RGB20",3,114,3840,2160,1267,713,0.541568
33,"Fused RGB20",3,115,3840,2160,1267,713,0.540928
33,"Fused RGB20",3,116,3840,2160,1267,713,0.538752
33,"Fused RGB20",3,117,3840,2160,1267,713,0.534784
33,"Fused RGB20",3,118,3840,2160,1267,713,0.533888
33,"Fused RGB20",3,119,3840,2160,1267,713,0.53312
33,"Fused RGB20",3,120,3840,2160,1267,713,0.53376
33,"Fused RGB20",3,121,3840,2160,1267,713,0.535936
33,"Fused RGB20",3,122,3840,2160,1267,713,0.538368
33,"Fused RGB20",3,123,3840,2160,1267,713,0.538496
33,"Fused RGB20",3,124,3840,2160,1267,713,0.537344
33,"Fused RGB20",3,125,3840,2160,1267,713,0.539136
33,"Fused RGB20",3,126,3840,2160,1267,713,0.541824
33,"Fused RGB20",3,127,3840,2160,1267,713,0.546176
33,"Fused RGB20",3,128,3840,2160,1267,713,0.5472
33,"Fused RGB20",3,129,3840,2160,1267,713,0.54528
33,"Fused RGB20",3,130,3840,2160,1267,713,0.534272
33,"Fused RGB20",3,131,3840,2160,1267,713,0.533632
33,"Fused RGB20",3,132,3840,2160,1267,713,0.535168
33,"Fused RGB20",3,133,3840,2160,1267,713,0.534656
33,"Fused RGB20",3,134,3840,2160,1267,713,0.538368
33,"Fused RGB20",3,135,3840,2160,1267,713,0.54528
33,"Fused RGB20",3,136,3840,2160,1267,713,0.545664
33,"Fused RGB20",3,137,3840,2160,1267,713,0.54656
33,"Fused RGB20",3,138,3840,2160,1267,713,0.545536
33,"Fused RGB20",3,139,3840,2160,1267,713,0.545408
33,"Fused RGB20",3,140,3840,2160,1267,713,0.545152
33,"Fused RGB20",3,141,3840,2160,1267,713,0.544512
33,"Fused RGB20",3,142,3840,2160,1267,713,0.546048
33,"Fused RGB20",3,143,3840,2160,1267,713,0.543488
33,"Fused RGB20",3,144,3840,2160,1267,713,0.539264
33,"Fused RGB20",3,145,3840,2160,1267,713,0.53888
33,"Fused RGB20",3,146,3840,2160,1267,713,0.538752
33,"Fused RGB20",3,147,3840,2160,1267,713,0.53824
33,"Fused RGB20",3,148,3840,2160,1267,713,0.536064
33,"Fused RGB20",3,149,3840,2160,1267,713,0.528896
33,"Fused RGB20",3,150,3840,2160,1267,713,0.528896
33,"Fused RGB20",3,151,3840,2160,1267,713,0.528256
33,"Fused RGB20",3,152,3840,2160,1267,713,0.528768
33,"Fused RGB20",3,153,3840,2160,1267,713,0.535424
33,"Fused RGB20",3,154,3840,2160,1267,713,0.536192
33,"Fused RGB20",3,155,3840,2160,1267,713,0.535552
33,"Fused RGB20",3,156,3840,2160,1267,713,0.536448
33,"Fused RGB20",3,157,3840,2160,1267,713,0.539392
33,"Fused RGB20",3,158,3840,2160,1267,713,0.544128
33,"Fused RGB20",3,159,3840,2160,1267,713,0.544512
33,"Fused optimized P50/general",4,0,3840,2160,1267,713,0.499712
33,"Fused optimized P50/general",4,1,3840,2160,1267,713,0.610432
33,"Fused optimized P50/general",4,2,3840,2160,1267,713,0.500736
33,"Fused optimized P50/general",4,3,3840,2160,1267,713,0.613632
33,"Fused optimized P50/general",4,4,3840,2160,1267,713,0.502528
33,"Fused optimized P50/general",4,5,3840,2160,1267,713,0.611968
33,"Fused optimized P50/general",4,6,3840,2160,1267,713,0.502912
33,"Fused optimized P50/general",4,7,3840,2160,1267,713,0.61696
33,"Fused optimized P50/general",4,8,3840,2160,1267,713,0.564608
33,"Fused optimized P50/general",4,9,3840,2160,1267,713,0.55296
33,"Fused optimized P50/general",4,10,3840,2160,1267,713,0.610304
33,"Fused optimized P50/general",4,11,3840,2160,1267,713,0.503552
33,"Fused optimized P50/general",4,12,3840,2160,1267,713,0.596992
33,"Fused optimized P50/general",4,13,3840,2160,1267,713,0.502016
33,"Fused optimized P50/general",4,14,3840,2160,1267,713,0.581504
33,"Fused optimized P50/general",4,15,3840,2160,1267,713,0.503552
33,"Fused optimized P50/general",4,16,3840,2160,1267,713,0.5696
33,"Fused optimized P50/general",4,17,3840,2160,1267,713,0.504704
33,"Fused optimized P50/general",4,18,3840,2160,1267,713,0.505856
33,"Fused optimized P50/general",4,19,3840,2160,1267,713,0.50624
33,"Fused optimized P50/general",4,20,3840,2160,1267,713,0.505344
33,"Fused optimized P50/general",4,21,3840,2160,1267,713,0.505728
33,"Fused optimized P50/general",4,22,3840,2160,1267,713,0.505472
33,"Fused optimized P50/general",4,23,3840,2160,1267,713,0.504704
33,"Fused optimized P50/general",4,24,3840,2160,1267,713,0.505216
33,"Fused optimized P50/general",4,25,3840,2160,1267,713,0.511104
33,"Fused optimized P50/general",4,26,3840,2160,1267,713,0.521344
33,"Fused optimized P50/general",4,27,3840,2160,1267,713,0.52224
33,"Fused optimized P50/general",4,28,3840,2160,1267,713,0.5216
33,"Fused optimized P50/general",4,29,3840,2160,1267,713,0.5216
33,"Fused optimized P50/general",4,30,3840,2160,1267,713,0.524032
33,"Fused optimized P50/general",4,31,3840,2160,1267,713,0.524544
33,"Fused optimized P50/general",4,32,3840,2160,1267,713,0.525568
33,"Fused optimized P50/general",4,33,3840,2160,1267,713,0.525056
33,"Fused optimized P50/general",4,34,3840,2160,1267,713,0.521344
33,"Fused optimized P50/general",4,35,3840,2160,1267,713,0.512768
33,"Fused optimized P50/general",4,36,3840,2160,1267,713,0.511744
33,"Fused optimized P50/general",4,37,3840,2160,1267,713,0.511616
33,"Fused optimized P50/general",4,38,3840,2160,1267,713,0.511744
33,"Fused optimized P50/general",4,39,3840,2160,1267,713,0.516736
33,"Fused optimized P50/general",4,40,3840,2160,1267,713,0.520192
33,"Fused optimized P50/general",4,41,3840,2160,1267,713,0.521472
33,"Fused optimized P50/general",4,42,3840,2160,1267,713,0.52096
33,"Fused optimized P50/general",4,43,3840,2160,1267,713,0.520448
33,"Fused optimized P50/general",4,44,3840,2160,1267,713,0.5216
33,"Fused optimized P50/general",4,45,3840,2160,1267,713,0.520832
33,"Fused optimized P50/general",4,46,3840,2160,1267,713,0.521216
33,"Fused optimized P50/general",4,47,3840,2160,1267,713,0.521472
33,"Fused optimized P50/general",4,48,3840,2160,1267,713,0.521856
33,"Fused optimized P50/general",4,49,3840,2160,1267,713,0.52096
33,"Fused optimized P50/general",4,50,3840,2160,1267,713,0.521984
33,"Fused optimized P50/general",4,51,3840,2160,1267,713,0.521216
33,"Fused optimized P50/general",4,52,3840,2160,1267,713,0.52096
33,"Fused optimized P50/general",4,53,3840,2160,1267,713,0.514432
33,"Fused optimized P50/general",4,54,3840,2160,1267,713,0.509312
33,"Fused optimized P50/general",4,55,3840,2160,1267,713,0.509312
33,"Fused optimized P50/general",4,56,3840,2160,1267,713,0.509056
33,"Fused optimized P50/general",4,57,3840,2160,1267,713,0.509696
33,"Fused optimized P50/general",4,58,3840,2160,1267,713,0.511872
33,"Fused optimized P50/general",4,59,3840,2160,1267,713,0.514816
33,"Fused optimized P50/general",4,60,3840,2160,1267,713,0.515584
33,"Fused optimized P50/general",4,61,3840,2160,1267,713,0.515072
33,"Fused optimized P50/general",4,62,3840,2160,1267,713,0.515072
33,"Fused optimized P50/general",4,63,3840,2160,1267,713,0.516864
33,"Fused optimized P50/general",4,64,3840,2160,1267,713,0.523008
33,"Fused optimized P50/general",4,65,3840,2160,1267,713,0.521856
33,"Fused optimized P50/general",4,66,3840,2160,1267,713,0.520832
33,"Fused optimized P50/general",4,67,3840,2160,1267,713,0.521472
33,"Fused optimized P50/general",4,68,3840,2160,1267,713,0.519296
33,"Fused optimized P50/general",4,69,3840,2160,1267,713,0.518528
33,"Fused optimized P50/general",4,70,3840,2160,1267,713,0.518144
33,"Fused optimized P50/general",4,71,3840,2160,1267,713,0.518272
33,"Fused optimized P50/general",4,72,3840,2160,1267,713,0.518016
33,"Fused optimized P50/general",4,73,3840,2160,1267,713,0.515584
33,"Fused optimized P50/general",4,74,3840,2160,1267,713,0.514944
33,"Fused optimized P50/general",4,75,3840,2160,1267,713,0.5152
33,"Fused optimized P50/general",4,76,3840,2160,1267,713,0.51456
33,"Fused optimized P50/general",4,77,3840,2160,1267,713,0.514944
33,"Fused optimized P50/general",4,78,3840,2160,1267,713,0.515072
33,"Fused optimized P50/general",4,79,3840,2160,1267,713,0.5152
33,"Fused optimized P50/general",4,80,3840,2160,1267,713,0.515968
33,"Fused optimized P50/general",4,81,3840,2160,1267,713,0.514816
33,"Fused optimized P50/general",4,82,3840,2160,1267,713,0.514432
33,"Fused optimized P50/general",4,83,3840,2160,1267,713,0.50176
33,"Fused optimized P50/general",4,84,3840,2160,1267,713,0.501504
33,"Fused optimized P50/general",4,85,3840,2160,1267,713,0.502784
33,"Fused optimized P50/general",4,86,3840,2160,1267,713,0.502272
33,"Fused optimized P50/general",4,87,3840,2160,1267,713,0.508928
33,"Fused optimized P50/general",4,88,3840,2160,1267,713,0.509568
33,"Fused optimized P50/general",4,89,3840,2160,1267,713,0.509696
33,"Fused optimized P50/general",4,90,3840,2160,1267,713,0.509696
33,"Fused optimized P50/general",4,91,3840,2160,1267,713,0.509312
33,"Fused optimized P50/general",4,92,3840,2160,1267,713,0.511616
33,"Fused optimized P50/general",4,93,3840,2160,1267,713,0.511872
33,"Fused optimized P50/general",4,94,3840,2160,1267,713,0.512384
33,"Fused optimized P50/general",4,95,3840,2160,1267,713,0.512
33,"Fused optimized P50/general",4,96,3840,2160,1267,713,0.51584
33,"Fused optimized P50/general",4,97,3840,2160,1267,713,0.521088
33,"Fused optimized P50/general",4,98,3840,2160,1267,713,0.521216
33,"Fused optimized P50/general",4,99,3840,2160,1267,713,0.521088
33,"Fused optimized P50/general",4,100,3840,2160,1267,713,0.522624
33,"Fused optimized P50/general",4,101,3840,2160,1267,713,0.509696
33,"Fused optimized P50/general",4,102,3840,2160,1267,713,0.509312
33,"Fused optimized P50/general",4,103,3840,2160,1267,713,0.508416
33,"Fused optimized P50/general",4,104,3840,2160,1267,713,0.508672
33,"Fused optimized P50/general",4,105,3840,2160,1267,713,0.508416
33,"Fused optimized P50/general",4,106,3840,2160,1267,713,0.508416
33,"Fused optimized P50/general",4,107,3840,2160,1267,713,0.51392
33,"Fused optimized P50/general",4,108,3840,2160,1267,713,0.514432
33,"Fused optimized P50/general",4,109,3840,2160,1267,713,0.514944
33,"Fused optimized P50/general",4,110,3840,2160,1267,713,0.515584
33,"Fused optimized P50/general",4,111,3840,2160,1267,713,0.5184
33,"Fused optimized P50/general",4,112,3840,2160,1267,713,0.518272
33,"Fused optimized P50/general",4,113,3840,2160,1267,713,0.518272
33,"Fused optimized P50/general",4,114,3840,2160,1267,713,0.518272
33,"Fused optimized P50/general",4,115,3840,2160,1267,713,0.513536
33,"Fused optimized P50/general",4,116,3840,2160,1267,713,0.511488
33,"Fused optimized P50/general",4,117,3840,2160,1267,713,0.511232
33,"Fused optimized P50/general",4,118,3840,2160,1267,713,0.51136
33,"Fused optimized P50/general",4,119,3840,2160,1267,713,0.511616
33,"Fused optimized P50/general",4,120,3840,2160,1267,713,0.516608
33,"Fused optimized P50/general",4,121,3840,2160,1267,713,0.521856
33,"Fused optimized P50/general",4,122,3840,2160,1267,713,0.521088
33,"Fused optimized P50/general",4,123,3840,2160,1267,713,0.521344
33,"Fused optimized P50/general",4,124,3840,2160,1267,713,0.521472
33,"Fused optimized P50/general",4,125,3840,2160,1267,713,0.5216
33,"Fused optimized P50/general",4,126,3840,2160,1267,713,0.521856
33,"Fused optimized P50/general",4,127,3840,2160,1267,713,0.521088
33,"Fused optimized P50/general",4,128,3840,2160,1267,713,0.52224
33,"Fused optimized P50/general",4,129,3840,2160,1267,713,0.519552
33,"Fused optimized P50/general",4,130,3840,2160,1267,713,0.514176
33,"Fused optimized P50/general",4,131,3840,2160,1267,713,0.515072
33,"Fused optimized P50/general",4,132,3840,2160,1267,713,0.51456
33,"Fused optimized P50/general",4,133,3840,2160,1267,713,0.514688
33,"Fused optimized P50/general",4,134,3840,2160,1267,713,0.512
33,"Fused optimized P50/general",4,135,3840,2160,1267,713,0.512384
33,"Fused optimized P50/general",4,136,3840,2160,1267,713,0.511616
33,"Fused optimized P50/general",4,137,3840,2160,1267,713,0.511104
33,"Fused optimized P50/general",4,138,3840,2160,1267,713,0.511744
33,"Fused optimized P50/general",4,139,3840,2160,1267,713,0.514432
33,"Fused optimized P50/general",4,140,3840,2160,1267,713,0.514944
33,"Fused optimized P50/general",4,141,3840,2160,1267,713,0.514688
33,"Fused optimized P50/general",4,142,3840,2160,1267,713,0.51456
33,"Fused optimized P50/general",4,143,3840,2160,1267,713,0.515072
33,"Fused optimized P50/general",4,144,3840,2160,1267,713,0.525312
33,"Fused optimized P50/general",4,145,3840,2160,1267,713,0.524672
33,"Fused optimized P50/general",4,146,3840,2160,1267,713,0.525056
33,"Fused optimized P50/general",4,147,3840,2160,1267,713,0.524544
33,"Fused optimized P50/general",4,148,3840,2160,1267,713,0.515456
33,"Fused optimized P50/general",4,149,3840,2160,1267,713,0.511232
33,"Fused optimized P50/general",4,150,3840,2160,1267,713,0.511872
33,"Fused optimized P50/general",4,151,3840,2160,1267,713,0.51136
33,"Fused optimized P50/general",4,152,3840,2160,1267,713,0.512512
33,"Fused optimized P50/general",4,153,3840,2160,1267,713,0.516992
33,"Fused optimized P50/general",4,154,3840,2160,1267,713,0.521088
33,"Fused optimized P50/general",4,155,3840,2160,1267,713,0.521728
33,"Fused optimized P50/general",4,156,3840,2160,1267,713,0.5216
33,"Fused optimized P50/general",4,157,3840,2160,1267,713,0.521344
33,"Fused optimized P50/general",4,158,3840,2160,1267,713,0.521216
33,"Fused optimized P50/general",4,159,3840,2160,1267,713,0.5216
33,"Classic optimized",5,0,3840,2160,1267,713,0.318848
33,"Classic optimized",5,1,3840,2160,1267,713,0.316416
33,"Classic optimized",5,2,3840,2160,1267,713,0.317696
33,"Classic optimized",5,3,3840,2160,1267,713,0.320256
33,"Classic optimized",5,4,3840,2160,1267,713,0.319488
33,"Classic optimized",5,5,3840,2160,1267,713,0.318976
33,"Classic optimized",5,6,3840,2160,1267,713,0.319616
33,"Classic optimized",5,7,3840,2160,1267,713,0.319616
33,"Classic optimized",5,8,3840,2160,1267,713,0.319232
33,"Classic optimized",5,9,3840,2160,1267,713,0.31936
33,"Classic optimized",5,10,3840,2160,1267,713,0.31872
33,"Classic optimized",5,11,3840,2160,1267,713,0.317952
33,"Classic optimized",5,12,3840,2160,1267,713,0.317184
33,"Classic optimized",5,13,3840,2160,1267,713,0.318208
33,"Classic optimized",5,14,3840,2160,1267,713,0.317824
33,"Classic optimized",5,15,3840,2160,1267,713,0.317184
33,"Classic optimized",5,16,3840,2160,1267,713,0.319616
33,"Classic optimized",5,17,3840,2160,1267,713,0.319872
33,"Classic optimized",5,18,3840,2160,1267,713,0.32064
33,"Classic optimized",5,19,3840,2160,1267,713,0.320896
33,"Classic optimized",5,20,3840,2160,1267,713,0.320384
33,"Classic optimized",5,21,3840,2160,1267,713,0.320768
33,"Classic optimized",5,22,3840,2160,1267,713,0.321024
33,"Classic optimized",5,23,3840,2160,1267,713,0.320768
33,"Classic optimized",5,24,3840,2160,1267,713,0.31872
33,"Classic optimized",5,25,3840,2160,1267,713,0.313728
33,"Classic optimized",5,26,3840,2160,1267,713,0.313216
33,"Classic optimized",5,27,3840,2160,1267,713,0.313088
33,"Classic optimized",5,28,3840,2160,1267,713,0.313856
33,"Classic optimized",5,29,3840,2160,1267,713,0.3136
33,"Classic optimized",5,30,3840,2160,1267,713,0.313088
33,"Classic optimized",5,31,3840,2160,1267,713,0.313344
33,"Classic optimized",5,32,3840,2160,1267,713,0.316672
33,"Classic optimized",5,33,3840,2160,1267,713,0.32
33,"Classic optimized",5,34,3840,2160,1267,713,0.320896
33,"Classic optimized",5,35,3840,2160,1267,713,0.321024
33,"Classic optimized",5,36,3840,2160,1267,713,0.320128
33,"Classic optimized",5,37,3840,2160,1267,713,0.320896
33,"Classic optimized",5,38,3840,2160,1267,713,0.321024
33,"Classic optimized",5,39,3840,2160,1267,713,0.320128
33,"Classic optimized",5,40,3840,2160,1267,713,0.316544
33,"Classic optimized",5,41,3840,2160,1267,713,0.317312
33,"Classic optimized",5,42,3840,2160,1267,713,0.316672
33,"Classic optimized",5,43,3840,2160,1267,713,0.316416
33,"Classic optimized",5,44,3840,2160,1267,713,0.31744
33,"Classic optimized",5,45,3840,2160,1267,713,0.316928
33,"Classic optimized",5,46,3840,2160,1267,713,0.316416
33,"Classic optimized",5,47,3840,2160,1267,713,0.317184
33,"Classic optimized",5,48,3840,2160,1267,713,0.324096
33,"Classic optimized",5,49,3840,2160,1267,713,0.322048
33,"Classic optimized",5,50,3840,2160,1267,713,0.322432
33,"Classic optimized",5,51,3840,2160,1267,713,0.321664
33,"Classic optimized",5,52,3840,2160,1267,713,0.32128
33,"Classic optimized",5,53,3840,2160,1267,713,0.322432
33,"Classic optimized",5,54,3840,2160,1267,713,0.319616
33,"Classic optimized",5,55,3840,2160,1267,713,0.313984
33,"Classic optimized",5,56,3840,2160,1267,713,0.314624
33,"Classic optimized",5,57,3840,2160,1267,713,0.31488
33,"Classic optimized",5,58,3840,2160,1267,713,0.313856
33,"Classic optimized",5,59,3840,2160,1267,713,0.314368
33,"Classic optimized",5,60,3840,2160,1267,713,0.31488
33,"Classic optimized",5,61,3840,2160,1267,713,0.31424
33,"Classic optimized",5,62,3840,2160,1267,713,0.316544
33,"Classic optimized",5,63,3840,2160,1267,713,0.322432
33,"Classic optimized",5,64,3840,2160,1267,713,0.324864
33,"Classic optimized",5,65,3840,2160,1267,713,0.322176
33,"Classic optimized",5,66,3840,2160,1267,713,0.321664
33,"Classic optimized",5,67,3840,2160,1267,713,0.32192
33,"Classic optimized",5,68,3840,2160,1267,713,0.322688
33,"Classic optimized",5,69,3840,2160,1267,713,0.314112
33,"Classic optimized",5,70,3840,2160,1267,713,0.311424
33,"Classic optimized",5,71,3840,2160,1267,713,0.31232
33,"Classic optimized",5,72,3840,2160,1267,713,0.31232
33,"Classic optimized",5,73,3840,2160,1267,713,0.311424
33,"Classic optimized",5,74,3840,2160,1267,713,0.311936
33,"Classic optimized",5,75,3840,2160,1267,713,0.31232
33,"Classic optimized",5,76,3840,2160,1267,713,0.31296
33,"Classic optimized",5,77,3840,2160,1267,713,0.31936
33,"Classic optimized",5,78,3840,2160,1267,713,0.319744
33,"Classic optimized",5,79,3840,2160,1267,713,0.319488
33,"Classic optimized",5,80,3840,2160,1267,713,0.321792
33,"Classic optimized",5,81,3840,2160,1267,713,0.319232
33,"Classic optimized",5,82,3840,2160,1267,713,0.319232
33,"Classic optimized",5,83,3840,2160,1267,713,0.312576
33,"Classic optimized",5,84,3840,2160,1267,713,0.310144
33,"Classic optimized",5,85,3840,2160,1267,713,0.309888
33,"Classic optimized",5,86,3840,2160,1267,713,0.310784
33,"Classic optimized",5,87,3840,2160,1267,713,0.310528
33,"Classic optimized",5,88,3840,2160,1267,713,0.30976
33,"Classic optimized",5,89,3840,2160,1267,713,0.310784
33,"Classic optimized",5,90,3840,2160,1267,713,0.310912
33,"Classic optimized",5,91,3840,2160,1267,713,0.31872
33,"Classic optimized",5,92,3840,2160,1267,713,0.319488
33,"Classic optimized",5,93,3840,2160,1267,713,0.319744
33,"Classic optimized",5,94,3840,2160,1267,713,0.319232
33,"Classic optimized",5,95,3840,2160,1267,713,0.319232
33,"Classic optimized",5,96,3840,2160,1267,713,0.32192
33,"Classic optimized",5,97,3840,2160,1267,713,0.319104
33,"Classic optimized",5,98,3840,2160,1267,713,0.319872
33,"Classic optimized",5,99,3840,2160,1267,713,0.319616
33,"Classic optimized",5,100,3840,2160,1267,713,0.318976
33,"Classic optimized",5,101,3840,2160,1267,713,0.319616
33,"Classic optimized",5,102,3840,2160,1267,713,0.319616
33,"Classic optimized",5,103,3840,2160,1267,713,0.319104
33,"Classic optimized",5,104,3840,2160,1267,713,0.31936
33,"Classic optimized",5,105,3840,2160,1267,713,0.319872
33,"Classic optimized",5,106,3840,2160,1267,713,0.315392
33,"Classic optimized",5,107,3840,2160,1267,713,0.314112
33,"Classic optimized",5,108,3840,2160,1267,713,0.314752
33,"Classic optimized",5,109,3840,2160,1267,713,0.314496
33,"Classic optimized",5,110,3840,2160,1267,713,0.313728
33,"Classic optimized",5,111,3840,2160,1267,713,0.314624
33,"Classic optimized",5,112,3840,2160,1267,713,0.319104
33,"Classic optimized",5,113,3840,2160,1267,713,0.320512
33,"Classic optimized",5,114,3840,2160,1267,713,0.320896
33,"Classic optimized",5,115,3840,2160,1267,713,0.320384
33,"Classic optimized",5,116,3840,2160,1267,713,0.320768
33,"Classic optimized",5,117,3840,2160,1267,713,0.320896
33,"Classic optimized",5,118,3840,2160,1267,713,0.320512
33,"Classic optimized",5,119,3840,2160,1267,713,0.320256
33,"Classic optimized",5,120,3840,2160,1267,713,0.320896
33,"Classic optimized",5,121,3840,2160,1267,713,0.32064
33,"Classic optimized",5,122,3840,2160,1267,713,0.315904
33,"Classic optimized",5,123,3840,2160,1267,713,0.31168
33,"Classic optimized",5,124,3840,2160,1267,713,0.311296
33,"Classic optimized",5,125,3840,2160,1267,713,0.310656
33,"Classic optimized",5,126,3840,2160,1267,713,0.311552
33,"Classic optimized",5,127,3840,2160,1267,713,0.31168
33,"Classic optimized",5,128,3840,2160,1267,713,0.3168
33,"Classic optimized",5,129,3840,2160,1267,713,0.31936
33,"Classic optimized",5,130,3840,2160,1267,713,0.319744
33,"Classic optimized",5,131,3840,2160,1267,713,0.319232
33,"Classic optimized",5,132,3840,2160,1267,713,0.31936
33,"Classic optimized",5,133,3840,2160,1267,713,0.319744
33,"Classic optimized",5,134,3840,2160,1267,713,0.31936
33,"Classic optimized",5,135,3840,2160,1267,713,0.319104
33,"Classic optimized",5,136,3840,2160,1267,713,0.32
33,"Classic optimized",5,137,3840,2160,1267,713,0.319488
33,"Classic optimized",5,138,3840,2160,1267,713,0.319104
33,"Classic optimized",5,139,3840,2160,1267,713,0.319488
33,"Classic optimized",5,140,3840,2160,1267,713,0.319872
33,"Classic optimized",5,141,3840,2160,1267,713,0.319104
33,"Classic optimized",5,142,3840,2160,1267,713,0.319488
33,"Classic optimized",5,143,3840,2160,1267,713,0.32
33,"Classic optimized",5,144,3840,2160,1267,713,0.321536
33,"Classic optimized",5,145,3840,2160,1267,713,0.319488
33,"Classic optimized",5,146,3840,2160,1267,713,0.319744
33,"Classic optimized",5,147,3840,2160,1267,713,0.319616
33,"Classic optimized",5,148,3840,2160,1267,713,0.31936
33,"Classic optimized",5,149,3840,2160,1267,713,0.320128
33,"Classic optimized",5,150,3840,2160,1267,713,0.319488
33,"Classic optimized",5,151,3840,2160,1267,713,0.317184
33,"Classic optimized",5,152,3840,2160,1267,713,0.318464
33,"Classic optimized",5,153,3840,2160,1267,713,0.317952
33,"Classic optimized",5,154,3840,2160,1267,713,0.317312
33,"Classic optimized",5,155,3840,2160,1267,713,0.317952
33,"Classic optimized",5,156,3840,2160,1267,713,0.317824
33,"Classic optimized",5,157,3840,2160,1267,713,0.31744
33,"Classic optimized",5,158,3840,2160,1267,713,0.317824
33,"Classic optimized",5,159,3840,2160,1267,713,0.31808
40,"Classic optimized",0,0,3840,2160,1536,864,0.329088
40,"Classic optimized",0,1,3840,2160,1536,864,0.327168
40,"Classic optimized",0,2,3840,2160,1536,864,0.326912
40,"Classic optimized",0,3,3840,2160,1536,864,0.32768
40,"Classic optimized",0,4,3840,2160,1536,864,0.327168
40,"Classic optimized",0,5,3840,2160,1536,864,0.326656
40,"Classic optimized",0,6,3840,2160,1536,864,0.32768
40,"Classic optimized",0,7,3840,2160,1536,864,0.327552
40,"Classic optimized",0,8,3840,2160,1536,864,0.326784
40,"Classic optimized",0,9,3840,2160,1536,864,0.327424
40,"Classic optimized",0,10,3840,2160,1536,864,0.327424
40,"Classic optimized",0,11,3840,2160,1536,864,0.327168
40,"Classic optimized",0,12,3840,2160,1536,864,0.327296
40,"Classic optimized",0,13,3840,2160,1536,864,0.328576
40,"Classic optimized",0,14,3840,2160,1536,864,0.328192
40,"Classic optimized",0,15,3840,2160,1536,864,0.328192
40,"Classic optimized",0,16,3840,2160,1536,864,0.330112
40,"Classic optimized",0,17,3840,2160,1536,864,0.328192
40,"Classic optimized",0,18,3840,2160,1536,864,0.328064
40,"Classic optimized",0,19,3840,2160,1536,864,0.328448
40,"Classic optimized",0,20,3840,2160,1536,864,0.327552
40,"Classic optimized",0,21,3840,2160,1536,864,0.326912
40,"Classic optimized",0,22,3840,2160,1536,864,0.327552
40,"Classic optimized",0,23,3840,2160,1536,864,0.327168
40,"Classic optimized",0,24,3840,2160,1536,864,0.326784
40,"Classic optimized",0,25,3840,2160,1536,864,0.32768
40,"Classic optimized",0,26,3840,2160,1536,864,0.327168
40,"Classic optimized",0,27,3840,2160,1536,864,0.32768
40,"Classic optimized",0,28,3840,2160,1536,864,0.328832
40,"Classic optimized",0,29,3840,2160,1536,864,0.328576
40,"Classic optimized",0,30,3840,2160,1536,864,0.32768
40,"Classic optimized",0,31,3840,2160,1536,864,0.328448
40,"Classic optimized",0,32,3840,2160,1536,864,0.329728
40,"Classic optimized",0,33,3840,2160,1536,864,0.327936
40,"Classic optimized",0,34,3840,2160,1536,864,0.328448
40,"Classic optimized",0,35,3840,2160,1536,864,0.328576
40,"Classic optimized",0,36,3840,2160,1536,864,0.327936
40,"Classic optimized",0,37,3840,2160,1536,864,0.328064
40,"Classic optimized",0,38,3840,2160,1536,864,0.328576
40,"Classic optimized",0,39,3840,2160,1536,864,0.328192
40,"Classic optimized",0,40,3840,2160,1536,864,0.328064
40,"Classic optimized",0,41,3840,2160,1536,864,0.328576
40,"Classic optimized",0,42,3840,2160,1536,864,0.32704
40,"Classic optimized",0,43,3840,2160,1536,864,0.32704
40,"Classic optimized",0,44,3840,2160,1536,864,0.32768
40,"Classic optimized",0,45,3840,2160,1536,864,0.32704
40,"Classic optimized",0,46,3840,2160,1536,864,0.326784
40,"Classic optimized",0,47,3840,2160,1536,864,0.327424
40,"Classic optimized",0,48,3840,2160,1536,864,0.328448
40,"Classic optimized",0,49,3840,2160,1536,864,0.327296
40,"Classic optimized",0,50,3840,2160,1536,864,0.328704
40,"Classic optimized",0,51,3840,2160,1536,864,0.32832
40,"Classic optimized",0,52,3840,2160,1536,864,0.327808
40,"Classic optimized",0,53,3840,2160,1536,864,0.328576
40,"Classic optimized",0,54,3840,2160,1536,864,0.328448
40,"Classic optimized",0,55,3840,2160,1536,864,0.327936
40,"Classic optimized",0,56,3840,2160,1536,864,0.32832
40,"Classic optimized",0,57,3840,2160,1536,864,0.327808
40,"Classic optimized",0,58,3840,2160,1536,864,0.326912
40,"Classic optimized",0,59,3840,2160,1536,864,0.327168
40,"Classic optimized",0,60,3840,2160,1536,864,0.327424
40,"Classic optimized",0,61,3840,2160,1536,864,0.32704
40,"Classic optimized",0,62,3840,2160,1536,864,0.326784
40,"Classic optimized",0,63,3840,2160,1536,864,0.32768
40,"Classic optimized",0,64,3840,2160,1536,864,0.329216
40,"Classic optimized",0,65,3840,2160,1536,864,0.327936
40,"Classic optimized",0,66,3840,2160,1536,864,0.328576
40,"Classic optimized",0,67,3840,2160,1536,864,0.328192
40,"Classic optimized",0,68,3840,2160,1536,864,0.327808
40,"Classic optimized",0,69,3840,2160,1536,864,0.328704
40,"Classic optimized",0,70,3840,2160,1536,864,0.328192
40,"Classic optimized",0,71,3840,2160,1536,864,0.327808
40,"Classic optimized",0,72,3840,2160,1536,864,0.32768
40,"Classic optimized",0,73,3840,2160,1536,864,0.327424
40,"Classic optimized",0,74,3840,2160,1536,864,0.326656
40,"Classic optimized",0,75,3840,2160,1536,864,0.327552
40,"Classic optimized",0,76,3840,2160,1536,864,0.327552
40,"Classic optimized",0,77,3840,2160,1536,864,0.327168
40,"Classic optimized",0,78,3840,2160,1536,864,0.32704
40,"Classic optimized",0,79,3840,2160,1536,864,0.32768
40,"Classic optimized",0,80,3840,2160,1536,864,0.329344
40,"Classic optimized",0,81,3840,2160,1536,864,0.328704
40,"Classic optimized",0,82,3840,2160,1536,864,0.328448
40,"Classic optimized",0,83,3840,2160,1536,864,0.327808
40,"Classic optimized",0,84,3840,2160,1536,864,0.32832
40,"Classic optimized",0,85,3840,2160,1536,864,0.328448
40,"Classic optimized",0,86,3840,2160,1536,864,0.326912
40,"Classic optimized",0,87,3840,2160,1536,864,0.325632
40,"Classic optimized",0,88,3840,2160,1536,864,0.325632
40,"Classic optimized",0,89,3840,2160,1536,864,0.325248
40,"Classic optimized",0,90,3840,2160,1536,864,0.325376
40,"Classic optimized",0,91,3840,2160,1536,864,0.32576
40,"Classic optimized",0,92,3840,2160,1536,864,0.325504
40,"Classic optimized",0,93,3840,2160,1536,864,0.324992
40,"Classic optimized",0,94,3840,2160,1536,864,0.326272
40,"Classic optimized",0,95,3840,2160,1536,864,0.328064
40,"Classic optimized",0,96,3840,2160,1536,864,0.33024
40,"Classic optimized",0,97,3840,2160,1536,864,0.328448
40,"Classic optimized",0,98,3840,2160,1536,864,0.327936
40,"Classic optimized",0,99,3840,2160,1536,864,0.328576
40,"Classic optimized",0,100,3840,2160,1536,864,0.328448
40,"Classic optimized",0,101,3840,2160,1536,864,0.325632
40,"Classic optimized",0,102,3840,2160,1536,864,0.325504
40,"Classic optimized",0,103,3840,2160,1536,864,0.32576
40,"Classic optimized",0,104,3840,2160,1536,864,0.325248
40,"Classic optimized",0,105,3840,2160,1536,864,0.32512
40,"Classic optimized",0,106,3840,2160,1536,864,0.325888
40,"Classic optimized",0,107,3840,2160,1536,864,0.325504
40,"Classic optimized",0,108,3840,2160,1536,864,0.32512
40,"Classic optimized",0,109,3840,2160,1536,864,0.32576
40,"Classic optimized",0,110,3840,2160,1536,864,0.326528
40,"Classic optimized",0,111,3840,2160,1536,864,0.327936
40,"Classic optimized",0,112,3840,2160,1536,864,0.329856
40,"Classic optimized",0,113,3840,2160,1536,864,0.328192
40,"Classic optimized",0,114,3840,2160,1536,864,0.328192
40,"Classic optimized",0,115,3840,2160,1536,864,0.327552
40,"Classic optimized",0,116,3840,2160,1536,864,0.32512
40,"Classic optimized",0,117,3840,2160,1536,864,0.324864
40,"Classic optimized",0,118,3840,2160,1536,864,0.326016
40,"Classic optimized",0,119,3840,2160,1536,864,0.325504
40,"Classic optimized",0,120,3840,2160,1536,864,0.325248
40,"Classic optimized",0,121,3840,2160,1536,864,0.326016
40,"Classic optimized",0,122,3840,2160,1536,864,0.325248
40,"Classic optimized",0,123,3840,2160,1536,864,0.326528
40,"Classic optimized",0,124,3840,2160,1536,864,0.328576
40,"Classic optimized",0,125,3840,2160,1536,864,0.32832
40,"Classic optimized",0,126,3840,2160,1536,864,0.327936
40,"Classic optimized",0,127,3840,2160,1536,864,0.328576
40,"Classic optimized",0,128,3840,2160,1536,864,0.329728
40,"Classic optimized",0,129,3840,2160,1536,864,0.327936
40,"Classic optimized",0,130,3840,2160,1536,864,0.328192
40,"Classic optimized",0,131,3840,2160,1536,864,0.32768
40,"Classic optimized",0,132,3840,2160,1536,864,0.326912
40,"Classic optimized",0,133,3840,2160,1536,864,0.32704
40,"Classic optimized",0,134,3840,2160,1536,864,0.327552
40,"Classic optimized",0,135,3840,2160,1536,864,0.32704
40,"Classic optimized",0,136,3840,2160,1536,864,0.326784
40,"Classic optimized",0,137,3840,2160,1536,864,0.32768
40,"Classic optimized",0,138,3840,2160,1536,864,0.327552
40,"Classic optimized",0,139,3840,2160,1536,864,0.328064
40,"Classic optimized",0,140,3840,2160,1536,864,0.328704
40,"Classic optimized",0,141,3840,2160,1536,864,0.328064
40,"Classic optimized",0,142,3840,2160,1536,864,0.328064
40,"Classic optimized",0,143,3840,2160,1536,864,0.328576
40,"Classic optimized",0,144,3840,2160,1536,864,0.329472
40,"Classic optimized",0,145,3840,2160,1536,864,0.327936
40,"Classic optimized",0,146,3840,2160,1536,864,0.328704
40,"Classic optimized",0,147,3840,2160,1536,864,0.328192
40,"Classic optimized",0,148,3840,2160,1536,864,0.32768
40,"Classic optimized",0,149,3840,2160,1536,864,0.328704
40,"Classic optimized",0,150,3840,2160,1536,864,0.32832
40,"Classic optimized",0,151,3840,2160,1536,864,0.327936
40,"Classic optimized",0,152,3840,2160,1536,864,0.328192
40,"Classic optimized",0,153,3840,2160,1536,864,0.328192
40,"Classic optimized",0,154,3840,2160,1536,864,0.326912
40,"Classic optimized",0,155,3840,2160,1536,864,0.32704
40,"Classic optimized",0,156,3840,2160,1536,864,0.327424
40,"Classic optimized",0,157,3840,2160,1536,864,0.327168
40,"Classic optimized",0,158,3840,2160,1536,864,0.326656
40,"Classic optimized",0,159,3840,2160,1536,864,0.327808
40,"Fused optimized P50/general",1,0,3840,2160,1536,864,0.385408
40,"Fused optimized P50/general",1,1,3840,2160,1536,864,0.386048
40,"Fused optimized P50/general",1,2,3840,2160,1536,864,0.385792
40,"Fused optimized P50/general",1,3,3840,2160,1536,864,0.385792
40,"Fused optimized P50/general",1,4,3840,2160,1536,864,0.385664
40,"Fused optimized P50/general",1,5,3840,2160,1536,864,0.381568
40,"Fused optimized P50/general",1,6,3840,2160,1536,864,0.380416
40,"Fused optimized P50/general",1,7,3840,2160,1536,864,0.380672
40,"Fused optimized P50/general",1,8,3840,2160,1536,864,0.380544
40,"Fused optimized P50/general",1,9,3840,2160,1536,864,0.380416
40,"Fused optimized P50/general",1,10,3840,2160,1536,864,0.380544
40,"Fused optimized P50/general",1,11,3840,2160,1536,864,0.380928
40,"Fused optimized P50/general",1,12,3840,2160,1536,864,0.385664
40,"Fused optimized P50/general",1,13,3840,2160,1536,864,0.385664
40,"Fused optimized P50/general",1,14,3840,2160,1536,864,0.385792
40,"Fused optimized P50/general",1,15,3840,2160,1536,864,0.419712
40,"Fused optimized P50/general",1,16,3840,2160,1536,864,0.387968
40,"Fused optimized P50/general",1,17,3840,2160,1536,864,0.385536
40,"Fused optimized P50/general",1,18,3840,2160,1536,864,0.38208
40,"Fused optimized P50/general",1,19,3840,2160,1536,864,0.380416
40,"Fused optimized P50/general",1,20,3840,2160,1536,864,0.380416
40,"Fused optimized P50/general",1,21,3840,2160,1536,864,0.3808
40,"Fused optimized P50/general",1,22,3840,2160,1536,864,0.380544
40,"Fused optimized P50/general",1,23,3840,2160,1536,864,0.3808
40,"Fused optimized P50/general",1,24,3840,2160,1536,864,0.380544
40,"Fused optimized P50/general",1,25,3840,2160,1536,864,0.380544
40,"Fused optimized P50/general",1,26,3840,2160,1536,864,0.380544
40,"Fused optimized P50/general",1,27,3840,2160,1536,864,0.380544
40,"Fused optimized P50/general",1,28,3840,2160,1536,864,0.380416
40,"Fused optimized P50/general",1,29,3840,2160,1536,864,0.380416
40,"Fused optimized P50/general",1,30,3840,2160,1536,864,0.380544
40,"Fused optimized P50/general",1,31,3840,2160,1536,864,0.380544
40,"Fused optimized P50/general",1,32,3840,2160,1536,864,0.38208
40,"Fused optimized P50/general",1,33,3840,2160,1536,864,0.380416
40,"Fused optimized P50/general",1,34,3840,2160,1536,864,0.380544
40,"Fused optimized P50/general",1,35,3840,2160,1536,864,0.380544
40,"Fused optimized P50/general",1,36,3840,2160,1536,864,0.380416
40,"Fused optimized P50/general",1,37,3840,2160,1536,864,0.380416
40,"Fused optimized P50/general",1,38,3840,2160,1536,864,0.380416
40,"Fused optimized P50/general",1,39,3840,2160,1536,864,0.380672
40,"Fused optimized P50/general",1,40,3840,2160,1536,864,0.380544
40,"Fused optimized P50/general",1,41,3840,2160,1536,864,0.380416
40,"Fused optimized P50/general",1,42,3840,2160,1536,864,0.380416
40,"Fused optimized P50/general",1,43,3840,2160,1536,864,0.380672
40,"Fused optimized P50/general",1,44,3840,2160,1536,864,0.383744
40,"Fused optimized P50/general",1,45,3840,2160,1536,864,0.388608
40,"Fused optimized P50/general",1,46,3840,2160,1536,864,0.388352
40,"Fused optimized P50/general",1,47,3840,2160,1536,864,0.388608
40,"Fused optimized P50/general",1,48,3840,2160,1536,864,0.390016
40,"Fused optimized P50/general",1,49,3840,2160,1536,864,0.38848
40,"Fused optimized P50/general",1,50,3840,2160,1536,864,0.38784
40,"Fused optimized P50/general",1,51,3840,2160,1536,864,0.380544
40,"Fused optimized P50/general",1,52,3840,2160,1536,864,0.380288
40,"Fused optimized P50/general",1,53,3840,2160,1536,864,0.3808
40,"Fused optimized P50/general",1,54,3840,2160,1536,864,0.380544
40,"Fused optimized P50/general",1,55,3840,2160,1536,864,0.380288
40,"Fused optimized P50/general",1,56,3840,2160,1536,864,0.380544
40,"Fused optimized P50/general",1,57,3840,2160,1536,864,0.380416
40,"Fused optimized P50/general",1,58,3840,2160,1536,864,0.380416
40,"Fused optimized P50/general",1,59,3840,2160,1536,864,0.380672
40,"Fused optimized P50/general",1,60,3840,2160,1536,864,0.380416
40,"Fused optimized P50/general",1,61,3840,2160,1536,864,0.380672
40,"Fused optimized P50/general",1,62,3840,2160,1536,864,0.380672
40,"Fused optimized P50/general",1,63,3840,2160,1536,864,0.380928
40,"Fused optimized P50/general",1,64,3840,2160,1536,864,0.387968
40,"Fused optimized P50/general",1,65,3840,2160,1536,864,0.385792
40,"Fused optimized P50/general",1,66,3840,2160,1536,864,0.38592
40,"Fused optimized P50/general",1,67,3840,2160,1536,864,0.385792
40,"Fused optimized P50/general",1,68,3840,2160,1536,864,0.38592
40,"Fused optimized P50/general",1,69,3840,2160,1536,864,0.385408
40,"Fused optimized P50/general",1,70,3840,2160,1536,864,0.380672
40,"Fused optimized P50/general",1,71,3840,2160,1536,864,0.380288
40,"Fused optimized P50/general",1,72,3840,2160,1536,864,0.380544
40,"Fused optimized P50/general",1,73,3840,2160,1536,864,0.380544
40,"Fused optimized P50/general",1,74,3840,2160,1536,864,0.380416
40,"Fused optimized P50/general",1,75,3840,2160,1536,864,0.380416
40,"Fused optimized P50/general",1,76,3840,2160,1536,864,0.380288
40,"Fused optimized P50/general",1,77,3840,2160,1536,864,0.380544
40,"Fused optimized P50/general",1,78,3840,2160,1536,864,0.380544
40,"Fused optimized P50/general",1,79,3840,2160,1536,864,0.380544
40,"Fused optimized P50/general",1,80,3840,2160,1536,864,0.383232
40,"Fused optimized P50/general",1,81,3840,2160,1536,864,0.380672
40,"Fused optimized P50/general",1,82,3840,2160,1536,864,0.380544
40,"Fused optimized P50/general",1,83,3840,2160,1536,864,0.378496
40,"Fused optimized P50/general",1,84,3840,2160,1536,864,0.377856
40,"Fused optimized P50/general",1,85,3840,2160,1536,864,0.377856
40,"Fused optimized P50/general",1,86,3840,2160,1536,864,0.377856
40,"Fused optimized P50/general",1,87,3840,2160,1536,864,0.377856
40,"Fused optimized P50/general",1,88,3840,2160,1536,864,0.377728
40,"Fused optimized P50/general",1,89,3840,2160,1536,864,0.379264
40,"Fused optimized P50/general",1,90,3840,2160,1536,864,0.385536
40,"Fused optimized P50/general",1,91,3840,2160,1536,864,0.385792
40,"Fused optimized P50/general",1,92,3840,2160,1536,864,0.38592
40,"Fused optimized P50/general",1,93,3840,2160,1536,864,0.385664
40,"Fused optimized P50/general",1,94,3840,2160,1536,864,0.385792
40,"Fused optimized P50/general",1,95,3840,2160,1536,864,0.385792
40,"Fused optimized P50/general",1,96,3840,2160,1536,864,0.38784
40,"Fused optimized P50/general",1,97,3840,2160,1536,864,0.38592
40,"Fused optimized P50/general",1,98,3840,2160,1536,864,0.385792
40,"Fused optimized P50/general",1,99,3840,2160,1536,864,0.385792
40,"Fused optimized P50/general",1,100,3840,2160,1536,864,0.385792
40,"Fused optimized P50/general",1,101,3840,2160,1536,864,0.385792
40,"Fused optimized P50/general",1,102,3840,2160,1536,864,0.3808
40,"Fused optimized P50/general",1,103,3840,2160,1536,864,0.377984
40,"Fused optimized P50/general",1,104,3840,2160,1536,864,0.3776
40,"Fused optimized P50/general",1,105,3840,2160,1536,864,0.377728
40,"Fused optimized P50/general",1,106,3840,2160,1536,864,0.377856
40,"Fused optimized P50/general",1,107,3840,2160,1536,864,0.377856
40,"Fused optimized P50/general",1,108,3840,2160,1536,864,0.377728
40,"Fused optimized P50/general",1,109,3840,2160,1536,864,0.384896
40,"Fused optimized P50/general",1,110,3840,2160,1536,864,0.385664
40,"Fused optimized P50/general",1,111,3840,2160,1536,864,0.385792
40,"Fused optimized P50/general",1,112,3840,2160,1536,864,0.387584
40,"Fused optimized P50/general",1,113,3840,2160,1536,864,0.385792
40,"Fused optimized P50/general",1,114,3840,2160,1536,864,0.38592
40,"Fused optimized P50/general",1,115,3840,2160,1536,864,0.385024
40,"Fused optimized P50/general",1,116,3840,2160,1536,864,0.383104
40,"Fused optimized P50/general",1,117,3840,2160,1536,864,0.382976
40,"Fused optimized P50/general",1,118,3840,2160,1536,864,0.383104
40,"Fused optimized P50/general",1,119,3840,2160,1536,864,0.383104
40,"Fused optimized P50/general",1,120,3840,2160,1536,864,0.382976
40,"Fused optimized P50/general",1,121,3840,2160,1536,864,0.383232
40,"Fused optimized P50/general",1,122,3840,2160,1536,864,0.385664
40,"Fused optimized P50/general",1,123,3840,2160,1536,864,0.385792
40,"Fused optimized P50/general",1,124,3840,2160,1536,864,0.385536
40,"Fused optimized P50/general",1,125,3840,2160,1536,864,0.385536
40,"Fused optimized P50/general",1,126,3840,2160,1536,864,0.385664
40,"Fused optimized P50/general",1,127,3840,2160,1536,864,0.38592
40,"Fused optimized P50/general",1,128,3840,2160,1536,864,0.386432
40,"Fused optimized P50/general",1,129,3840,2160,1536,864,0.383232
40,"Fused optimized P50/general",1,130,3840,2160,1536,864,0.383104
40,"Fused optimized P50/general",1,131,3840,2160,1536,864,0.383104
40,"Fused optimized P50/general",1,132,3840,2160,1536,864,0.382976
40,"Fused optimized P50/general",1,133,3840,2160,1536,864,0.382976
40,"Fused optimized P50/general",1,134,3840,2160,1536,864,0.382336
40,"Fused optimized P50/general",1,135,3840,2160,1536,864,0.377984
40,"Fused optimized P50/general",1,136,3840,2160,1536,864,0.377856
40,"Fused optimized P50/general",1,137,3840,2160,1536,864,0.377728
40,"Fused optimized P50/general",1,138,3840,2160,1536,864,0.377856
40,"Fused optimized P50/general",1,139,3840,2160,1536,864,0.377984
40,"Fused optimized P50/general",1,140,3840,2160,1536,864,0.377728
40,"Fused optimized P50/general",1,141,3840,2160,1536,864,0.381312
40,"Fused optimized P50/general",1,142,3840,2160,1536,864,0.38848
40,"Fused optimized P50/general",1,143,3840,2160,1536,864,0.38848
40,"Fused optimized P50/general",1,144,3840,2160,1536,864,0.390912
40,"Fused optimized P50/general",1,145,3840,2160,1536,864,0.388608
40,"Fused optimized P50/general",1,146,3840,2160,1536,864,0.388224
40,"Fused optimized P50/general",1,147,3840,2160,1536,864,0.387456
40,"Fused optimized P50/general",1,148,3840,2160,1536,864,0.380544
40,"Fused optimized P50/general",1,149,3840,2160,1536,864,0.380416
40,"Fused optimized P50/general",1,150,3840,2160,1536,864,0.380672
40,"Fused optimized P50/general",1,151,3840,2160,1536,864,0.380416
40,"Fused optimized P50/general",1,152,3840,2160,1536,864,0.380544
40,"Fused optimized P50/general",1,153,3840,2160,1536,864,0.380672
40,"Fused optimized P50/general",1,154,3840,2160,1536,864,0.38208
40,"Fused optimized P50/general",1,155,3840,2160,1536,864,0.383488
40,"Fused optimized P50/general",1,156,3840,2160,1536,864,0.383232
40,"Fused optimized P50/general",1,157,3840,2160,1536,864,0.382976
40,"Fused optimized P50/general",1,158,3840,2160,1536,864,0.383232
40,"Fused optimized P50/general",1,159,3840,2160,1536,864,0.382976
40,"Fused RGB20",2,0,3840,2160,1536,864,0.256896
40,"Fused RGB20",2,1,3840,2160,1536,864,0.25536
40,"Fused RGB20",2,2,3840,2160,1536,864,0.255744
40,"Fused RGB20",2,3,3840,2160,1536,864,0.255872
40,"Fused RGB20",2,4,3840,2160,1536,864,0.25536
40,"Fused RGB20",2,5,3840,2160,1536,864,0.255872
40,"Fused RGB20",2,6,3840,2160,1536,864,0.256
40,"Fused RGB20",2,7,3840,2160,1536,864,0.255744
40,"Fused RGB20",2,8,3840,2160,1536,864,0.255488
40,"Fused RGB20",2,9,3840,2160,1536,864,0.255616
40,"Fused RGB20",2,10,3840,2160,1536,864,0.256
40,"Fused RGB20",2,11,3840,2160,1536,864,0.255488
40,"Fused RGB20",2,12,3840,2160,1536,864,0.255616
40,"Fused RGB20",2,13,3840,2160,1536,864,0.256
40,"Fused RGB20",2,14,3840,2160,1536,864,0.255616
40,"Fused RGB20",2,15,3840,2160,1536,864,0.257408
40,"Fused RGB20",2,16,3840,2160,1536,864,0.259456
40,"Fused RGB20",2,17,3840,2160,1536,864,0.257536
40,"Fused RGB20",2,18,3840,2160,1536,864,0.257536
40,"Fused RGB20",2,19,3840,2160,1536,864,0.257792
40,"Fused RGB20",2,20,3840,2160,1536,864,0.257664
40,"Fused RGB20",2,21,3840,2160,1536,864,0.257536
40,"Fused RGB20",2,22,3840,2160,1536,864,0.257792
40,"Fused RGB20",2,23,3840,2160,1536,864,0.257152
40,"Fused RGB20",2,24,3840,2160,1536,864,0.257408
40,"Fused RGB20",2,25,3840,2160,1536,864,0.255872
40,"Fused RGB20",2,26,3840,2160,1536,864,0.255616
40,"Fused RGB20",2,27,3840,2160,1536,864,0.255872
40,"Fused RGB20",2,28,3840,2160,1536,864,0.255232
40,"Fused RGB20",2,29,3840,2160,1536,864,0.255616
40,"Fused RGB20",2,30,3840,2160,1536,864,0.255744
40,"Fused RGB20",2,31,3840,2160,1536,864,0.255616
40,"Fused RGB20",2,32,3840,2160,1536,864,0.257408
40,"Fused RGB20",2,33,3840,2160,1536,864,0.255616
40,"Fused RGB20",2,34,3840,2160,1536,864,0.255872
40,"Fused RGB20",2,35,3840,2160,1536,864,0.257792
40,"Fused RGB20",2,36,3840,2160,1536,864,0.257536
40,"Fused RGB20",2,37,3840,2160,1536,864,0.257408
40,"Fused RGB20",2,38,3840,2160,1536,864,0.257408
40,"Fused RGB20",2,39,3840,2160,1536,864,0.257536
40,"Fused RGB20",2,40,3840,2160,1536,864,0.257792
40,"Fused RGB20",2,41,3840,2160,1536,864,0.25728
40,"Fused RGB20",2,42,3840,2160,1536,864,0.25728
40,"Fused RGB20",2,43,3840,2160,1536,864,0.257024
40,"Fused RGB20",2,44,3840,2160,1536,864,0.255872
40,"Fused RGB20",2,45,3840,2160,1536,864,0.255616
40,"Fused RGB20",2,46,3840,2160,1536,864,0.255616
40,"Fused RGB20",2,47,3840,2160,1536,864,0.255488
40,"Fused RGB20",2,48,3840,2160,1536,864,0.25856
40,"Fused RGB20",2,49,3840,2160,1536,864,0.255616
40,"Fused RGB20",2,50,3840,2160,1536,864,0.255616
40,"Fused RGB20",2,51,3840,2160,1536,864,0.255616
40,"Fused RGB20",2,52,3840,2160,1536,864,0.255744
40,"Fused RGB20",2,53,3840,2160,1536,864,0.255104
40,"Fused RGB20",2,54,3840,2160,1536,864,0.254464
40,"Fused RGB20",2,55,3840,2160,1536,864,0.25408
40,"Fused RGB20",2,56,3840,2160,1536,864,0.253952
40,"Fused RGB20",2,57,3840,2160,1536,864,0.254208
40,"Fused RGB20",2,58,3840,2160,1536,864,0.253824
40,"Fused RGB20",2,59,3840,2160,1536,864,0.254208
40,"Fused RGB20",2,60,3840,2160,1536,864,0.253696
40,"Fused RGB20",2,61,3840,2160,1536,864,0.253952
40,"Fused RGB20",2,62,3840,2160,1536,864,0.253952
40,"Fused RGB20",2,63,3840,2160,1536,864,0.25408
40,"Fused RGB20",2,64,3840,2160,1536,864,0.267136
40,"Fused RGB20",2,65,3840,2160,1536,864,0.265088
40,"Fused RGB20",2,66,3840,2160,1536,864,0.26496
40,"Fused RGB20",2,67,3840,2160,1536,864,0.264832
40,"Fused RGB20",2,68,3840,2160,1536,864,0.265088
40,"Fused RGB20",2,69,3840,2160,1536,864,0.26496
40,"Fused RGB20",2,70,3840,2160,1536,864,0.26496
40,"Fused RGB20",2,71,3840,2160,1536,864,0.2656
40,"Fused RGB20",2,72,3840,2160,1536,864,0.264064
40,"Fused RGB20",2,73,3840,2160,1536,864,0.26368
40,"Fused RGB20",2,74,3840,2160,1536,864,0.263424
40,"Fused RGB20",2,75,3840,2160,1536,864,0.263168
40,"Fused RGB20",2,76,3840,2160,1536,864,0.26304
40,"Fused RGB20",2,77,3840,2160,1536,864,0.26304
40,"Fused RGB20",2,78,3840,2160,1536,864,0.263296
40,"Fused RGB20",2,79,3840,2160,1536,864,0.263168
40,"Fused RGB20",2,80,3840,2160,1536,864,0.264832
40,"Fused RGB20",2,81,3840,2160,1536,864,0.263168
40,"Fused RGB20",2,82,3840,2160,1536,864,0.265344
40,"Fused RGB20",2,83,3840,2160,1536,864,0.267136
40,"Fused RGB20",2,84,3840,2160,1536,864,0.267008
40,"Fused RGB20",2,85,3840,2160,1536,864,0.26752
40,"Fused RGB20",2,86,3840,2160,1536,864,0.26752
40,"Fused RGB20",2,87,3840,2160,1536,864,0.267264
40,"Fused RGB20",2,88,3840,2160,1536,864,0.267008
40,"Fused RGB20",2,89,3840,2160,1536,864,0.267136
40,"Fused RGB20",2,90,3840,2160,1536,864,0.266624
40,"Fused RGB20",2,91,3840,2160,1536,864,0.267264
40,"Fused RGB20",2,92,3840,2160,1536,864,0.267392
40,"Fused RGB20",2,93,3840,2160,1536,864,0.267264
40,"Fused RGB20",2,94,3840,2160,1536,864,0.266752
40,"Fused RGB20",2,95,3840,2160,1536,864,0.267008
40,"Fused RGB20",2,96,3840,2160,1536,864,0.269184
40,"Fused RGB20",2,97,3840,2160,1536,864,0.267264
40,"Fused RGB20",2,98,3840,2160,1536,864,0.267136
40,"Fused RGB20",2,99,3840,2160,1536,864,0.267136
40,"Fused RGB20",2,100,3840,2160,1536,864,0.267776
40,"Fused RGB20",2,101,3840,2160,1536,864,0.268928
40,"Fused RGB20",2,102,3840,2160,1536,864,0.269184
40,"Fused RGB20",2,103,3840,2160,1536,864,0.268672
40,"Fused RGB20",2,104,3840,2160,1536,864,0.268672
40,"Fused RGB20",2,105,3840,2160,1536,864,0.269184
40,"Fused RGB20",2,106,3840,2160,1536,864,0.269184
40,"Fused RGB20",2,107,3840,2160,1536,864,0.269312
40,"Fused RGB20",2,108,3840,2160,1536,864,0.2688
40,"Fused RGB20",2,109,3840,2160,1536,864,0.271616
40,"Fused RGB20",2,110,3840,2160,1536,864,0.27904
40,"Fused RGB20",2,111,3840,2160,1536,864,0.278912
40,"Fused RGB20",2,112,3840,2160,1536,864,0.280832
40,"Fused RGB20",2,113,3840,2160,1536,864,0.279552
40,"Fused RGB20",2,114,3840,2160,1536,864,0.279296
40,"Fused RGB20",2,115,3840,2160,1536,864,0.279424
40,"Fused RGB20",2,116,3840,2160,1536,864,0.27904
40,"Fused RGB20",2,117,3840,2160,1536,864,0.279296
40,"Fused RGB20",2,118,3840,2160,1536,864,0.277504
40,"Fused RGB20",2,119,3840,2160,1536,864,0.276864
40,"Fused RGB20",2,120,3840,2160,1536,864,0.277376
40,"Fused RGB20",2,121,3840,2160,1536,864,0.276864
40,"Fused RGB20",2,122,3840,2160,1536,864,0.277376
40,"Fused RGB20",2,123,3840,2160,1536,864,0.276992
40,"Fused RGB20",2,124,3840,2160,1536,864,0.277376
40,"Fused RGB20",2,125,3840,2160,1536,864,0.277888
40,"Fused RGB20",2,126,3840,2160,1536,864,0.276864
40,"Fused RGB20",2,127,3840,2160,1536,864,0.277376
40,"Fused RGB20",2,128,3840,2160,1536,864,0.280576
40,"Fused RGB20",2,129,3840,2160,1536,864,0.279168
40,"Fused RGB20",2,130,3840,2160,1536,864,0.27904
40,"Fused RGB20",2,131,3840,2160,1536,864,0.27904
40,"Fused RGB20",2,132,3840,2160,1536,864,0.279296
40,"Fused RGB20",2,133,3840,2160,1536,864,0.279424
40,"Fused RGB20",2,134,3840,2160,1536,864,0.27904
40,"Fused RGB20",2,135,3840,2160,1536,864,0.279296
40,"Fused RGB20",2,136,3840,2160,1536,864,0.27648
40,"Fused RGB20",2,137,3840,2160,1536,864,0.275584
40,"Fused RGB20",2,138,3840,2160,1536,864,0.2752
40,"Fused RGB20",2,139,3840,2160,1536,864,0.275072
40,"Fused RGB20",2,140,3840,2160,1536,864,0.274944
40,"Fused RGB20",2,141,3840,2160,1536,864,0.275456
40,"Fused RGB20",2,142,3840,2160,1536,864,0.275456
40,"Fused RGB20",2,143,3840,2160,1536,864,0.274944
40,"Fused RGB20",2,144,3840,2160,1536,864,0.276864
40,"Fused RGB20",2,145,3840,2160,1536,864,0.278272
40,"Fused RGB20",2,146,3840,2160,1536,864,0.281216
40,"Fused RGB20",2,147,3840,2160,1536,864,0.28096
40,"Fused RGB20",2,148,3840,2160,1536,864,0.281088
40,"Fused RGB20",2,149,3840,2160,1536,864,0.281088
40,"Fused RGB20",2,150,3840,2160,1536,864,0.281216
40,"Fused RGB20",2,151,3840,2160,1536,864,0.281088
40,"Fused RGB20",2,152,3840,2160,1536,864,0.281728
40,"Fused RGB20",2,153,3840,2160,1536,864,0.281344
40,"Fused RGB20",2,154,3840,2160,1536,864,0.277248
40,"Fused RGB20",2,155,3840,2160,1536,864,0.276864
40,"Fused RGB20",2,156,3840,2160,1536,864,0.27712
40,"Fused RGB20",2,157,3840,2160,1536,864,0.277504
40,"Fused RGB20",2,158,3840,2160,1536,864,0.27712
40,"Fused RGB20",2,159,3840,2160,1536,864,0.277376
40,"Fused RGB20",3,0,3840,2160,1536,864,0.283648
40,"Fused RGB20",3,1,3840,2160,1536,864,0.28352
40,"Fused RGB20",3,2,3840,2160,1536,864,0.283264
40,"Fused RGB20",3,3,3840,2160,1536,864,0.283136
40,"Fused RGB20",3,4,3840,2160,1536,864,0.283392
40,"Fused RGB20",3,5,3840,2160,1536,864,0.283648
40,"Fused RGB20",3,6,3840,2160,1536,864,0.28352
40,"Fused RGB20",3,7,3840,2160,1536,864,0.283008
40,"Fused RGB20",3,8,3840,2160,1536,864,0.283264
40,"Fused RGB20",3,9,3840,2160,1536,864,0.28352
40,"Fused RGB20",3,10,3840,2160,1536,864,0.283136
40,"Fused RGB20",3,11,3840,2160,1536,864,0.28352
40,"Fused RGB20",3,12,3840,2160,1536,864,0.28288
40,"Fused RGB20",3,13,3840,2160,1536,864,0.283136
40,"Fused RGB20",3,14,3840,2160,1536,864,0.283648
40,"Fused RGB20",3,15,3840,2160,1536,864,0.283648
40,"Fused RGB20",3,16,3840,2160,1536,864,0.284544
40,"Fused RGB20",3,17,3840,2160,1536,864,0.283136
40,"Fused RGB20",3,18,3840,2160,1536,864,0.283776
40,"Fused RGB20",3,19,3840,2160,1536,864,0.285184
40,"Fused RGB20",3,20,3840,2160,1536,864,0.285568
40,"Fused RGB20",3,21,3840,2160,1536,864,0.285312
40,"Fused RGB20",3,22,3840,2160,1536,864,0.285568
40,"Fused RGB20",3,23,3840,2160,1536,864,0.285184
40,"Fused RGB20",3,24,3840,2160,1536,864,0.284928
40,"Fused RGB20",3,25,3840,2160,1536,864,0.285952
40,"Fused RGB20",3,26,3840,2160,1536,864,0.285696
40,"Fused RGB20",3,27,3840,2160,1536,864,0.283136
40,"Fused RGB20",3,28,3840,2160,1536,864,0.28096
40,"Fused RGB20",3,29,3840,2160,1536,864,0.2816
40,"Fused RGB20",3,30,3840,2160,1536,864,0.281088
40,"Fused RGB20",3,31,3840,2160,1536,864,0.280832
40,"Fused RGB20",3,32,3840,2160,1536,864,0.282496
40,"Fused RGB20",3,33,3840,2160,1536,864,0.281216
40,"Fused RGB20",3,34,3840,2160,1536,864,0.28096
40,"Fused RGB20",3,35,3840,2160,1536,864,0.281344
40,"Fused RGB20",3,36,3840,2160,1536,864,0.279296
40,"Fused RGB20",3,37,3840,2160,1536,864,0.279552
40,"Fused RGB20",3,38,3840,2160,1536,864,0.278656
40,"Fused RGB20",3,39,3840,2160,1536,864,0.278912
40,"Fused RGB20",3,40,3840,2160,1536,864,0.279168
40,"Fused RGB20",3,41,3840,2160,1536,864,0.27904
40,"Fused RGB20",3,42,3840,2160,1536,864,0.278912
40,"Fused RGB20",3,43,3840,2160,1536,864,0.279296
40,"Fused RGB20",3,44,3840,2160,1536,864,0.27968
40,"Fused RGB20",3,45,3840,2160,1536,864,0.28288
40,"Fused RGB20",3,46,3840,2160,1536,864,0.28544
40,"Fused RGB20",3,47,3840,2160,1536,864,0.285568
40,"Fused RGB20",3,48,3840,2160,1536,864,0.287104
40,"Fused RGB20",3,49,3840,2160,1536,864,0.28544
40,"Fused RGB20",3,50,3840,2160,1536,864,0.28544
40,"Fused RGB20",3,51,3840,2160,1536,864,0.285696
40,"Fused RGB20",3,52,3840,2160,1536,864,0.285312
40,"Fused RGB20",3,53,3840,2160,1536,864,0.283008
40,"Fused RGB20",3,54,3840,2160,1536,864,0.275072
40,"Fused RGB20",3,55,3840,2160,1536,864,0.275072
40,"Fused RGB20",3,56,3840,2160,1536,864,0.274944
40,"Fused RGB20",3,57,3840,2160,1536,864,0.274816
40,"Fused RGB20",3,58,3840,2160,1536,864,0.275072
40,"Fused RGB20",3,59,3840,2160,1536,864,0.275456
40,"Fused RGB20",3,60,3840,2160,1536,864,0.274688
40,"Fused RGB20",3,61,3840,2160,1536,864,0.27584
40,"Fused RGB20",3,62,3840,2160,1536,864,0.279936
40,"Fused RGB20",3,63,3840,2160,1536,864,0.285056
40,"Fused RGB20",3,64,3840,2160,1536,864,0.28672
40,"Fused RGB20",3,65,3840,2160,1536,864,0.285568
40,"Fused RGB20",3,66,3840,2160,1536,864,0.285568
40,"Fused RGB20",3,67,3840,2160,1536,864,0.285824
40,"Fused RGB20",3,68,3840,2160,1536,864,0.285568
40,"Fused RGB20",3,69,3840,2160,1536,864,0.28544
40,"Fused RGB20",3,70,3840,2160,1536,864,0.285312
40,"Fused RGB20",3,71,3840,2160,1536,864,0.281728
40,"Fused RGB20",3,72,3840,2160,1536,864,0.281088
40,"Fused RGB20",3,73,3840,2160,1536,864,0.281088
40,"Fused RGB20",3,74,3840,2160,1536,864,0.281216
40,"Fused RGB20",3,75,3840,2160,1536,864,0.281216
40,"Fused RGB20",3,76,3840,2160,1536,864,0.281344
40,"Fused RGB20",3,77,3840,2160,1536,864,0.281088
40,"Fused RGB20",3,78,3840,2160,1536,864,0.281344
40,"Fused RGB20",3,79,3840,2160,1536,864,0.281088
40,"Fused RGB20",3,80,3840,2160,1536,864,0.280448
40,"Fused RGB20",3,81,3840,2160,1536,864,0.279168
40,"Fused RGB20",3,82,3840,2160,1536,864,0.279424
40,"Fused RGB20",3,83,3840,2160,1536,864,0.278912
40,"Fused RGB20",3,84,3840,2160,1536,864,0.279296
40,"Fused RGB20",3,85,3840,2160,1536,864,0.279424
40,"Fused RGB20",3,86,3840,2160,1536,864,0.279424
40,"Fused RGB20",3,87,3840,2160,1536,864,0.27904
40,"Fused RGB20",3,88,3840,2160,1536,864,0.278144
40,"Fused RGB20",3,89,3840,2160,1536,864,0.275328
40,"Fused RGB20",3,90,3840,2160,1536,864,0.274944
40,"Fused RGB20",3,91,3840,2160,1536,864,0.275072
40,"Fused RGB20",3,92,3840,2160,1536,864,0.275328
40,"Fused RGB20",3,93,3840,2160,1536,864,0.274816
40,"Fused RGB20",3,94,3840,2160,1536,864,0.275072
40,"Fused RGB20",3,95,3840,2160,1536,864,0.274944
40,"Fused RGB20",3,96,3840,2160,1536,864,0.277504
40,"Fused RGB20",3,97,3840,2160,1536,864,0.274688
40,"Fused RGB20",3,98,3840,2160,1536,864,0.279168
40,"Fused RGB20",3,99,3840,2160,1536,864,0.279424
40,"Fused RGB20",3,100,3840,2160,1536,864,0.278912
40,"Fused RGB20",3,101,3840,2160,1536,864,0.27904
40,"Fused RGB20",3,102,3840,2160,1536,864,0.279168
40,"Fused RGB20",3,103,3840,2160,1536,864,0.278912
40,"Fused RGB20",3,104,3840,2160,1536,864,0.278784
40,"Fused RGB20",3,105,3840,2160,1536,864,0.279168
40,"Fused RGB20",3,106,3840,2160,1536,864,0.27584
40,"Fused RGB20",3,107,3840,2160,1536,864,0.27328
40,"Fused RGB20",3,108,3840,2160,1536,864,0.273408
40,"Fused RGB20",3,109,3840,2160,1536,864,0.272896
40,"Fused RGB20",3,110,3840,2160,1536,864,0.273152
40,"Fused RGB20",3,111,3840,2160,1536,864,0.273024
40,"Fused RGB20",3,112,3840,2160,1536,864,0.274688
40,"Fused RGB20",3,113,3840,2160,1536,864,0.273408
40,"Fused RGB20",3,114,3840,2160,1536,864,0.273152
40,"Fused RGB20",3,115,3840,2160,1536,864,0.271744
40,"Fused RGB20",3,116,3840,2160,1536,864,0.2688
40,"Fused RGB20",3,117,3840,2160,1536,864,0.269312
40,"Fused RGB20",3,118,3840,2160,1536,864,0.269568
40,"Fused RGB20",3,119,3840,2160,1536,864,0.269056
40,"Fused RGB20",3,120,3840,2160,1536,864,0.268928
40,"Fused RGB20",3,121,3840,2160,1536,864,0.269184
40,"Fused RGB20",3,122,3840,2160,1536,864,0.268928
40,"Fused RGB20",3,123,3840,2160,1536,864,0.268928
40,"Fused RGB20",3,124,3840,2160,1536,864,0.269056
40,"Fused RGB20",3,125,3840,2160,1536,864,0.27328
40,"Fused RGB20",3,126,3840,2160,1536,864,0.273152
40,"Fused RGB20",3,127,3840,2160,1536,864,0.27328
40,"Fused RGB20",3,128,3840,2160,1536,864,0.274944
40,"Fused RGB20",3,129,3840,2160,1536,864,0.272768
40,"Fused RGB20",3,130,3840,2160,1536,864,0.273408
40,"Fused RGB20",3,131,3840,2160,1536,864,0.273152
40,"Fused RGB20",3,132,3840,2160,1536,864,0.273024
40,"Fused RGB20",3,133,3840,2160,1536,864,0.271488
40,"Fused RGB20",3,134,3840,2160,1536,864,0.26752
40,"Fused RGB20",3,135,3840,2160,1536,864,0.267264
40,"Fused RGB20",3,136,3840,2160,1536,864,0.267136
40,"Fused RGB20",3,137,3840,2160,1536,864,0.267264
40,"Fused RGB20",3,138,3840,2160,1536,864,0.267008
40,"Fused RGB20",3,139,3840,2160,1536,864,0.266752
40,"Fused RGB20",3,140,3840,2160,1536,864,0.267008
40,"Fused RGB20",3,141,3840,2160,1536,864,0.26688
40,"Fused RGB20",3,142,3840,2160,1536,864,0.267136
40,"Fused RGB20",3,143,3840,2160,1536,864,0.267264
40,"Fused RGB20",3,144,3840,2160,1536,864,0.27136
40,"Fused RGB20",3,145,3840,2160,1536,864,0.269056
40,"Fused RGB20",3,146,3840,2160,1536,864,0.269056
40,"Fused RGB20",3,147,3840,2160,1536,864,0.269696
40,"Fused RGB20",3,148,3840,2160,1536,864,0.269184
40,"Fused RGB20",3,149,3840,2160,1536,864,0.269312
40,"Fused RGB20",3,150,3840,2160,1536,864,0.269184
40,"Fused RGB20",3,151,3840,2160,1536,864,0.269184
40,"Fused RGB20",3,152,3840,2160,1536,864,0.265984
40,"Fused RGB20",3,153,3840,2160,1536,864,0.305536
40,"Fused RGB20",3,154,3840,2160,1536,864,0.265344
40,"Fused RGB20",3,155,3840,2160,1536,864,0.314624
40,"Fused RGB20",3,156,3840,2160,1536,864,0.265216
40,"Fused RGB20",3,157,3840,2160,1536,864,0.264704
40,"Fused RGB20",3,158,3840,2160,1536,864,0.264832
40,"Fused RGB20",3,159,3840,2160,1536,864,0.306048
40,"Fused optimized P50/general",4,0,3840,2160,1536,864,0.359808
40,"Fused optimized P50/general",4,1,3840,2160,1536,864,0.429312
40,"Fused optimized P50/general",4,2,3840,2160,1536,864,0.3584
40,"Fused optimized P50/general",4,3,3840,2160,1536,864,0.460288
40,"Fused optimized P50/general",4,4,3840,2160,1536,864,0.358656
40,"Fused optimized P50/general",4,5,3840,2160,1536,864,0.358656
40,"Fused optimized P50/general",4,6,3840,2160,1536,864,0.428928
40,"Fused optimized P50/general",4,7,3840,2160,1536,864,0.358784
40,"Fused optimized P50/general",4,8,3840,2160,1536,864,0.358784
40,"Fused optimized P50/general",4,9,3840,2160,1536,864,0.430976
40,"Fused optimized P50/general",4,10,3840,2160,1536,864,0.36096
40,"Fused optimized P50/general",4,11,3840,2160,1536,864,0.445952
40,"Fused optimized P50/general",4,12,3840,2160,1536,864,0.36096
40,"Fused optimized P50/general",4,13,3840,2160,1536,864,0.360576
40,"Fused optimized P50/general",4,14,3840,2160,1536,864,0.431488
40,"Fused optimized P50/general",4,15,3840,2160,1536,864,0.361088
40,"Fused optimized P50/general",4,16,3840,2160,1536,864,0.407936
40,"Fused optimized P50/general",4,17,3840,2160,1536,864,0.403456
40,"Fused optimized P50/general",4,18,3840,2160,1536,864,0.360704
40,"Fused optimized P50/general",4,19,3840,2160,1536,864,0.441728
40,"Fused optimized P50/general",4,20,3840,2160,1536,864,0.360704
40,"Fused optimized P50/general",4,21,3840,2160,1536,864,0.36096
40,"Fused optimized P50/general",4,22,3840,2160,1536,864,0.393088
40,"Fused optimized P50/general",4,23,3840,2160,1536,864,0.360576
40,"Fused optimized P50/general",4,24,3840,2160,1536,864,0.360704
40,"Fused optimized P50/general",4,25,3840,2160,1536,864,0.39296
40,"Fused optimized P50/general",4,26,3840,2160,1536,864,0.361088
40,"Fused optimized P50/general",4,27,3840,2160,1536,864,0.362112
40,"Fused optimized P50/general",4,28,3840,2160,1536,864,0.366976
40,"Fused optimized P50/general",4,29,3840,2160,1536,864,0.36672
40,"Fused optimized P50/general",4,30,3840,2160,1536,864,0.366848
40,"Fused optimized P50/general",4,31,3840,2160,1536,864,0.366976
40,"Fused optimized P50/general",4,32,3840,2160,1536,864,0.36864
40,"Fused optimized P50/general",4,33,3840,2160,1536,864,0.367104
40,"Fused optimized P50/general",4,34,3840,2160,1536,864,0.3712
40,"Fused optimized P50/general",4,35,3840,2160,1536,864,0.374528
40,"Fused optimized P50/general",4,36,3840,2160,1536,864,0.371712
40,"Fused optimized P50/general",4,37,3840,2160,1536,864,0.371584
40,"Fused optimized P50/general",4,38,3840,2160,1536,864,0.37184
40,"Fused optimized P50/general",4,39,3840,2160,1536,864,0.372224
40,"Fused optimized P50/general",4,40,3840,2160,1536,864,0.371712
40,"Fused optimized P50/general",4,41,3840,2160,1536,864,0.371712
40,"Fused optimized P50/general",4,42,3840,2160,1536,864,0.372224
40,"Fused optimized P50/general",4,43,3840,2160,1536,864,0.373632
40,"Fused optimized P50/general",4,44,3840,2160,1536,864,0.371584
40,"Fused optimized P50/general",4,45,3840,2160,1536,864,0.371584
40,"Fused optimized P50/general",4,46,3840,2160,1536,864,0.372736
40,"Fused optimized P50/general",4,47,3840,2160,1536,864,0.372352
40,"Fused optimized P50/general",4,48,3840,2160,1536,864,0.3744
40,"Fused optimized P50/general",4,49,3840,2160,1536,864,0.371584
40,"Fused optimized P50/general",4,50,3840,2160,1536,864,0.373248
40,"Fused optimized P50/general",4,51,3840,2160,1536,864,0.371712
40,"Fused optimized P50/general",4,52,3840,2160,1536,864,0.371712
40,"Fused optimized P50/general",4,53,3840,2160,1536,864,0.371712
40,"Fused optimized P50/general",4,54,3840,2160,1536,864,0.374656
40,"Fused optimized P50/general",4,55,3840,2160,1536,864,0.371712
40,"Fused optimized P50/general",4,56,3840,2160,1536,864,0.371584
40,"Fused optimized P50/general",4,57,3840,2160,1536,864,0.371328
40,"Fused optimized P50/general",4,58,3840,2160,1536,864,0.407552
40,"Fused optimized P50/general",4,59,3840,2160,1536,864,0.371968
40,"Fused optimized P50/general",4,60,3840,2160,1536,864,0.371584
40,"Fused optimized P50/general",4,61,3840,2160,1536,864,0.371584
40,"Fused optimized P50/general",4,62,3840,2160,1536,864,0.375552
40,"Fused optimized P50/general",4,63,3840,2160,1536,864,0.3712
40,"Fused optimized P50/general",4,64,3840,2160,1536,864,0.37632
40,"Fused optimized P50/general",4,65,3840,2160,1536,864,0.373504
40,"Fused optimized P50/general",4,66,3840,2160,1536,864,0.371968
40,"Fused optimized P50/general",4,67,3840,2160,1536,864,0.370432
40,"Fused optimized P50/general",4,68,3840,2160,1536,864,0.368768
40,"Fused optimized P50/general",4,69,3840,2160,1536,864,0.471808
40,"Fused optimized P50/general",4,70,3840,2160,1536,864,0.369152
40,"Fused optimized P50/general",4,71,3840,2160,1536,864,0.368768
40,"Fused optimized P50/general",4,72,3840,2160,1536,864,0.455296
40,"Fused optimized P50/general",4,73,3840,2160,1536,864,0.36864
40,"Fused optimized P50/general",4,74,3840,2160,1536,864,0.47232
40,"Fused optimized P50/general",4,75,3840,2160,1536,864,0.369024
40,"Fused optimized P50/general",4,76,3840,2160,1536,864,0.368768
40,"Fused optimized P50/general",4,77,3840,2160,1536,864,0.472064
40,"Fused optimized P50/general",4,78,3840,2160,1536,864,0.36864
40,"Fused optimized P50/general",4,79,3840,2160,1536,864,0.466944
40,"Fused optimized P50/general",4,80,3840,2160,1536,864,0.36352
40,"Fused optimized P50/general",4,81,3840,2160,1536,864,0.36224
40,"Fused optimized P50/general",4,82,3840,2160,1536,864,0.461696
40,"Fused optimized P50/general",4,83,3840,2160,1536,864,0.362112
40,"Fused optimized P50/general",4,84,3840,2160,1536,864,0.411904
40,"Fused optimized P50/general",4,85,3840,2160,1536,864,0.41088
40,"Fused optimized P50/general",4,86,3840,2160,1536,864,0.358656
40,"Fused optimized P50/general",4,87,3840,2160,1536,864,0.458368
40,"Fused optimized P50/general",4,88,3840,2160,1536,864,0.358912
40,"Fused optimized P50/general",4,89,3840,2160,1536,864,0.358528
40,"Fused optimized P50/general",4,90,3840,2160,1536,864,0.458112
40,"Fused optimized P50/general",4,91,3840,2160,1536,864,0.35904
40,"Fused optimized P50/general",4,92,3840,2160,1536,864,0.409088
40,"Fused optimized P50/general",4,93,3840,2160,1536,864,0.412032
40,"Fused optimized P50/general",4,94,3840,2160,1536,864,0.361856
40,"Fused optimized P50/general",4,95,3840,2160,1536,864,0.462464
40,"Fused optimized P50/general",4,96,3840,2160,1536,864,0.363392
40,"Fused optimized P50/general",4,97,3840,2160,1536,864,0.41216
40,"Fused optimized P50/general",4,98,3840,2160,1536,864,0.408448
40,"Fused optimized P50/general",4,99,3840,2160,1536,864,0.358656
40,"Fused optimized P50/general",4,100,3840,2160,1536,864,0.458112
40,"Fused optimized P50/general",4,101,3840,2160,1536,864,0.358784
40,"Fused optimized P50/general",4,102,3840,2160,1536,864,0.358656
40,"Fused optimized P50/general",4,103,3840,2160,1536,864,0.447232
40,"Fused optimized P50/general",4,104,3840,2160,1536,864,0.358784
40,"Fused optimized P50/general",4,105,3840,2160,1536,864,0.434688
40,"Fused optimized P50/general",4,106,3840,2160,1536,864,0.35968
40,"Fused optimized P50/general",4,107,3840,2160,1536,864,0.359552
40,"Fused optimized P50/general",4,108,3840,2160,1536,864,0.448256
40,"Fused optimized P50/general",4,109,3840,2160,1536,864,0.359424
40,"Fused optimized P50/general",4,110,3840,2160,1536,864,0.359296
40,"Fused optimized P50/general",4,111,3840,2160,1536,864,0.433664
40,"Fused optimized P50/general",4,112,3840,2160,1536,864,0.360576
40,"Fused optimized P50/general",4,113,3840,2160,1536,864,0.42944
40,"Fused optimized P50/general",4,114,3840,2160,1536,864,0.35968
40,"Fused optimized P50/general",4,115,3840,2160,1536,864,0.359552
40,"Fused optimized P50/general",4,116,3840,2160,1536,864,0.445184
40,"Fused optimized P50/general",4,117,3840,2160,1536,864,0.361984
40,"Fused optimized P50/general",4,118,3840,2160,1536,864,0.36352
40,"Fused optimized P50/general",4,119,3840,2160,1536,864,0.43328
40,"Fused optimized P50/general",4,120,3840,2160,1536,864,0.363648
40,"Fused optimized P50/general",4,121,3840,2160,1536,864,0.434048
40,"Fused optimized P50/general",4,122,3840,2160,1536,864,0.363648
40,"Fused optimized P50/general",4,123,3840,2160,1536,864,0.363392
40,"Fused optimized P50/general",4,124,3840,2160,1536,864,0.43712
40,"Fused optimized P50/general",4,125,3840,2160,1536,864,0.365952
40,"Fused optimized P50/general",4,126,3840,2160,1536,864,0.365824
40,"Fused optimized P50/general",4,127,3840,2160,1536,864,0.437888
40,"Fused optimized P50/general",4,128,3840,2160,1536,864,0.368
40,"Fused optimized P50/general",4,129,3840,2160,1536,864,0.436864
40,"Fused optimized P50/general",4,130,3840,2160,1536,864,0.363648
40,"Fused optimized P50/general",4,131,3840,2160,1536,864,0.363008
40,"Fused optimized P50/general",4,132,3840,2160,1536,864,0.429568
40,"Fused optimized P50/general",4,133,3840,2160,1536,864,0.363648
40,"Fused optimized P50/general",4,134,3840,2160,1536,864,0.363264
40,"Fused optimized P50/general",4,135,3840,2160,1536,864,0.427776
40,"Fused optimized P50/general",4,136,3840,2160,1536,864,0.36416
40,"Fused optimized P50/general",4,137,3840,2160,1536,864,0.398976
40,"Fused optimized P50/general",4,138,3840,2160,1536,864,0.36608
40,"Fused optimized P50/general",4,139,3840,2160,1536,864,0.365696
40,"Fused optimized P50/general",4,140,3840,2160,1536,864,0.365952
40,"Fused optimized P50/general",4,141,3840,2160,1536,864,0.365952
40,"Fused optimized P50/general",4,142,3840,2160,1536,864,0.36608
40,"Fused optimized P50/general",4,143,3840,2160,1536,864,0.369408
40,"Fused optimized P50/general",4,144,3840,2160,1536,864,0.372608
40,"Fused optimized P50/general",4,145,3840,2160,1536,864,0.37056
40,"Fused optimized P50/general",4,146,3840,2160,1536,864,0.37056
40,"Fused optimized P50/general",4,147,3840,2160,1536,864,0.370688
40,"Fused optimized P50/general",4,148,3840,2160,1536,864,0.370688
40,"Fused optimized P50/general",4,149,3840,2160,1536,864,0.405248
40,"Fused optimized P50/general",4,150,3840,2160,1536,864,0.377984
40,"Fused optimized P50/general",4,151,3840,2160,1536,864,0.377856
40,"Fused optimized P50/general",4,152,3840,2160,1536,864,0.378112
40,"Fused optimized P50/general",4,153,3840,2160,1536,864,0.377728
40,"Fused optimized P50/general",4,154,3840,2160,1536,864,0.377856
40,"Fused optimized P50/general",4,155,3840,2160,1536,864,0.377856
40,"Fused optimized P50/general",4,156,3840,2160,1536,864,0.377088
40,"Fused optimized P50/general",4,157,3840,2160,1536,864,0.375424
40,"Fused optimized P50/general",4,158,3840,2160,1536,864,0.375424
40,"Fused optimized P50/general",4,159,3840,2160,1536,864,0.375296
40,"Classic optimized",5,0,3840,2160,1536,864,0.336256
40,"Classic optimized",5,1,3840,2160,1536,864,0.334848
40,"Classic optimized",5,2,3840,2160,1536,864,0.33536
40,"Classic optimized",5,3,3840,2160,1536,864,0.335104
40,"Classic optimized",5,4,3840,2160,1536,864,0.33472
40,"Classic optimized",5,5,3840,2160,1536,864,0.335104
40,"Classic optimized",5,6,3840,2160,1536,864,0.334976
40,"Classic optimized",5,7,3840,2160,1536,864,0.33472
40,"Classic optimized",5,8,3840,2160,1536,864,0.334976
40,"Classic optimized",5,9,3840,2160,1536,864,0.333696
40,"Classic optimized",5,10,3840,2160,1536,864,0.333312
40,"Classic optimized",5,11,3840,2160,1536,864,0.33408
40,"Classic optimized",5,12,3840,2160,1536,864,0.333952
40,"Classic optimized",5,13,3840,2160,1536,864,0.333312
40,"Classic optimized",5,14,3840,2160,1536,864,0.33408
40,"Classic optimized",5,15,3840,2160,1536,864,0.333824
40,"Classic optimized",5,16,3840,2160,1536,864,0.335104
40,"Classic optimized",5,17,3840,2160,1536,864,0.334336
40,"Classic optimized",5,18,3840,2160,1536,864,0.333824
40,"Classic optimized",5,19,3840,2160,1536,864,0.333056
40,"Classic optimized",5,20,3840,2160,1536,864,0.334336
40,"Classic optimized",5,21,3840,2160,1536,864,0.33408
40,"Classic optimized",5,22,3840,2160,1536,864,0.333568
40,"Classic optimized",5,23,3840,2160,1536,864,0.333184
40,"Classic optimized",5,24,3840,2160,1536,864,0.333056
40,"Classic optimized",5,25,3840,2160,1536,864,0.332544
40,"Classic optimized",5,26,3840,2160,1536,864,0.332928
40,"Classic optimized",5,27,3840,2160,1536,864,0.333312
40,"Classic optimized",5,28,3840,2160,1536,864,0.332672
40,"Classic optimized",5,29,3840,2160,1536,864,0.332672
40,"Classic optimized",5,30,3840,2160,1536,864,0.333312
40,"Classic optimized",5,31,3840,2160,1536,864,0.33344
40,"Classic optimized",5,32,3840,2160,1536,864,0.335872
40,"Classic optimized",5,33,3840,2160,1536,864,0.334336
40,"Classic optimized",5,34,3840,2160,1536,864,0.333952
40,"Classic optimized",5,35,3840,2160,1536,864,0.333696
40,"Classic optimized",5,36,3840,2160,1536,864,0.334464
40,"Classic optimized",5,37,3840,2160,1536,864,0.334208
40,"Classic optimized",5,38,3840,2160,1536,864,0.332928
40,"Classic optimized",5,39,3840,2160,1536,864,0.333184
40,"Classic optimized",5,40,3840,2160,1536,864,0.3328
40,"Classic optimized",5,41,3840,2160,1536,864,0.332416
40,"Classic optimized",5,42,3840,2160,1536,864,0.333312
40,"Classic optimized",5,43,3840,2160,1536,864,0.333056
40,"Classic optimized",5,44,3840,2160,1536,864,0.33216
40,"Classic optimized",5,45,3840,2160,1536,864,0.333056
40,"Classic optimized",5,46,3840,2160,1536,864,0.333056
40,"Classic optimized",5,47,3840,2160,1536,864,0.332416
40,"Classic optimized",5,48,3840,2160,1536,864,0.334592
40,"Classic optimized",5,49,3840,2160,1536,864,0.333056
40,"Classic optimized",5,50,3840,2160,1536,864,0.332544
40,"Classic optimized",5,51,3840,2160,1536,864,0.3328
40,"Classic optimized",5,52,3840,2160,1536,864,0.333184
40,"Classic optimized",5,53,3840,2160,1536,864,0.332416
40,"Classic optimized",5,54,3840,2160,1536,864,0.333056
40,"Classic optimized",5,55,3840,2160,1536,864,0.333184
40,"Classic optimized",5,56,3840,2160,1536,864,0.332416
40,"Classic optimized",5,57,3840,2160,1536,864,0.3328
40,"Classic optimized",5,58,3840,2160,1536,864,0.332928
40,"Classic optimized",5,59,3840,2160,1536,864,0.332544
40,"Classic optimized",5,60,3840,2160,1536,864,0.3328
40,"Classic optimized",5,61,3840,2160,1536,864,0.334464
40,"Classic optimized",5,62,3840,2160,1536,864,0.333952
40,"Classic optimized",5,63,3840,2160,1536,864,0.333568
40,"Classic optimized",5,64,3840,2160,1536,864,0.336384
40,"Classic optimized",5,65,3840,2160,1536,864,0.333824
40,"Classic optimized",5,66,3840,2160,1536,864,0.333824
40,"Classic optimized",5,67,3840,2160,1536,864,0.334464
40,"Classic optimized",5,68,3840,2160,1536,864,0.33408
40,"Classic optimized",5,69,3840,2160,1536,864,0.33344
40,"Classic optimized",5,70,3840,2160,1536,864,0.334208
40,"Classic optimized",5,71,3840,2160,1536,864,0.33408
40,"Classic optimized",5,72,3840,2160,1536,864,0.333696
40,"Classic optimized",5,73,3840,2160,1536,864,0.334464
40,"Classic optimized",5,74,3840,2160,1536,864,0.33408
40,"Classic optimized",5,75,3840,2160,1536,864,0.333824
40,"Classic optimized",5,76,3840,2160,1536,864,0.335744
40,"Classic optimized",5,77,3840,2160,1536,864,0.335616
40,"Classic optimized",5,78,3840,2160,1536,864,0.334848
40,"Classic optimized",5,79,3840,2160,1536,864,0.335488
40,"Classic optimized",5,80,3840,2160,1536,864,0.337536
40,"Classic optimized",5,81,3840,2160,1536,864,0.334976
40,"Classic optimized",5,82,3840,2160,1536,864,0.335872
40,"Classic optimized",5,83,3840,2160,1536,864,0.333952
40,"Classic optimized",5,84,3840,2160,1536,864,0.33344
40,"Classic optimized",5,85,3840,2160,1536,864,0.333824
40,"Classic optimized",5,86,3840,2160,1536,864,0.333952
40,"Classic optimized",5,87,3840,2160,1536,864,0.333184
40,"Classic optimized",5,88,3840,2160,1536,864,0.333824
40,"Classic optimized",5,89,3840,2160,1536,864,0.33408
40,"Classic optimized",5,90,3840,2160,1536,864,0.333824
40,"Classic optimized",5,91,3840,2160,1536,864,0.33536
40,"Classic optimized",5,92,3840,2160,1536,864,0.335872
40,"Classic optimized",5,93,3840,2160,1536,864,0.335104
40,"Classic optimized",5,94,3840,2160,1536,864,0.33536
40,"Classic optimized",5,95,3840,2160,1536,864,0.335744
40,"Classic optimized",5,96,3840,2160,1536,864,0.33728
40,"Classic optimized",5,97,3840,2160,1536,864,0.33536
40,"Classic optimized",5,98,3840,2160,1536,864,0.335744
40,"Classic optimized",5,99,3840,2160,1536,864,0.335232
40,"Classic optimized",5,100,3840,2160,1536,864,0.334976
40,"Classic optimized",5,101,3840,2160,1536,864,0.335744
40,"Classic optimized",5,102,3840,2160,1536,864,0.33536
40,"Classic optimized",5,103,3840,2160,1536,864,0.335104
40,"Classic optimized",5,104,3840,2160,1536,864,0.335872
40,"Classic optimized",5,105,3840,2160,1536,864,0.33536
40,"Classic optimized",5,106,3840,2160,1536,864,0.334592
40,"Classic optimized",5,107,3840,2160,1536,864,0.33536
40,"Classic optimized",5,108,3840,2160,1536,864,0.335232
40,"Classic optimized",5,109,3840,2160,1536,864,0.334464
40,"Classic optimized",5,110,3840,2160,1536,864,0.335488
40,"Classic optimized",5,111,3840,2160,1536,864,0.335488
40,"Classic optimized",5,112,3840,2160,1536,864,0.33664
40,"Classic optimized",5,113,3840,2160,1536,864,0.335488
40,"Classic optimized",5,114,3840,2160,1536,864,0.335616
40,"Classic optimized",5,115,3840,2160,1536,864,0.335104
40,"Classic optimized",5,116,3840,2160,1536,864,0.335488
40,"Classic optimized",5,117,3840,2160,1536,864,0.335616
40,"Classic optimized",5,118,3840,2160,1536,864,0.335232
40,"Classic optimized",5,119,3840,2160,1536,864,0.335616
40,"Classic optimized",5,120,3840,2160,1536,864,0.335744
40,"Classic optimized",5,121,3840,2160,1536,864,0.335104
40,"Classic optimized",5,122,3840,2160,1536,864,0.335488
40,"Classic optimized",5,123,3840,2160,1536,864,0.335616
40,"Classic optimized",5,124,3840,2160,1536,864,0.335232
40,"Classic optimized",5,125,3840,2160,1536,864,0.335104
40,"Classic optimized",5,126,3840,2160,1536,864,0.335488
40,"Classic optimized",5,127,3840,2160,1536,864,0.33536
40,"Classic optimized",5,128,3840,2160,1536,864,0.340736
40,"Classic optimized",5,129,3840,2160,1536,864,0.338176
40,"Classic optimized",5,130,3840,2160,1536,864,0.33792
40,"Classic optimized",5,131,3840,2160,1536,864,0.337536
40,"Classic optimized",5,132,3840,2160,1536,864,0.338432
40,"Classic optimized",5,133,3840,2160,1536,864,0.33792
40,"Classic optimized",5,134,3840,2160,1536,864,0.337664
40,"Classic optimized",5,135,3840,2160,1536,864,0.338048
40,"Classic optimized",5,136,3840,2160,1536,864,0.337408
40,"Classic optimized",5,137,3840,2160,1536,864,0.337408
40,"Classic optimized",5,138,3840,2160,1536,864,0.338048
40,"Classic optimized",5,139,3840,2160,1536,864,0.337536
40,"Classic optimized",5,140,3840,2160,1536,864,0.337152
40,"Classic optimized",5,141,3840,2160,1536,864,0.33792
40,"Classic optimized",5,142,3840,2160,1536,864,0.337664
40,"Classic optimized",5,143,3840,2160,1536,864,0.337536
40,"Classic optimized",5,144,3840,2160,1536,864,0.342912
40,"Classic optimized",5,145,3840,2160,1536,864,0.340096
40,"Classic optimized",5,146,3840,2160,1536,864,0.339712
40,"Classic optimized",5,147,3840,2160,1536,864,0.340608
40,"Classic optimized",5,148,3840,2160,1536,864,0.340608
40,"Classic optimized",5,149,3840,2160,1536,864,0.339456
40,"Classic optimized",5,150,3840,2160,1536,864,0.339456
40,"Classic optimized",5,151,3840,2160,1536,864,0.339328
40,"Classic optimized",5,152,3840,2160,1536,864,0.338688
40,"Classic optimized",5,153,3840,2160,1536,864,0.339456
40,"Classic optimized",5,154,3840,2160,1536,864,0.3392
40,"Classic optimized",5,155,3840,2160,1536,864,0.338688
40,"Classic optimized",5,156,3840,2160,1536,864,0.33984
40,"Classic optimized",5,157,3840,2160,1536,864,0.342016
40,"Classic optimized",5,158,3840,2160,1536,864,0.340864
40,"Classic optimized",5,159,3840,2160,1536,864,0.342144
45,"Classic optimized",0,0,3840,2160,1728,972,0.36352
45,"Classic optimized",0,1,3840,2160,1728,972,0.363136
45,"Classic optimized",0,2,3840,2160,1728,972,0.362496
45,"Classic optimized",0,3,3840,2160,1728,972,0.362112
45,"Classic optimized",0,4,3840,2160,1728,972,0.362112
45,"Classic optimized",0,5,3840,2160,1728,972,0.361728
45,"Classic optimized",0,6,3840,2160,1728,972,0.361472
45,"Classic optimized",0,7,3840,2160,1728,972,0.362368
45,"Classic optimized",0,8,3840,2160,1728,972,0.3616
45,"Classic optimized",0,9,3840,2160,1728,972,0.3616
45,"Classic optimized",0,10,3840,2160,1728,972,0.362368
45,"Classic optimized",0,11,3840,2160,1728,972,0.362112
45,"Classic optimized",0,12,3840,2160,1728,972,0.36288
45,"Classic optimized",0,13,3840,2160,1728,972,0.363136
45,"Classic optimized",0,14,3840,2160,1728,972,0.362368
45,"Classic optimized",0,15,3840,2160,1728,972,0.362752
45,"Classic optimized",0,16,3840,2160,1728,972,0.364032
45,"Classic optimized",0,17,3840,2160,1728,972,0.362624
45,"Classic optimized",0,18,3840,2160,1728,972,0.364544
45,"Classic optimized",0,19,3840,2160,1728,972,0.364032
45,"Classic optimized",0,20,3840,2160,1728,972,0.363776
45,"Classic optimized",0,21,3840,2160,1728,972,0.3648
45,"Classic optimized",0,22,3840,2160,1728,972,0.364288
45,"Classic optimized",0,23,3840,2160,1728,972,0.363904
45,"Classic optimized",0,24,3840,2160,1728,972,0.364672
45,"Classic optimized",0,25,3840,2160,1728,972,0.362496
45,"Classic optimized",0,26,3840,2160,1728,972,0.362112
45,"Classic optimized",0,27,3840,2160,1728,972,0.36288
45,"Classic optimized",0,28,3840,2160,1728,972,0.36224
45,"Classic optimized",0,29,3840,2160,1728,972,0.362624
45,"Classic optimized",0,30,3840,2160,1728,972,0.36288
45,"Classic optimized",0,31,3840,2160,1728,972,0.362752
45,"Classic optimized",0,32,3840,2160,1728,972,0.365952
45,"Classic optimized",0,33,3840,2160,1728,972,0.364288
45,"Classic optimized",0,34,3840,2160,1728,972,0.363776
45,"Classic optimized",0,35,3840,2160,1728,972,0.364672
45,"Classic optimized",0,36,3840,2160,1728,972,0.363904
45,"Classic optimized",0,37,3840,2160,1728,972,0.363904
45,"Classic optimized",0,38,3840,2160,1728,972,0.362496
45,"Classic optimized",0,39,3840,2160,1728,972,0.361472
45,"Classic optimized",0,40,3840,2160,1728,972,0.3616
45,"Classic optimized",0,41,3840,2160,1728,972,0.362112
45,"Classic optimized",0,42,3840,2160,1728,972,0.361344
45,"Classic optimized",0,43,3840,2160,1728,972,0.361856
45,"Classic optimized",0,44,3840,2160,1728,972,0.362112
45,"Classic optimized",0,45,3840,2160,1728,972,0.362112
45,"Classic optimized",0,46,3840,2160,1728,972,0.363008
45,"Classic optimized",0,47,3840,2160,1728,972,0.363264
45,"Classic optimized",0,48,3840,2160,1728,972,0.363904
45,"Classic optimized",0,49,3840,2160,1728,972,0.363264
45,"Classic optimized",0,50,3840,2160,1728,972,0.362752
45,"Classic optimized",0,51,3840,2160,1728,972,0.361856
45,"Classic optimized",0,52,3840,2160,1728,972,0.362112
45,"Classic optimized",0,53,3840,2160,1728,972,0.361856
45,"Classic optimized",0,54,3840,2160,1728,972,0.361728
45,"Classic optimized",0,55,3840,2160,1728,972,0.361984
45,"Classic optimized",0,56,3840,2160,1728,972,0.3616
45,"Classic optimized",0,57,3840,2160,1728,972,0.361856
45,"Classic optimized",0,58,3840,2160,1728,972,0.36288
45,"Classic optimized",0,59,3840,2160,1728,972,0.363904
45,"Classic optimized",0,60,3840,2160,1728,972,0.364288
45,"Classic optimized",0,61,3840,2160,1728,972,0.364544
45,"Classic optimized",0,62,3840,2160,1728,972,0.363776
45,"Classic optimized",0,63,3840,2160,1728,972,0.364544
45,"Classic optimized",0,64,3840,2160,1728,972,0.365312
45,"Classic optimized",0,65,3840,2160,1728,972,0.363904
45,"Classic optimized",0,66,3840,2160,1728,972,0.364672
45,"Classic optimized",0,67,3840,2160,1728,972,0.363904
45,"Classic optimized",0,68,3840,2160,1728,972,0.36416
45,"Classic optimized",0,69,3840,2160,1728,972,0.364672
45,"Classic optimized",0,70,3840,2160,1728,972,0.363776
45,"Classic optimized",0,71,3840,2160,1728,972,0.36288
45,"Classic optimized",0,72,3840,2160,1728,972,0.361216
45,"Classic optimized",0,73,3840,2160,1728,972,0.360576
45,"Classic optimized",0,74,3840,2160,1728,972,0.361472
45,"Classic optimized",0,75,3840,2160,1728,972,0.361216
45,"Classic optimized",0,76,3840,2160,1728,972,0.360448
45,"Classic optimized",0,77,3840,2160,1728,972,0.3616
45,"Classic optimized",0,78,3840,2160,1728,972,0.361344
45,"Classic optimized",0,79,3840,2160,1728,972,0.362112
45,"Classic optimized",0,80,3840,2160,1728,972,0.3648
45,"Classic optimized",0,81,3840,2160,1728,972,0.362752
45,"Classic optimized",0,82,3840,2160,1728,972,0.362624
45,"Classic optimized",0,83,3840,2160,1728,972,0.363392
45,"Classic optimized",0,84,3840,2160,1728,972,0.362368
45,"Classic optimized",0,85,3840,2160,1728,972,0.361728
45,"Classic optimized",0,86,3840,2160,1728,972,0.362112
45,"Classic optimized",0,87,3840,2160,1728,972,0.361216
45,"Classic optimized",0,88,3840,2160,1728,972,0.361856
45,"Classic optimized",0,89,3840,2160,1728,972,0.361856
45,"Classic optimized",0,90,3840,2160,1728,972,0.361472
45,"Classic optimized",0,91,3840,2160,1728,972,0.362496
45,"Classic optimized",0,92,3840,2160,1728,972,0.362752
45,"Classic optimized",0,93,3840,2160,1728,972,0.363904
45,"Classic optimized",0,94,3840,2160,1728,972,0.36608
45,"Classic optimized",0,95,3840,2160,1728,972,0.365696
45,"Classic optimized",0,96,3840,2160,1728,972,0.366592
45,"Classic optimized",0,97,3840,2160,1728,972,0.36608
45,"Classic optimized",0,98,3840,2160,1728,972,0.365056
45,"Classic optimized",0,99,3840,2160,1728,972,0.363904
45,"Classic optimized",0,100,3840,2160,1728,972,0.364416
45,"Classic optimized",0,101,3840,2160,1728,972,0.363648
45,"Classic optimized",0,102,3840,2160,1728,972,0.363904
45,"Classic optimized",0,103,3840,2160,1728,972,0.364672
45,"Classic optimized",0,104,3840,2160,1728,972,0.363392
45,"Classic optimized",0,105,3840,2160,1728,972,0.364672
45,"Classic optimized",0,106,3840,2160,1728,972,0.365696
45,"Classic optimized",0,107,3840,2160,1728,972,0.365184
45,"Classic optimized",0,108,3840,2160,1728,972,0.365952
45,"Classic optimized",0,109,3840,2160,1728,972,0.365696
45,"Classic optimized",0,110,3840,2160,1728,972,0.365056
45,"Classic optimized",0,111,3840,2160,1728,972,0.398208
45,"Classic optimized",0,112,3840,2160,1728,972,0.366336
45,"Classic optimized",0,113,3840,2160,1728,972,0.365952
45,"Classic optimized",0,114,3840,2160,1728,972,0.365568
45,"Classic optimized",0,115,3840,2160,1728,972,0.365056
45,"Classic optimized",0,116,3840,2160,1728,972,0.36608
45,"Classic optimized",0,117,3840,2160,1728,972,0.36544
45,"Classic optimized",0,118,3840,2160,1728,972,0.362368
45,"Classic optimized",0,119,3840,2160,1728,972,0.361088
45,"Classic optimized",0,120,3840,2160,1728,972,0.360704
45,"Classic optimized",0,121,3840,2160,1728,972,0.360192
45,"Classic optimized",0,122,3840,2160,1728,972,0.361088
45,"Classic optimized",0,123,3840,2160,1728,972,0.360448
45,"Classic optimized",0,124,3840,2160,1728,972,0.35968
45,"Classic optimized",0,125,3840,2160,1728,972,0.36032
45,"Classic optimized",0,126,3840,2160,1728,972,0.360064
45,"Classic optimized",0,127,3840,2160,1728,972,0.363008
45,"Classic optimized",0,128,3840,2160,1728,972,0.364032
45,"Classic optimized",0,129,3840,2160,1728,972,0.362752
45,"Classic optimized",0,130,3840,2160,1728,972,0.363008
45,"Classic optimized",0,131,3840,2160,1728,972,0.360448
45,"Classic optimized",0,132,3840,2160,1728,972,0.359296
45,"Classic optimized",0,133,3840,2160,1728,972,0.359552
45,"Classic optimized",0,134,3840,2160,1728,972,0.359168
45,"Classic optimized",0,135,3840,2160,1728,972,0.359552
45,"Classic optimized",0,136,3840,2160,1728,972,0.35968
45,"Classic optimized",0,137,3840,2160,1728,972,0.358656
45,"Classic optimized",0,138,3840,2160,1728,972,0.361728
45,"Classic optimized",0,139,3840,2160,1728,972,0.363008
45,"Classic optimized",0,140,3840,2160,1728,972,0.362496
45,"Classic optimized",0,141,3840,2160,1728,972,0.363264
45,"Classic optimized",0,142,3840,2160,1728,972,0.36288
45,"Classic optimized",0,143,3840,2160,1728,972,0.362368
45,"Classic optimized",0,144,3840,2160,1728,972,0.364416
45,"Classic optimized",0,145,3840,2160,1728,972,0.36352
45,"Classic optimized",0,146,3840,2160,1728,972,0.364416
45,"Classic optimized",0,147,3840,2160,1728,972,0.364288
45,"Classic optimized",0,148,3840,2160,1728,972,0.363776
45,"Classic optimized",0,149,3840,2160,1728,972,0.364416
45,"Classic optimized",0,150,3840,2160,1728,972,0.364544
45,"Classic optimized",0,151,3840,2160,1728,972,0.361984
45,"Classic optimized",0,152,3840,2160,1728,972,0.360448
45,"Classic optimized",0,153,3840,2160,1728,972,0.359808
45,"Classic optimized",0,154,3840,2160,1728,972,0.359552
45,"Classic optimized",0,155,3840,2160,1728,972,0.360448
45,"Classic optimized",0,156,3840,2160,1728,972,0.360064
45,"Classic optimized",0,157,3840,2160,1728,972,0.35968
45,"Classic optimized",0,158,3840,2160,1728,972,0.361856
45,"Classic optimized",0,159,3840,2160,1728,972,0.36416
45,"Fused optimized P50/general",1,0,3840,2160,1728,972,0.667648
45,"Fused optimized P50/general",1,1,3840,2160,1728,972,0.666368
45,"Fused optimized P50/general",1,2,3840,2160,1728,972,0.666368
45,"Fused optimized P50/general",1,3,3840,2160,1728,972,0.658048
45,"Fused optimized P50/general",1,4,3840,2160,1728,972,0.658304
45,"Fused optimized P50/general",1,5,3840,2160,1728,972,0.658048
45,"Fused optimized P50/general",1,6,3840,2160,1728,972,0.668928
45,"Fused optimized P50/general",1,7,3840,2160,1728,972,0.670976
45,"Fused optimized P50/general",1,8,3840,2160,1728,972,0.67072
45,"Fused optimized P50/general",1,9,3840,2160,1728,972,0.670848
45,"Fused optimized P50/general",1,10,3840,2160,1728,972,0.67072
45,"Fused optimized P50/general",1,11,3840,2160,1728,972,0.67072
45,"Fused optimized P50/general",1,12,3840,2160,1728,972,0.670848
45,"Fused optimized P50/general",1,13,3840,2160,1728,972,0.670592
45,"Fused optimized P50/general",1,14,3840,2160,1728,972,0.670464
45,"Fused optimized P50/general",1,15,3840,2160,1728,972,0.67072
45,"Fused optimized P50/general",1,16,3840,2160,1728,972,0.671488
45,"Fused optimized P50/general",1,17,3840,2160,1728,972,0.671104
45,"Fused optimized P50/general",1,18,3840,2160,1728,972,0.671104
45,"Fused optimized P50/general",1,19,3840,2160,1728,972,0.670848
45,"Fused optimized P50/general",1,20,3840,2160,1728,972,0.67072
45,"Fused optimized P50/general",1,21,3840,2160,1728,972,0.663296
45,"Fused optimized P50/general",1,22,3840,2160,1728,972,0.662144
45,"Fused optimized P50/general",1,23,3840,2160,1728,972,0.662144
45,"Fused optimized P50/general",1,24,3840,2160,1728,972,0.662144
45,"Fused optimized P50/general",1,25,3840,2160,1728,972,0.662144
45,"Fused optimized P50/general",1,26,3840,2160,1728,972,0.662528
45,"Fused optimized P50/general",1,27,3840,2160,1728,972,0.662272
45,"Fused optimized P50/general",1,28,3840,2160,1728,972,0.659968
45,"Fused optimized P50/general",1,29,3840,2160,1728,972,0.658432
45,"Fused optimized P50/general",1,30,3840,2160,1728,972,0.658304
45,"Fused optimized P50/general",1,31,3840,2160,1728,972,0.658304
45,"Fused optimized P50/general",1,32,3840,2160,1728,972,0.659456
45,"Fused optimized P50/general",1,33,3840,2160,1728,972,0.657792
45,"Fused optimized P50/general",1,34,3840,2160,1728,972,0.658176
45,"Fused optimized P50/general",1,35,3840,2160,1728,972,0.657792
45,"Fused optimized P50/general",1,36,3840,2160,1728,972,0.650496
45,"Fused optimized P50/general",1,37,3840,2160,1728,972,0.650368
45,"Fused optimized P50/general",1,38,3840,2160,1728,972,0.650112
45,"Fused optimized P50/general",1,39,3840,2160,1728,972,0.650624
45,"Fused optimized P50/general",1,40,3840,2160,1728,972,0.650624
45,"Fused optimized P50/general",1,41,3840,2160,1728,972,0.650496
45,"Fused optimized P50/general",1,42,3840,2160,1728,972,0.650368
45,"Fused optimized P50/general",1,43,3840,2160,1728,972,0.650368
45,"Fused optimized P50/general",1,44,3840,2160,1728,972,0.650368
45,"Fused optimized P50/general",1,45,3840,2160,1728,972,0.650624
45,"Fused optimized P50/general",1,46,3840,2160,1728,972,0.650496
45,"Fused optimized P50/general",1,47,3840,2160,1728,972,0.647936
45,"Fused optimized P50/general",1,48,3840,2160,1728,972,0.647168
45,"Fused optimized P50/general",1,49,3840,2160,1728,972,0.645888
45,"Fused optimized P50/general",1,50,3840,2160,1728,972,0.646528
45,"Fused optimized P50/general",1,51,3840,2160,1728,972,0.641152
45,"Fused optimized P50/general",1,52,3840,2160,1728,972,0.638592
45,"Fused optimized P50/general",1,53,3840,2160,1728,972,0.638208
45,"Fused optimized P50/general",1,54,3840,2160,1728,972,0.638464
45,"Fused optimized P50/general",1,55,3840,2160,1728,972,0.6464
45,"Fused optimized P50/general",1,56,3840,2160,1728,972,0.646656
45,"Fused optimized P50/general",1,57,3840,2160,1728,972,0.646912
45,"Fused optimized P50/general",1,58,3840,2160,1728,972,0.646144
45,"Fused optimized P50/general",1,59,3840,2160,1728,972,0.646144
45,"Fused optimized P50/general",1,60,3840,2160,1728,972,0.646144
45,"Fused optimized P50/general",1,61,3840,2160,1728,972,0.646016
45,"Fused optimized P50/general",1,62,3840,2160,1728,972,0.6464
45,"Fused optimized P50/general",1,63,3840,2160,1728,972,0.6464
45,"Fused optimized P50/general",1,64,3840,2160,1728,972,0.647168
45,"Fused optimized P50/general",1,65,3840,2160,1728,972,0.646656
45,"Fused optimized P50/general",1,66,3840,2160,1728,972,0.64576
45,"Fused optimized P50/general",1,67,3840,2160,1728,972,0.646144
45,"Fused optimized P50/general",1,68,3840,2160,1728,972,0.646016
45,"Fused optimized P50/general",1,69,3840,2160,1728,972,0.67776
45,"Fused optimized P50/general",1,70,3840,2160,1728,972,0.646656
45,"Fused optimized P50/general",1,71,3840,2160,1728,972,0.645888
45,"Fused optimized P50/general",1,72,3840,2160,1728,972,0.646016
45,"Fused optimized P50/general",1,73,3840,2160,1728,972,0.646144
45,"Fused optimized P50/general",1,74,3840,2160,1728,972,0.642304
45,"Fused optimized P50/general",1,75,3840,2160,1728,972,0.638464
45,"Fused optimized P50/general",1,76,3840,2160,1728,972,0.638336
45,"Fused optimized P50/general",1,77,3840,2160,1728,972,0.638592
45,"Fused optimized P50/general",1,78,3840,2160,1728,972,0.637952
45,"Fused optimized P50/general",1,79,3840,2160,1728,972,0.638464
45,"Fused optimized P50/general",1,80,3840,2160,1728,972,0.639488
45,"Fused optimized P50/general",1,81,3840,2160,1728,972,0.627456
45,"Fused optimized P50/general",1,82,3840,2160,1728,972,0.623872
45,"Fused optimized P50/general",1,83,3840,2160,1728,972,0.623232
45,"Fused optimized P50/general",1,84,3840,2160,1728,972,0.623104
45,"Fused optimized P50/general",1,85,3840,2160,1728,972,0.626304
45,"Fused optimized P50/general",1,86,3840,2160,1728,972,0.627456
45,"Fused optimized P50/general",1,87,3840,2160,1728,972,0.6272
45,"Fused optimized P50/general",1,88,3840,2160,1728,972,0.626944
45,"Fused optimized P50/general",1,89,3840,2160,1728,972,0.631168
45,"Fused optimized P50/general",1,90,3840,2160,1728,972,0.642304
45,"Fused optimized P50/general",1,91,3840,2160,1728,972,0.642304
45,"Fused optimized P50/general",1,92,3840,2160,1728,972,0.642688
45,"Fused optimized P50/general",1,93,3840,2160,1728,972,0.64576
45,"Fused optimized P50/general",1,94,3840,2160,1728,972,0.646016
45,"Fused optimized P50/general",1,95,3840,2160,1728,972,0.645888
45,"Fused optimized P50/general",1,96,3840,2160,1728,972,0.650368
45,"Fused optimized P50/general",1,97,3840,2160,1728,972,0.64768
45,"Fused optimized P50/general",1,98,3840,2160,1728,972,0.646784
45,"Fused optimized P50/general",1,99,3840,2160,1728,972,0.646784
45,"Fused optimized P50/general",1,100,3840,2160,1728,972,0.640128
45,"Fused optimized P50/general",1,101,3840,2160,1728,972,0.63232
45,"Fused optimized P50/general",1,102,3840,2160,1728,972,0.631936
45,"Fused optimized P50/general",1,103,3840,2160,1728,972,0.632448
45,"Fused optimized P50/general",1,104,3840,2160,1728,972,0.638208
45,"Fused optimized P50/general",1,105,3840,2160,1728,972,0.644992
45,"Fused optimized P50/general",1,106,3840,2160,1728,972,0.644864
45,"Fused optimized P50/general",1,107,3840,2160,1728,972,0.644736
45,"Fused optimized P50/general",1,108,3840,2160,1728,972,0.647424
45,"Fused optimized P50/general",1,109,3840,2160,1728,972,0.6496
45,"Fused optimized P50/general",1,110,3840,2160,1728,972,0.650368
45,"Fused optimized P50/general",1,111,3840,2160,1728,972,0.649728
45,"Fused optimized P50/general",1,112,3840,2160,1728,972,0.652032
45,"Fused optimized P50/general",1,113,3840,2160,1728,972,0.651904
45,"Fused optimized P50/general",1,114,3840,2160,1728,972,0.65216
45,"Fused optimized P50/general",1,115,3840,2160,1728,972,0.65024
45,"Fused optimized P50/general",1,116,3840,2160,1728,972,0.64832
45,"Fused optimized P50/general",1,117,3840,2160,1728,972,0.646016
45,"Fused optimized P50/general",1,118,3840,2160,1728,972,0.646912
45,"Fused optimized P50/general",1,119,3840,2160,1728,972,0.646912
45,"Fused optimized P50/general",1,120,3840,2160,1728,972,0.653568
45,"Fused optimized P50/general",1,121,3840,2160,1728,972,0.654336
45,"Fused optimized P50/general",1,122,3840,2160,1728,972,0.654208
45,"Fused optimized P50/general",1,123,3840,2160,1728,972,0.65408
45,"Fused optimized P50/general",1,124,3840,2160,1728,972,0.654464
45,"Fused optimized P50/general",1,125,3840,2160,1728,972,0.653824
45,"Fused optimized P50/general",1,126,3840,2160,1728,972,0.653824
45,"Fused optimized P50/general",1,127,3840,2160,1728,972,0.655616
45,"Fused optimized P50/general",1,128,3840,2160,1728,972,0.660224
45,"Fused optimized P50/general",1,129,3840,2160,1728,972,0.659072
45,"Fused optimized P50/general",1,130,3840,2160,1728,972,0.6592
45,"Fused optimized P50/general",1,131,3840,2160,1728,972,0.65472
45,"Fused optimized P50/general",1,132,3840,2160,1728,972,0.653952
45,"Fused optimized P50/general",1,133,3840,2160,1728,972,0.653696
45,"Fused optimized P50/general",1,134,3840,2160,1728,972,0.653696
45,"Fused optimized P50/general",1,135,3840,2160,1728,972,0.6592
45,"Fused optimized P50/general",1,136,3840,2160,1728,972,0.658944
45,"Fused optimized P50/general",1,137,3840,2160,1728,972,0.659072
45,"Fused optimized P50/general",1,138,3840,2160,1728,972,0.659072
45,"Fused optimized P50/general",1,139,3840,2160,1728,972,0.658688
45,"Fused optimized P50/general",1,140,3840,2160,1728,972,0.658816
45,"Fused optimized P50/general",1,141,3840,2160,1728,972,0.658944
45,"Fused optimized P50/general",1,142,3840,2160,1728,972,0.662656
45,"Fused optimized P50/general",1,143,3840,2160,1728,972,0.666624
45,"Fused optimized P50/general",1,144,3840,2160,1728,972,0.66752
45,"Fused optimized P50/general",1,145,3840,2160,1728,972,0.666496
45,"Fused optimized P50/general",1,146,3840,2160,1728,972,0.656768
45,"Fused optimized P50/general",1,147,3840,2160,1728,972,0.653952
45,"Fused optimized P50/general",1,148,3840,2160,1728,972,0.65408
45,"Fused optimized P50/general",1,149,3840,2160,1728,972,0.654976
45,"Fused optimized P50/general",1,150,3840,2160,1728,972,0.659072
45,"Fused optimized P50/general",1,151,3840,2160,1728,972,0.658688
45,"Fused optimized P50/general",1,152,3840,2160,1728,972,0.6592
45,"Fused optimized P50/general",1,153,3840,2160,1728,972,0.658688
45,"Fused optimized P50/general",1,154,3840,2160,1728,972,0.6592
45,"Fused optimized P50/general",1,155,3840,2160,1728,972,0.658816
45,"Fused optimized P50/general",1,156,3840,2160,1728,972,0.659456
45,"Fused optimized P50/general",1,157,3840,2160,1728,972,0.663936
45,"Fused optimized P50/general",1,158,3840,2160,1728,972,0.666752
45,"Fused optimized P50/general",1,159,3840,2160,1728,972,0.667008
45,"Fused RGB20",2,0,3840,2160,1728,972,0.331904
45,"Fused RGB20",2,1,3840,2160,1728,972,0.330368
45,"Fused RGB20",2,2,3840,2160,1728,972,0.32896
45,"Fused RGB20",2,3,3840,2160,1728,972,0.318208
45,"Fused RGB20",2,4,3840,2160,1728,972,0.318464
45,"Fused RGB20",2,5,3840,2160,1728,972,0.318336
45,"Fused RGB20",2,6,3840,2160,1728,972,0.318208
45,"Fused RGB20",2,7,3840,2160,1728,972,0.31808
45,"Fused RGB20",2,8,3840,2160,1728,972,0.31872
45,"Fused RGB20",2,9,3840,2160,1728,972,0.318208
45,"Fused RGB20",2,10,3840,2160,1728,972,0.324352
45,"Fused RGB20",2,11,3840,2160,1728,972,0.33472
45,"Fused RGB20",2,12,3840,2160,1728,972,0.334848
45,"Fused RGB20",2,13,3840,2160,1728,972,0.334848
45,"Fused RGB20",2,14,3840,2160,1728,972,0.334848
45,"Fused RGB20",2,15,3840,2160,1728,972,0.335104
45,"Fused RGB20",2,16,3840,2160,1728,972,0.336384
45,"Fused RGB20",2,17,3840,2160,1728,972,0.333568
45,"Fused RGB20",2,18,3840,2160,1728,972,0.332928
45,"Fused RGB20",2,19,3840,2160,1728,972,0.3328
45,"Fused RGB20",2,20,3840,2160,1728,972,0.332672
45,"Fused RGB20",2,21,3840,2160,1728,972,0.332416
45,"Fused RGB20",2,22,3840,2160,1728,972,0.332544
45,"Fused RGB20",2,23,3840,2160,1728,972,0.332672
45,"Fused RGB20",2,24,3840,2160,1728,972,0.33088
45,"Fused RGB20",2,25,3840,2160,1728,972,0.322688
45,"Fused RGB20",2,26,3840,2160,1728,972,0.322816
45,"Fused RGB20",2,27,3840,2160,1728,972,0.323328
45,"Fused RGB20",2,28,3840,2160,1728,972,0.322688
45,"Fused RGB20",2,29,3840,2160,1728,972,0.322816
45,"Fused RGB20",2,30,3840,2160,1728,972,0.323072
45,"Fused RGB20",2,31,3840,2160,1728,972,0.323456
45,"Fused RGB20",2,32,3840,2160,1728,972,0.326144
45,"Fused RGB20",2,33,3840,2160,1728,972,0.324992
45,"Fused RGB20",2,34,3840,2160,1728,972,0.325376
45,"Fused RGB20",2,35,3840,2160,1728,972,0.325504
45,"Fused RGB20",2,36,3840,2160,1728,972,0.325248
45,"Fused RGB20",2,37,3840,2160,1728,972,0.325504
45,"Fused RGB20",2,38,3840,2160,1728,972,0.325504
45,"Fused RGB20",2,39,3840,2160,1728,972,0.320256
45,"Fused RGB20",2,40,3840,2160,1728,972,0.309504
45,"Fused RGB20",2,41,3840,2160,1728,972,0.309376
45,"Fused RGB20",2,42,3840,2160,1728,972,0.309504
45,"Fused RGB20",2,43,3840,2160,1728,972,0.30912
45,"Fused RGB20",2,44,3840,2160,1728,972,0.309376
45,"Fused RGB20",2,45,3840,2160,1728,972,0.309504
45,"Fused RGB20",2,46,3840,2160,1728,972,0.309504
45,"Fused RGB20",2,47,3840,2160,1728,972,0.310016
45,"Fused RGB20",2,48,3840,2160,1728,972,0.317568
45,"Fused RGB20",2,49,3840,2160,1728,972,0.316032
45,"Fused RGB20",2,50,3840,2160,1728,972,0.316288
45,"Fused RGB20",2,51,3840,2160,1728,972,0.315904
45,"Fused RGB20",2,52,3840,2160,1728,972,0.316032
45,"Fused RGB20",2,53,3840,2160,1728,972,0.315776
45,"Fused RGB20",2,54,3840,2160,1728,972,0.316032
45,"Fused RGB20",2,55,3840,2160,1728,972,0.309888
45,"Fused RGB20",2,56,3840,2160,1728,972,0.309376
45,"Fused RGB20",2,57,3840,2160,1728,972,0.309504
45,"Fused RGB20",2,58,3840,2160,1728,972,0.309376
45,"Fused RGB20",2,59,3840,2160,1728,972,0.309504
45,"Fused RGB20",2,60,3840,2160,1728,972,0.309632
45,"Fused RGB20",2,61,3840,2160,1728,972,0.309376
45,"Fused RGB20",2,62,3840,2160,1728,972,0.309376
45,"Fused RGB20",2,63,3840,2160,1728,972,0.312192
45,"Fused RGB20",2,64,3840,2160,1728,972,0.316032
45,"Fused RGB20",2,65,3840,2160,1728,972,0.313984
45,"Fused RGB20",2,66,3840,2160,1728,972,0.313984
45,"Fused RGB20",2,67,3840,2160,1728,972,0.313472
45,"Fused RGB20",2,68,3840,2160,1728,972,0.314112
45,"Fused RGB20",2,69,3840,2160,1728,972,0.313856
45,"Fused RGB20",2,70,3840,2160,1728,972,0.313856
45,"Fused RGB20",2,71,3840,2160,1728,972,0.30336
45,"Fused RGB20",2,72,3840,2160,1728,972,0.303232
45,"Fused RGB20",2,73,3840,2160,1728,972,0.303232
45,"Fused RGB20",2,74,3840,2160,1728,972,0.303616
45,"Fused RGB20",2,75,3840,2160,1728,972,0.30336
45,"Fused RGB20",2,76,3840,2160,1728,972,0.303488
45,"Fused RGB20",2,77,3840,2160,1728,972,0.303232
45,"Fused RGB20",2,78,3840,2160,1728,972,0.305792
45,"Fused RGB20",2,79,3840,2160,1728,972,0.316288
45,"Fused RGB20",2,80,3840,2160,1728,972,0.317568
45,"Fused RGB20",2,81,3840,2160,1728,972,0.31616
45,"Fused RGB20",2,82,3840,2160,1728,972,0.316032
45,"Fused RGB20",2,83,3840,2160,1728,972,0.315648
45,"Fused RGB20",2,84,3840,2160,1728,972,0.31616
45,"Fused RGB20",2,85,3840,2160,1728,972,0.315904
45,"Fused RGB20",2,86,3840,2160,1728,972,0.313344
45,"Fused RGB20",2,87,3840,2160,1728,972,0.31168
45,"Fused RGB20",2,88,3840,2160,1728,972,0.311808
45,"Fused RGB20",2,89,3840,2160,1728,972,0.311808
45,"Fused RGB20",2,90,3840,2160,1728,972,0.31168
45,"Fused RGB20",2,91,3840,2160,1728,972,0.311296
45,"Fused RGB20",2,92,3840,2160,1728,972,0.311552
45,"Fused RGB20",2,93,3840,2160,1728,972,0.311552
45,"Fused RGB20",2,94,3840,2160,1728,972,0.310784
45,"Fused RGB20",2,95,3840,2160,1728,972,0.309376
45,"Fused RGB20",2,96,3840,2160,1728,972,0.311552
45,"Fused RGB20",2,97,3840,2160,1728,972,0.309632
45,"Fused RGB20",2,98,3840,2160,1728,972,0.309632
45,"Fused RGB20",2,99,3840,2160,1728,972,0.309504
45,"Fused RGB20",2,100,3840,2160,1728,972,0.30976
45,"Fused RGB20",2,101,3840,2160,1728,972,0.308864
45,"Fused RGB20",2,102,3840,2160,1728,972,0.29952
45,"Fused RGB20",2,103,3840,2160,1728,972,0.29952
45,"Fused RGB20",2,104,3840,2160,1728,972,0.299392
45,"Fused RGB20",2,105,3840,2160,1728,972,0.29952
45,"Fused RGB20",2,106,3840,2160,1728,972,0.299264
45,"Fused RGB20",2,107,3840,2160,1728,972,0.299392
45,"Fused RGB20",2,108,3840,2160,1728,972,0.299648
45,"Fused RGB20",2,109,3840,2160,1728,972,0.299392
45,"Fused RGB20",2,110,3840,2160,1728,972,0.334592
45,"Fused RGB20",2,111,3840,2160,1728,972,0.303488
45,"Fused RGB20",2,112,3840,2160,1728,972,0.30464
45,"Fused RGB20",2,113,3840,2160,1728,972,0.303104
45,"Fused RGB20",2,114,3840,2160,1728,972,0.303104
45,"Fused RGB20",2,115,3840,2160,1728,972,0.302976
45,"Fused RGB20",2,116,3840,2160,1728,972,0.30336
45,"Fused RGB20",2,117,3840,2160,1728,972,0.303232
45,"Fused RGB20",2,118,3840,2160,1728,972,0.303744
45,"Fused RGB20",2,119,3840,2160,1728,972,0.302848
45,"Fused RGB20",2,120,3840,2160,1728,972,0.303104
45,"Fused RGB20",2,121,3840,2160,1728,972,0.304
45,"Fused RGB20",2,122,3840,2160,1728,972,0.303616
45,"Fused RGB20",2,123,3840,2160,1728,972,0.303232
45,"Fused RGB20",2,124,3840,2160,1728,972,0.303488
45,"Fused RGB20",2,125,3840,2160,1728,972,0.30336
45,"Fused RGB20",2,126,3840,2160,1728,972,0.30336
45,"Fused RGB20",2,127,3840,2160,1728,972,0.305536
45,"Fused RGB20",2,128,3840,2160,1728,972,0.308608
45,"Fused RGB20",2,129,3840,2160,1728,972,0.3072
45,"Fused RGB20",2,130,3840,2160,1728,972,0.3072
45,"Fused RGB20",2,131,3840,2160,1728,972,0.307328
45,"Fused RGB20",2,132,3840,2160,1728,972,0.307072
45,"Fused RGB20",2,133,3840,2160,1728,972,0.307456
45,"Fused RGB20",2,134,3840,2160,1728,972,0.306048
45,"Fused RGB20",2,135,3840,2160,1728,972,0.305408
45,"Fused RGB20",2,136,3840,2160,1728,972,0.304896
45,"Fused RGB20",2,137,3840,2160,1728,972,0.30528
45,"Fused RGB20",2,138,3840,2160,1728,972,0.30528
45,"Fused RGB20",2,139,3840,2160,1728,972,0.30528
45,"Fused RGB20",2,140,3840,2160,1728,972,0.305152
45,"Fused RGB20",2,141,3840,2160,1728,972,0.305536
45,"Fused RGB20",2,142,3840,2160,1728,972,0.30592
45,"Fused RGB20",2,143,3840,2160,1728,972,0.307456
45,"Fused RGB20",2,144,3840,2160,1728,972,0.30912
45,"Fused RGB20",2,145,3840,2160,1728,972,0.3072
45,"Fused RGB20",2,146,3840,2160,1728,972,0.307456
45,"Fused RGB20",2,147,3840,2160,1728,972,0.307072
45,"Fused RGB20",2,148,3840,2160,1728,972,0.307072
45,"Fused RGB20",2,149,3840,2160,1728,972,0.307328
45,"Fused RGB20",2,150,3840,2160,1728,972,0.30656
45,"Fused RGB20",2,151,3840,2160,1728,972,0.303616
45,"Fused RGB20",2,152,3840,2160,1728,972,0.303232
45,"Fused RGB20",2,153,3840,2160,1728,972,0.303616
45,"Fused RGB20",2,154,3840,2160,1728,972,0.30336
45,"Fused RGB20",2,155,3840,2160,1728,972,0.303744
45,"Fused RGB20",2,156,3840,2160,1728,972,0.30336
45,"Fused RGB20",2,157,3840,2160,1728,972,0.30336
45,"Fused RGB20",2,158,3840,2160,1728,972,0.305152
45,"Fused RGB20",2,159,3840,2160,1728,972,0.307712
45,"Fused RGB20",3,0,3840,2160,1728,972,0.315648
45,"Fused RGB20",3,1,3840,2160,1728,972,0.313856
45,"Fused RGB20",3,2,3840,2160,1728,972,0.3136
45,"Fused RGB20",3,3,3840,2160,1728,972,0.3136
45,"Fused RGB20",3,4,3840,2160,1728,972,0.314112
45,"Fused RGB20",3,5,3840,2160,1728,972,0.313728
45,"Fused RGB20",3,6,3840,2160,1728,972,0.314112
45,"Fused RGB20",3,7,3840,2160,1728,972,0.31424
45,"Fused RGB20",3,8,3840,2160,1728,972,0.314112
45,"Fused RGB20",3,9,3840,2160,1728,972,0.313856
45,"Fused RGB20",3,10,3840,2160,1728,972,0.306304
45,"Fused RGB20",3,11,3840,2160,1728,972,0.305664
45,"Fused RGB20",3,12,3840,2160,1728,972,0.30528
45,"Fused RGB20",3,13,3840,2160,1728,972,0.305408
45,"Fused RGB20",3,14,3840,2160,1728,972,0.305408
45,"Fused RGB20",3,15,3840,2160,1728,972,0.305408
45,"Fused RGB20",3,16,3840,2160,1728,972,0.306944
45,"Fused RGB20",3,17,3840,2160,1728,972,0.305408
45,"Fused RGB20",3,18,3840,2160,1728,972,0.315904
45,"Fused RGB20",3,19,3840,2160,1728,972,0.318336
45,"Fused RGB20",3,20,3840,2160,1728,972,0.318336
45,"Fused RGB20",3,21,3840,2160,1728,972,0.318464
45,"Fused RGB20",3,22,3840,2160,1728,972,0.318464
45,"Fused RGB20",3,23,3840,2160,1728,972,0.318336
45,"Fused RGB20",3,24,3840,2160,1728,972,0.31872
45,"Fused RGB20",3,25,3840,2160,1728,972,0.314368
45,"Fused RGB20",3,26,3840,2160,1728,972,0.309248
45,"Fused RGB20",3,27,3840,2160,1728,972,0.30976
45,"Fused RGB20",3,28,3840,2160,1728,972,0.30912
45,"Fused RGB20",3,29,3840,2160,1728,972,0.309632
45,"Fused RGB20",3,30,3840,2160,1728,972,0.309632
45,"Fused RGB20",3,31,3840,2160,1728,972,0.30976
45,"Fused RGB20",3,32,3840,2160,1728,972,0.311296
45,"Fused RGB20",3,33,3840,2160,1728,972,0.312448
45,"Fused RGB20",3,34,3840,2160,1728,972,0.318464
45,"Fused RGB20",3,35,3840,2160,1728,972,0.318336
45,"Fused RGB20",3,36,3840,2160,1728,972,0.318592
45,"Fused RGB20",3,37,3840,2160,1728,972,0.31808
45,"Fused RGB20",3,38,3840,2160,1728,972,0.318464
45,"Fused RGB20",3,39,3840,2160,1728,972,0.318208
45,"Fused RGB20",3,40,3840,2160,1728,972,0.318464
45,"Fused RGB20",3,41,3840,2160,1728,972,0.314368
45,"Fused RGB20",3,42,3840,2160,1728,972,0.3136
45,"Fused RGB20",3,43,3840,2160,1728,972,0.31424
45,"Fused RGB20",3,44,3840,2160,1728,972,0.313856
45,"Fused RGB20",3,45,3840,2160,1728,972,0.314112
45,"Fused RGB20",3,46,3840,2160,1728,972,0.313728
45,"Fused RGB20",3,47,3840,2160,1728,972,0.313984
45,"Fused RGB20",3,48,3840,2160,1728,972,0.3168
45,"Fused RGB20",3,49,3840,2160,1728,972,0.320512
45,"Fused RGB20",3,50,3840,2160,1728,972,0.320512
45,"Fused RGB20",3,51,3840,2160,1728,972,0.320256
45,"Fused RGB20",3,52,3840,2160,1728,972,0.321024
45,"Fused RGB20",3,53,3840,2160,1728,972,0.320896
45,"Fused RGB20",3,54,3840,2160,1728,972,0.320896
45,"Fused RGB20",3,55,3840,2160,1728,972,0.320768
45,"Fused RGB20",3,56,3840,2160,1728,972,0.32064
45,"Fused RGB20",3,57,3840,2160,1728,972,0.315264
45,"Fused RGB20",3,58,3840,2160,1728,972,0.314112
45,"Fused RGB20",3,59,3840,2160,1728,972,0.313728
45,"Fused RGB20",3,60,3840,2160,1728,972,0.313856
45,"Fused RGB20",3,61,3840,2160,1728,972,0.313728
45,"Fused RGB20",3,62,3840,2160,1728,972,0.313472
45,"Fused RGB20",3,63,3840,2160,1728,972,0.313856
45,"Fused RGB20",3,64,3840,2160,1728,972,0.321664
45,"Fused RGB20",3,65,3840,2160,1728,972,0.324864
45,"Fused RGB20",3,66,3840,2160,1728,972,0.32512
45,"Fused RGB20",3,67,3840,2160,1728,972,0.326016
45,"Fused RGB20",3,68,3840,2160,1728,972,0.325504
45,"Fused RGB20",3,69,3840,2160,1728,972,0.325376
45,"Fused RGB20",3,70,3840,2160,1728,972,0.325248
45,"Fused RGB20",3,71,3840,2160,1728,972,0.325376
45,"Fused RGB20",3,72,3840,2160,1728,972,0.325504
45,"Fused RGB20",3,73,3840,2160,1728,972,0.316928
45,"Fused RGB20",3,74,3840,2160,1728,972,0.315776
45,"Fused RGB20",3,75,3840,2160,1728,972,0.316032
45,"Fused RGB20",3,76,3840,2160,1728,972,0.31616
45,"Fused RGB20",3,77,3840,2160,1728,972,0.316288
45,"Fused RGB20",3,78,3840,2160,1728,972,0.31616
45,"Fused RGB20",3,79,3840,2160,1728,972,0.31616
45,"Fused RGB20",3,80,3840,2160,1728,972,0.327296
45,"Fused RGB20",3,81,3840,2160,1728,972,0.325248
45,"Fused RGB20",3,82,3840,2160,1728,972,0.32512
45,"Fused RGB20",3,83,3840,2160,1728,972,0.325248
45,"Fused RGB20",3,84,3840,2160,1728,972,0.325504
45,"Fused RGB20",3,85,3840,2160,1728,972,0.325248
45,"Fused RGB20",3,86,3840,2160,1728,972,0.322048
45,"Fused RGB20",3,87,3840,2160,1728,972,0.311424
45,"Fused RGB20",3,88,3840,2160,1728,972,0.311808
45,"Fused RGB20",3,89,3840,2160,1728,972,0.31168
45,"Fused RGB20",3,90,3840,2160,1728,972,0.311296
45,"Fused RGB20",3,91,3840,2160,1728,972,0.31168
45,"Fused RGB20",3,92,3840,2160,1728,972,0.311552
45,"Fused RGB20",3,93,3840,2160,1728,972,0.31168
45,"Fused RGB20",3,94,3840,2160,1728,972,0.312064
45,"Fused RGB20",3,95,3840,2160,1728,972,0.32512
45,"Fused RGB20",3,96,3840,2160,1728,972,0.32704
45,"Fused RGB20",3,97,3840,2160,1728,972,0.32576
45,"Fused RGB20",3,98,3840,2160,1728,972,0.325248
45,"Fused RGB20",3,99,3840,2160,1728,972,0.32512
45,"Fused RGB20",3,100,3840,2160,1728,972,0.325504
45,"Fused RGB20",3,101,3840,2160,1728,972,0.32576
45,"Fused RGB20",3,102,3840,2160,1728,972,0.320768
45,"Fused RGB20",3,103,3840,2160,1728,972,0.32064
45,"Fused RGB20",3,104,3840,2160,1728,972,0.320896
45,"Fused RGB20",3,105,3840,2160,1728,972,0.320384
45,"Fused RGB20",3,106,3840,2160,1728,972,0.320768
45,"Fused RGB20",3,107,3840,2160,1728,972,0.321024
45,"Fused RGB20",3,108,3840,2160,1728,972,0.32064
45,"Fused RGB20",3,109,3840,2160,1728,972,0.32
45,"Fused RGB20",3,110,3840,2160,1728,972,0.328448
45,"Fused RGB20",3,111,3840,2160,1728,972,0.330112
45,"Fused RGB20",3,112,3840,2160,1728,972,0.331648
45,"Fused RGB20",3,113,3840,2160,1728,972,0.330112
45,"Fused RGB20",3,114,3840,2160,1728,972,0.330368
45,"Fused RGB20",3,115,3840,2160,1728,972,0.330112
45,"Fused RGB20",3,116,3840,2160,1728,972,0.329856
45,"Fused RGB20",3,117,3840,2160,1728,972,0.326528
45,"Fused RGB20",3,118,3840,2160,1728,972,0.325504
45,"Fused RGB20",3,119,3840,2160,1728,972,0.32576
45,"Fused RGB20",3,120,3840,2160,1728,972,0.325504
45,"Fused RGB20",3,121,3840,2160,1728,972,0.32512
45,"Fused RGB20",3,122,3840,2160,1728,972,0.325376
45,"Fused RGB20",3,123,3840,2160,1728,972,0.32576
45,"Fused RGB20",3,124,3840,2160,1728,972,0.325504
45,"Fused RGB20",3,125,3840,2160,1728,972,0.329728
45,"Fused RGB20",3,126,3840,2160,1728,972,0.329856
45,"Fused RGB20",3,127,3840,2160,1728,972,0.33024
45,"Fused RGB20",3,128,3840,2160,1728,972,0.33152
45,"Fused RGB20",3,129,3840,2160,1728,972,0.329984
45,"Fused RGB20",3,130,3840,2160,1728,972,0.330112
45,"Fused RGB20",3,131,3840,2160,1728,972,0.329984
45,"Fused RGB20",3,132,3840,2160,1728,972,0.330368
45,"Fused RGB20",3,133,3840,2160,1728,972,0.326272
45,"Fused RGB20",3,134,3840,2160,1728,972,0.325376
45,"Fused RGB20",3,135,3840,2160,1728,972,0.325248
45,"Fused RGB20",3,136,3840,2160,1728,972,0.324864
45,"Fused RGB20",3,137,3840,2160,1728,972,0.325248
45,"Fused RGB20",3,138,3840,2160,1728,972,0.325504
45,"Fused RGB20",3,139,3840,2160,1728,972,0.32576
45,"Fused RGB20",3,140,3840,2160,1728,972,0.326784
45,"Fused RGB20",3,141,3840,2160,1728,972,0.327808
45,"Fused RGB20",3,142,3840,2160,1728,972,0.327936
45,"Fused RGB20",3,143,3840,2160,1728,972,0.32768
45,"Fused RGB20",3,144,3840,2160,1728,972,0.328448
45,"Fused RGB20",3,145,3840,2160,1728,972,0.327936
45,"Fused RGB20",3,146,3840,2160,1728,972,0.327936
45,"Fused RGB20",3,147,3840,2160,1728,972,0.327296
45,"Fused RGB20",3,148,3840,2160,1728,972,0.320768
45,"Fused RGB20",3,149,3840,2160,1728,972,0.320768
45,"Fused RGB20",3,150,3840,2160,1728,972,0.320768
45,"Fused RGB20",3,151,3840,2160,1728,972,0.320512
45,"Fused RGB20",3,152,3840,2160,1728,972,0.321152
45,"Fused RGB20",3,153,3840,2160,1728,972,0.320768
45,"Fused RGB20",3,154,3840,2160,1728,972,0.320768
45,"Fused RGB20",3,155,3840,2160,1728,972,0.324736
45,"Fused RGB20",3,156,3840,2160,1728,972,0.327552
45,"Fused RGB20",3,157,3840,2160,1728,972,0.327552
45,"Fused RGB20",3,158,3840,2160,1728,972,0.327936
45,"Fused RGB20",3,159,3840,2160,1728,972,0.327296
45,"Fused optimized P50/general",4,0,3840,2160,1728,972,0.654848
45,"Fused optimized P50/general",4,1,3840,2160,1728,972,0.65408
45,"Fused optimized P50/general",4,2,3840,2160,1728,972,0.651264
45,"Fused optimized P50/general",4,3,3840,2160,1728,972,0.649984
45,"Fused optimized P50/general",4,4,3840,2160,1728,972,0.649728
45,"Fused optimized P50/general",4,5,3840,2160,1728,972,0.650368
45,"Fused optimized P50/general",4,6,3840,2160,1728,972,0.65408
45,"Fused optimized P50/general",4,7,3840,2160,1728,972,0.654208
45,"Fused optimized P50/general",4,8,3840,2160,1728,972,0.65408
45,"Fused optimized P50/general",4,9,3840,2160,1728,972,0.653824
45,"Fused optimized P50/general",4,10,3840,2160,1728,972,0.654464
45,"Fused optimized P50/general",4,11,3840,2160,1728,972,0.653696
45,"Fused optimized P50/general",4,12,3840,2160,1728,972,0.65408
45,"Fused optimized P50/general",4,13,3840,2160,1728,972,0.65408
45,"Fused optimized P50/general",4,14,3840,2160,1728,972,0.65408
45,"Fused optimized P50/general",4,15,3840,2160,1728,972,0.654464
45,"Fused optimized P50/general",4,16,3840,2160,1728,972,0.65536
45,"Fused optimized P50/general",4,17,3840,2160,1728,972,0.654208
45,"Fused optimized P50/general",4,18,3840,2160,1728,972,0.654208
45,"Fused optimized P50/general",4,19,3840,2160,1728,972,0.654208
45,"Fused optimized P50/general",4,20,3840,2160,1728,972,0.654336
45,"Fused optimized P50/general",4,21,3840,2160,1728,972,0.650496
45,"Fused optimized P50/general",4,22,3840,2160,1728,972,0.649984
45,"Fused optimized P50/general",4,23,3840,2160,1728,972,0.65024
45,"Fused optimized P50/general",4,24,3840,2160,1728,972,0.65088
45,"Fused optimized P50/general",4,25,3840,2160,1728,972,0.659072
45,"Fused optimized P50/general",4,26,3840,2160,1728,972,0.659072
45,"Fused optimized P50/general",4,27,3840,2160,1728,972,0.6592
45,"Fused optimized P50/general",4,28,3840,2160,1728,972,0.658816
45,"Fused optimized P50/general",4,29,3840,2160,1728,972,0.658944
45,"Fused optimized P50/general",4,30,3840,2160,1728,972,0.659072
45,"Fused optimized P50/general",4,31,3840,2160,1728,972,0.6592
45,"Fused optimized P50/general",4,32,3840,2160,1728,972,0.660096
45,"Fused optimized P50/general",4,33,3840,2160,1728,972,0.659456
45,"Fused optimized P50/general",4,34,3840,2160,1728,972,0.658816
45,"Fused optimized P50/general",4,35,3840,2160,1728,972,0.659072
45,"Fused optimized P50/general",4,36,3840,2160,1728,972,0.658688
45,"Fused optimized P50/general",4,37,3840,2160,1728,972,0.6592
45,"Fused optimized P50/general",4,38,3840,2160,1728,972,0.659072
45,"Fused optimized P50/general",4,39,3840,2160,1728,972,0.65856
45,"Fused optimized P50/general",4,40,3840,2160,1728,972,0.659328
45,"Fused optimized P50/general",4,41,3840,2160,1728,972,0.658688
45,"Fused optimized P50/general",4,42,3840,2160,1728,972,0.658944
45,"Fused optimized P50/general",4,43,3840,2160,1728,972,0.659328
45,"Fused optimized P50/general",4,44,3840,2160,1728,972,0.659584
45,"Fused optimized P50/general",4,45,3840,2160,1728,972,0.658944
45,"Fused optimized P50/general",4,46,3840,2160,1728,972,0.65856
45,"Fused optimized P50/general",4,47,3840,2160,1728,972,0.659072
45,"Fused optimized P50/general",4,48,3840,2160,1728,972,0.660224
45,"Fused optimized P50/general",4,49,3840,2160,1728,972,0.659328
45,"Fused optimized P50/general",4,50,3840,2160,1728,972,0.658688
45,"Fused optimized P50/general",4,51,3840,2160,1728,972,0.655744
45,"Fused optimized P50/general",4,52,3840,2160,1728,972,0.654464
45,"Fused optimized P50/general",4,53,3840,2160,1728,972,0.654336
45,"Fused optimized P50/general",4,54,3840,2160,1728,972,0.654464
45,"Fused optimized P50/general",4,55,3840,2160,1728,972,0.654336
45,"Fused optimized P50/general",4,56,3840,2160,1728,972,0.658688
45,"Fused optimized P50/general",4,57,3840,2160,1728,972,0.658816
45,"Fused optimized P50/general",4,58,3840,2160,1728,972,0.658816
45,"Fused optimized P50/general",4,59,3840,2160,1728,972,0.6592
45,"Fused optimized P50/general",4,60,3840,2160,1728,972,0.658816
45,"Fused optimized P50/general",4,61,3840,2160,1728,972,0.658688
45,"Fused optimized P50/general",4,62,3840,2160,1728,972,0.66048
45,"Fused optimized P50/general",4,63,3840,2160,1728,972,0.662656
45,"Fused optimized P50/general",4,64,3840,2160,1728,972,0.66368
45,"Fused optimized P50/general",4,65,3840,2160,1728,972,0.662656
45,"Fused optimized P50/general",4,66,3840,2160,1728,972,0.662912
45,"Fused optimized P50/general",4,67,3840,2160,1728,972,0.6624
45,"Fused optimized P50/general",4,68,3840,2160,1728,972,0.662656
45,"Fused optimized P50/general",4,69,3840,2160,1728,972,0.662912
45,"Fused optimized P50/general",4,70,3840,2160,1728,972,0.662656
45,"Fused optimized P50/general",4,71,3840,2160,1728,972,0.662656
45,"Fused optimized P50/general",4,72,3840,2160,1728,972,0.662528
45,"Fused optimized P50/general",4,73,3840,2160,1728,972,0.662784
45,"Fused optimized P50/general",4,74,3840,2160,1728,972,0.662912
45,"Fused optimized P50/general",4,75,3840,2160,1728,972,0.662656
45,"Fused optimized P50/general",4,76,3840,2160,1728,972,0.662528
45,"Fused optimized P50/general",4,77,3840,2160,1728,972,0.6656
45,"Fused optimized P50/general",4,78,3840,2160,1728,972,0.67072
45,"Fused optimized P50/general",4,79,3840,2160,1728,972,0.671104
45,"Fused optimized P50/general",4,80,3840,2160,1728,972,0.671616
45,"Fused optimized P50/general",4,81,3840,2160,1728,972,0.670848
45,"Fused optimized P50/general",4,82,3840,2160,1728,972,0.671104
45,"Fused optimized P50/general",4,83,3840,2160,1728,972,0.670976
45,"Fused optimized P50/general",4,84,3840,2160,1728,972,0.670592
45,"Fused optimized P50/general",4,85,3840,2160,1728,972,0.667392
45,"Fused optimized P50/general",4,86,3840,2160,1728,972,0.666496
45,"Fused optimized P50/general",4,87,3840,2160,1728,972,0.666496
45,"Fused optimized P50/general",4,88,3840,2160,1728,972,0.666368
45,"Fused optimized P50/general",4,89,3840,2160,1728,972,0.66688
45,"Fused optimized P50/general",4,90,3840,2160,1728,972,0.666496
45,"Fused optimized P50/general",4,91,3840,2160,1728,972,0.666624
45,"Fused optimized P50/general",4,92,3840,2160,1728,972,0.668928
45,"Fused optimized P50/general",4,93,3840,2160,1728,972,0.671104
45,"Fused optimized P50/general",4,94,3840,2160,1728,972,0.670848
45,"Fused optimized P50/general",4,95,3840,2160,1728,972,0.670848
45,"Fused optimized P50/general",4,96,3840,2160,1728,972,0.671744
45,"Fused optimized P50/general",4,97,3840,2160,1728,972,0.67072
45,"Fused optimized P50/general",4,98,3840,2160,1728,972,0.670592
45,"Fused optimized P50/general",4,99,3840,2160,1728,972,0.664192
45,"Fused optimized P50/general",4,100,3840,2160,1728,972,0.654208
45,"Fused optimized P50/general",4,101,3840,2160,1728,972,0.654208
45,"Fused optimized P50/general",4,102,3840,2160,1728,972,0.654464
45,"Fused optimized P50/general",4,103,3840,2160,1728,972,0.656128
45,"Fused optimized P50/general",4,104,3840,2160,1728,972,0.65856
45,"Fused optimized P50/general",4,105,3840,2160,1728,972,0.658176
45,"Fused optimized P50/general",4,106,3840,2160,1728,972,0.658688
45,"Fused optimized P50/general",4,107,3840,2160,1728,972,0.6592
45,"Fused optimized P50/general",4,108,3840,2160,1728,972,0.658688
45,"Fused optimized P50/general",4,109,3840,2160,1728,972,0.658944
45,"Fused optimized P50/general",4,110,3840,2160,1728,972,0.658432
45,"Fused optimized P50/general",4,111,3840,2160,1728,972,0.658176
45,"Fused optimized P50/general",4,112,3840,2160,1728,972,0.6592
45,"Fused optimized P50/general",4,113,3840,2160,1728,972,0.658304
45,"Fused optimized P50/general",4,114,3840,2160,1728,972,0.656896
45,"Fused optimized P50/general",4,115,3840,2160,1728,972,0.65408
45,"Fused optimized P50/general",4,116,3840,2160,1728,972,0.65408
45,"Fused optimized P50/general",4,117,3840,2160,1728,972,0.653696
45,"Fused optimized P50/general",4,118,3840,2160,1728,972,0.65408
45,"Fused optimized P50/general",4,119,3840,2160,1728,972,0.653824
45,"Fused optimized P50/general",4,120,3840,2160,1728,972,0.653952
45,"Fused optimized P50/general",4,121,3840,2160,1728,972,0.65408
45,"Fused optimized P50/general",4,122,3840,2160,1728,972,0.65408
45,"Fused optimized P50/general",4,123,3840,2160,1728,972,0.653952
45,"Fused optimized P50/general",4,124,3840,2160,1728,972,0.65408
45,"Fused optimized P50/general",4,125,3840,2160,1728,972,0.653952
45,"Fused optimized P50/general",4,126,3840,2160,1728,972,0.654336
45,"Fused optimized P50/general",4,127,3840,2160,1728,972,0.654208
45,"Fused optimized P50/general",4,128,3840,2160,1728,972,0.655104
45,"Fused optimized P50/general",4,129,3840,2160,1728,972,0.654208
45,"Fused optimized P50/general",4,130,3840,2160,1728,972,0.646656
45,"Fused optimized P50/general",4,131,3840,2160,1728,972,0.642688
45,"Fused optimized P50/general",4,132,3840,2160,1728,972,0.6432
45,"Fused optimized P50/general",4,133,3840,2160,1728,972,0.644096
45,"Fused optimized P50/general",4,134,3840,2160,1728,972,0.646656
45,"Fused optimized P50/general",4,135,3840,2160,1728,972,0.64704
45,"Fused optimized P50/general",4,136,3840,2160,1728,972,0.64704
45,"Fused optimized P50/general",4,137,3840,2160,1728,972,0.64896
45,"Fused optimized P50/general",4,138,3840,2160,1728,972,0.650368
45,"Fused optimized P50/general",4,139,3840,2160,1728,972,0.650624
45,"Fused optimized P50/general",4,140,3840,2160,1728,972,0.651136
45,"Fused optimized P50/general",4,141,3840,2160,1728,972,0.681728
45,"Fused optimized P50/general",4,142,3840,2160,1728,972,0.650368
45,"Fused optimized P50/general",4,143,3840,2160,1728,972,0.65024
45,"Fused optimized P50/general",4,144,3840,2160,1728,972,0.650496
45,"Fused optimized P50/general",4,145,3840,2160,1728,972,0.6464
45,"Fused optimized P50/general",4,146,3840,2160,1728,972,0.646144
45,"Fused optimized P50/general",4,147,3840,2160,1728,972,0.646272
45,"Fused optimized P50/general",4,148,3840,2160,1728,972,0.646144
45,"Fused optimized P50/general",4,149,3840,2160,1728,972,0.64384
45,"Fused optimized P50/general",4,150,3840,2160,1728,972,0.642432
45,"Fused optimized P50/general",4,151,3840,2160,1728,972,0.642304
45,"Fused optimized P50/general",4,152,3840,2160,1728,972,0.646144
45,"Fused optimized P50/general",4,153,3840,2160,1728,972,0.654592
45,"Fused optimized P50/general",4,154,3840,2160,1728,972,0.654464
45,"Fused optimized P50/general",4,155,3840,2160,1728,972,0.653952
45,"Fused optimized P50/general",4,156,3840,2160,1728,972,0.654464
45,"Fused optimized P50/general",4,157,3840,2160,1728,972,0.654208
45,"Fused optimized P50/general",4,158,3840,2160,1728,972,0.65408
45,"Fused optimized P50/general",4,159,3840,2160,1728,972,0.654208
45,"Classic optimized",5,0,3840,2160,1728,972,0.37376
45,"Classic optimized",5,1,3840,2160,1728,972,0.371712
45,"Classic optimized",5,2,3840,2160,1728,972,0.371968
45,"Classic optimized",5,3,3840,2160,1728,972,0.371968
45,"Classic optimized",5,4,3840,2160,1728,972,0.371584
45,"Classic optimized",5,5,3840,2160,1728,972,0.37248
45,"Classic optimized",5,6,3840,2160,1728,972,0.372096
45,"Classic optimized",5,7,3840,2160,1728,972,0.371712
45,"Classic optimized",5,8,3840,2160,1728,972,0.372352
45,"Classic optimized",5,9,3840,2160,1728,972,0.371968
45,"Classic optimized",5,10,3840,2160,1728,972,0.37248
45,"Classic optimized",5,11,3840,2160,1728,972,0.373376
45,"Classic optimized",5,12,3840,2160,1728,972,0.372608
45,"Classic optimized",5,13,3840,2160,1728,972,0.372736
45,"Classic optimized",5,14,3840,2160,1728,972,0.37312
45,"Classic optimized",5,15,3840,2160,1728,972,0.37248
45,"Classic optimized",5,16,3840,2160,1728,972,0.374528
45,"Classic optimized",5,17,3840,2160,1728,972,0.37312
45,"Classic optimized",5,18,3840,2160,1728,972,0.37248
45,"Classic optimized",5,19,3840,2160,1728,972,0.373376
45,"Classic optimized",5,20,3840,2160,1728,972,0.37312
45,"Classic optimized",5,21,3840,2160,1728,972,0.37248
45,"Classic optimized",5,22,3840,2160,1728,972,0.373248
45,"Classic optimized",5,23,3840,2160,1728,972,0.372736
45,"Classic optimized",5,24,3840,2160,1728,972,0.372736
45,"Classic optimized",5,25,3840,2160,1728,972,0.372992
45,"Classic optimized",5,26,3840,2160,1728,972,0.372352
45,"Classic optimized",5,27,3840,2160,1728,972,0.37312
45,"Classic optimized",5,28,3840,2160,1728,972,0.37312
45,"Classic optimized",5,29,3840,2160,1728,972,0.372352
45,"Classic optimized",5,30,3840,2160,1728,972,0.374912
45,"Classic optimized",5,31,3840,2160,1728,972,0.374272
45,"Classic optimized",5,32,3840,2160,1728,972,0.376064
45,"Classic optimized",5,33,3840,2160,1728,972,0.3744
45,"Classic optimized",5,34,3840,2160,1728,972,0.373888
45,"Classic optimized",5,35,3840,2160,1728,972,0.374784
45,"Classic optimized",5,36,3840,2160,1728,972,0.36992
45,"Classic optimized",5,37,3840,2160,1728,972,0.368384
45,"Classic optimized",5,38,3840,2160,1728,972,0.369536
45,"Classic optimized",5,39,3840,2160,1728,972,0.368896
45,"Classic optimized",5,40,3840,2160,1728,972,0.368768
45,"Classic optimized",5,41,3840,2160,1728,972,0.36928
45,"Classic optimized",5,42,3840,2160,1728,972,0.368896
45,"Classic optimized",5,43,3840,2160,1728,972,0.370944
45,"Classic optimized",5,44,3840,2160,1728,972,0.372224
45,"Classic optimized",5,45,3840,2160,1728,972,0.371328
45,"Classic optimized",5,46,3840,2160,1728,972,0.372224
45,"Classic optimized",5,47,3840,2160,1728,972,0.372096
45,"Classic optimized",5,48,3840,2160,1728,972,0.372864
45,"Classic optimized",5,49,3840,2160,1728,972,0.372352
45,"Classic optimized",5,50,3840,2160,1728,972,0.37184
45,"Classic optimized",5,51,3840,2160,1728,972,0.371584
45,"Classic optimized",5,52,3840,2160,1728,972,0.372352
45,"Classic optimized",5,53,3840,2160,1728,972,0.371712
45,"Classic optimized",5,54,3840,2160,1728,972,0.372608
45,"Classic optimized",5,55,3840,2160,1728,972,0.373632
45,"Classic optimized",5,56,3840,2160,1728,972,0.372992
45,"Classic optimized",5,57,3840,2160,1728,972,0.373888
45,"Classic optimized",5,58,3840,2160,1728,972,0.373632
45,"Classic optimized",5,59,3840,2160,1728,972,0.372736
45,"Classic optimized",5,60,3840,2160,1728,972,0.374016
45,"Classic optimized",5,61,3840,2160,1728,972,0.373888
45,"Classic optimized",5,62,3840,2160,1728,972,0.372736
45,"Classic optimized",5,63,3840,2160,1728,972,0.375296
45,"Classic optimized",5,64,3840,2160,1728,972,0.377344
45,"Classic optimized",5,65,3840,2160,1728,972,0.375296
45,"Classic optimized",5,66,3840,2160,1728,972,0.375552
45,"Classic optimized",5,67,3840,2160,1728,972,0.37504
45,"Classic optimized",5,68,3840,2160,1728,972,0.37568
45,"Classic optimized",5,69,3840,2160,1728,972,0.374144
45,"Classic optimized",5,70,3840,2160,1728,972,0.373504
45,"Classic optimized",5,71,3840,2160,1728,972,0.374272
45,"Classic optimized",5,72,3840,2160,1728,972,0.373888
45,"Classic optimized",5,73,3840,2160,1728,972,0.373632
45,"Classic optimized",5,74,3840,2160,1728,972,0.374272
45,"Classic optimized",5,75,3840,2160,1728,972,0.374016
45,"Classic optimized",5,76,3840,2160,1728,972,0.374784
45,"Classic optimized",5,77,3840,2160,1728,972,0.375424
45,"Classic optimized",5,78,3840,2160,1728,972,0.37504
45,"Classic optimized",5,79,3840,2160,1728,972,0.375424
45,"Classic optimized",5,80,3840,2160,1728,972,0.377728
45,"Classic optimized",5,81,3840,2160,1728,972,0.37504
45,"Classic optimized",5,82,3840,2160,1728,972,0.374784
45,"Classic optimized",5,83,3840,2160,1728,972,0.373632
45,"Classic optimized",5,84,3840,2160,1728,972,0.373504
45,"Classic optimized",5,85,3840,2160,1728,972,0.374528
45,"Classic optimized",5,86,3840,2160,1728,972,0.37376
45,"Classic optimized",5,87,3840,2160,1728,972,0.373504
45,"Classic optimized",5,88,3840,2160,1728,972,0.373376
45,"Classic optimized",5,89,3840,2160,1728,972,0.372736
45,"Classic optimized",5,90,3840,2160,1728,972,0.374016
45,"Classic optimized",5,91,3840,2160,1728,972,0.374144
45,"Classic optimized",5,92,3840,2160,1728,972,0.373632
45,"Classic optimized",5,93,3840,2160,1728,972,0.374912
45,"Classic optimized",5,94,3840,2160,1728,972,0.3744
45,"Classic optimized",5,95,3840,2160,1728,972,0.373888
45,"Classic optimized",5,96,3840,2160,1728,972,0.37632
45,"Classic optimized",5,97,3840,2160,1728,972,0.374144
45,"Classic optimized",5,98,3840,2160,1728,972,0.374144
45,"Classic optimized",5,99,3840,2160,1728,972,0.374528
45,"Classic optimized",5,100,3840,2160,1728,972,0.373888
45,"Classic optimized",5,101,3840,2160,1728,972,0.3744
45,"Classic optimized",5,102,3840,2160,1728,972,0.373248
45,"Classic optimized",5,103,3840,2160,1728,972,0.372608
45,"Classic optimized",5,104,3840,2160,1728,972,0.37312
45,"Classic optimized",5,105,3840,2160,1728,972,0.372864
45,"Classic optimized",5,106,3840,2160,1728,972,0.37248
45,"Classic optimized",5,107,3840,2160,1728,972,0.373376
45,"Classic optimized",5,108,3840,2160,1728,972,0.372736
45,"Classic optimized",5,109,3840,2160,1728,972,0.373504
45,"Classic optimized",5,110,3840,2160,1728,972,0.374656
45,"Classic optimized",5,111,3840,2160,1728,972,0.374016
45,"Classic optimized",5,112,3840,2160,1728,972,0.376192
45,"Classic optimized",5,113,3840,2160,1728,972,0.374528
45,"Classic optimized",5,114,3840,2160,1728,972,0.37376
45,"Classic optimized",5,115,3840,2160,1728,972,0.372736
45,"Classic optimized",5,116,3840,2160,1728,972,0.37184
45,"Classic optimized",5,117,3840,2160,1728,972,0.37184
45,"Classic optimized",5,118,3840,2160,1728,972,0.372352
45,"Classic optimized",5,119,3840,2160,1728,972,0.371712
45,"Classic optimized",5,120,3840,2160,1728,972,0.372096
45,"Classic optimized",5,121,3840,2160,1728,972,0.372224
45,"Classic optimized",5,122,3840,2160,1728,972,0.372608
45,"Classic optimized",5,123,3840,2160,1728,972,0.373248
45,"Classic optimized",5,124,3840,2160,1728,972,0.37312
45,"Classic optimized",5,125,3840,2160,1728,972,0.372608
45,"Classic optimized",5,126,3840,2160,1728,972,0.373376
45,"Classic optimized",5,127,3840,2160,1728,972,0.372992
45,"Classic optimized",5,128,3840,2160,1728,972,0.374528
45,"Classic optimized",5,129,3840,2160,1728,972,0.372992
45,"Classic optimized",5,130,3840,2160,1728,972,0.37248
45,"Classic optimized",5,131,3840,2160,1728,972,0.373248
45,"Classic optimized",5,132,3840,2160,1728,972,0.37312
45,"Classic optimized",5,133,3840,2160,1728,972,0.372608
45,"Classic optimized",5,134,3840,2160,1728,972,0.370688
45,"Classic optimized",5,135,3840,2160,1728,972,0.367488
45,"Classic optimized",5,136,3840,2160,1728,972,0.367872
45,"Classic optimized",5,137,3840,2160,1728,972,0.368128
45,"Classic optimized",5,138,3840,2160,1728,972,0.367488
45,"Classic optimized",5,139,3840,2160,1728,972,0.368128
45,"Classic optimized",5,140,3840,2160,1728,972,0.367872
45,"Classic optimized",5,141,3840,2160,1728,972,0.369152
45,"Classic optimized",5,142,3840,2160,1728,972,0.37248
45,"Classic optimized",5,143,3840,2160,1728,972,0.372224
45,"Classic optimized",5,144,3840,2160,1728,972,0.373376
45,"Classic optimized",5,145,3840,2160,1728,972,0.372352
45,"Classic optimized",5,146,3840,2160,1728,972,0.371584
45,"Classic optimized",5,147,3840,2160,1728,972,0.371584
45,"Classic optimized",5,148,3840,2160,1728,972,0.370816
45,"Classic optimized",5,149,3840,2160,1728,972,0.370048
45,"Classic optimized",5,150,3840,2160,1728,972,0.37056
45,"Classic optimized",5,151,3840,2160,1728,972,0.370304
45,"Classic optimized",5,152,3840,2160,1728,972,0.36992
45,"Classic optimized",5,153,3840,2160,1728,972,0.370688
45,"Classic optimized",5,154,3840,2160,1728,972,0.370432
45,"Classic optimized",5,155,3840,2160,1728,972,0.36992
45,"Classic optimized",5,156,3840,2160,1728,972,0.37056
45,"Classic optimized",5,157,3840,2160,1728,972,0.370176
45,"Classic optimized",5,158,3840,2160,1728,972,0.370048
45,"Classic optimized",5,159,3840,2160,1728,972,0.370688
49,"Classic optimized",0,0,3840,2160,1882,1058,0.380032
49,"Classic optimized",0,1,3840,2160,1882,1058,0.379136
49,"Classic optimized",0,2,3840,2160,1882,1058,0.378496
49,"Classic optimized",0,3,3840,2160,1882,1058,0.377728
49,"Classic optimized",0,4,3840,2160,1882,1058,0.377984
49,"Classic optimized",0,5,3840,2160,1882,1058,0.377344
49,"Classic optimized",0,6,3840,2160,1882,1058,0.378112
49,"Classic optimized",0,7,3840,2160,1882,1058,0.37824
49,"Classic optimized",0,8,3840,2160,1882,1058,0.377344
49,"Classic optimized",0,9,3840,2160,1882,1058,0.379136
49,"Classic optimized",0,10,3840,2160,1882,1058,0.38016
49,"Classic optimized",0,11,3840,2160,1882,1058,0.37952
49,"Classic optimized",0,12,3840,2160,1882,1058,0.380288
49,"Classic optimized",0,13,3840,2160,1882,1058,0.379904
49,"Classic optimized",0,14,3840,2160,1882,1058,0.380032
49,"Classic optimized",0,15,3840,2160,1882,1058,0.380288
49,"Classic optimized",0,16,3840,2160,1882,1058,0.381184
49,"Classic optimized",0,17,3840,2160,1882,1058,0.380288
49,"Classic optimized",0,18,3840,2160,1882,1058,0.38016
49,"Classic optimized",0,19,3840,2160,1882,1058,0.379904
49,"Classic optimized",0,20,3840,2160,1882,1058,0.380416
49,"Classic optimized",0,21,3840,2160,1882,1058,0.379776
49,"Classic optimized",0,22,3840,2160,1882,1058,0.379264
49,"Classic optimized",0,23,3840,2160,1882,1058,0.379392
49,"Classic optimized",0,24,3840,2160,1882,1058,0.378112
49,"Classic optimized",0,25,3840,2160,1882,1058,0.379008
49,"Classic optimized",0,26,3840,2160,1882,1058,0.379264
49,"Classic optimized",0,27,3840,2160,1882,1058,0.378368
49,"Classic optimized",0,28,3840,2160,1882,1058,0.379392
49,"Classic optimized",0,29,3840,2160,1882,1058,0.379648
49,"Classic optimized",0,30,3840,2160,1882,1058,0.379648
49,"Classic optimized",0,31,3840,2160,1882,1058,0.380416
49,"Classic optimized",0,32,3840,2160,1882,1058,0.381056
49,"Classic optimized",0,33,3840,2160,1882,1058,0.380032
49,"Classic optimized",0,34,3840,2160,1882,1058,0.38016
49,"Classic optimized",0,35,3840,2160,1882,1058,0.378624
49,"Classic optimized",0,36,3840,2160,1882,1058,0.37952
49,"Classic optimized",0,37,3840,2160,1882,1058,0.37888
49,"Classic optimized",0,38,3840,2160,1882,1058,0.378368
49,"Classic optimized",0,39,3840,2160,1882,1058,0.379264
49,"Classic optimized",0,40,3840,2160,1882,1058,0.378624
49,"Classic optimized",0,41,3840,2160,1882,1058,0.378752
49,"Classic optimized",0,42,3840,2160,1882,1058,0.379776
49,"Classic optimized",0,43,3840,2160,1882,1058,0.379776
49,"Classic optimized",0,44,3840,2160,1882,1058,0.38016
49,"Classic optimized",0,45,3840,2160,1882,1058,0.38016
49,"Classic optimized",0,46,3840,2160,1882,1058,0.379392
49,"Classic optimized",0,47,3840,2160,1882,1058,0.380416
49,"Classic optimized",0,48,3840,2160,1882,1058,0.381056
49,"Classic optimized",0,49,3840,2160,1882,1058,0.379776
49,"Classic optimized",0,50,3840,2160,1882,1058,0.380288
49,"Classic optimized",0,51,3840,2160,1882,1058,0.37952
49,"Classic optimized",0,52,3840,2160,1882,1058,0.380288
49,"Classic optimized",0,53,3840,2160,1882,1058,0.380288
49,"Classic optimized",0,54,3840,2160,1882,1058,0.379264
49,"Classic optimized",0,55,3840,2160,1882,1058,0.379264
49,"Classic optimized",0,56,3840,2160,1882,1058,0.378752
49,"Classic optimized",0,57,3840,2160,1882,1058,0.378624
49,"Classic optimized",0,58,3840,2160,1882,1058,0.37952
49,"Classic optimized",0,59,3840,2160,1882,1058,0.378624
49,"Classic optimized",0,60,3840,2160,1882,1058,0.378752
49,"Classic optimized",0,61,3840,2160,1882,1058,0.379776
49,"Classic optimized",0,62,3840,2160,1882,1058,0.37952
49,"Classic optimized",0,63,3840,2160,1882,1058,0.380544
49,"Classic optimized",0,64,3840,2160,1882,1058,0.381184
49,"Classic optimized",0,65,3840,2160,1882,1058,0.380032
49,"Classic optimized",0,66,3840,2160,1882,1058,0.38016
49,"Classic optimized",0,67,3840,2160,1882,1058,0.378112
49,"Classic optimized",0,68,3840,2160,1882,1058,0.377344
49,"Classic optimized",0,69,3840,2160,1882,1058,0.377472
49,"Classic optimized",0,70,3840,2160,1882,1058,0.376576
49,"Classic optimized",0,71,3840,2160,1882,1058,0.377728
49,"Classic optimized",0,72,3840,2160,1882,1058,0.377216
49,"Classic optimized",0,73,3840,2160,1882,1058,0.376704
49,"Classic optimized",0,74,3840,2160,1882,1058,0.37952
49,"Classic optimized",0,75,3840,2160,1882,1058,0.379904
49,"Classic optimized",0,76,3840,2160,1882,1058,0.380032
49,"Classic optimized",0,77,3840,2160,1882,1058,0.380288
49,"Classic optimized",0,78,3840,2160,1882,1058,0.379648
49,"Classic optimized",0,79,3840,2160,1882,1058,0.38016
49,"Classic optimized",0,80,3840,2160,1882,1058,0.38144
49,"Classic optimized",0,81,3840,2160,1882,1058,0.379776
49,"Classic optimized",0,82,3840,2160,1882,1058,0.380672
49,"Classic optimized",0,83,3840,2160,1882,1058,0.379776
49,"Classic optimized",0,84,3840,2160,1882,1058,0.38016
49,"Classic optimized",0,85,3840,2160,1882,1058,0.380416
49,"Classic optimized",0,86,3840,2160,1882,1058,0.379392
49,"Classic optimized",0,87,3840,2160,1882,1058,0.37824
49,"Classic optimized",0,88,3840,2160,1882,1058,0.377984
49,"Classic optimized",0,89,3840,2160,1882,1058,0.377216
49,"Classic optimized",0,90,3840,2160,1882,1058,0.37824
49,"Classic optimized",0,91,3840,2160,1882,1058,0.377856
49,"Classic optimized",0,92,3840,2160,1882,1058,0.377472
49,"Classic optimized",0,93,3840,2160,1882,1058,0.379648
49,"Classic optimized",0,94,3840,2160,1882,1058,0.381696
49,"Classic optimized",0,95,3840,2160,1882,1058,0.381824
49,"Classic optimized",0,96,3840,2160,1882,1058,0.38272
49,"Classic optimized",0,97,3840,2160,1882,1058,0.381824
49,"Classic optimized",0,98,3840,2160,1882,1058,0.382336
49,"Classic optimized",0,99,3840,2160,1882,1058,0.378624
49,"Classic optimized",0,100,3840,2160,1882,1058,0.377216
49,"Classic optimized",0,101,3840,2160,1882,1058,0.377344
49,"Classic optimized",0,102,3840,2160,1882,1058,0.376448
49,"Classic optimized",0,103,3840,2160,1882,1058,0.3776
49,"Classic optimized",0,104,3840,2160,1882,1058,0.377472
49,"Classic optimized",0,105,3840,2160,1882,1058,0.376704
49,"Classic optimized",0,106,3840,2160,1882,1058,0.37952
49,"Classic optimized",0,107,3840,2160,1882,1058,0.379648
49,"Classic optimized",0,108,3840,2160,1882,1058,0.379904
49,"Classic optimized",0,109,3840,2160,1882,1058,0.380416
49,"Classic optimized",0,110,3840,2160,1882,1058,0.379648
49,"Classic optimized",0,111,3840,2160,1882,1058,0.38016
49,"Classic optimized",0,112,3840,2160,1882,1058,0.381312
49,"Classic optimized",0,113,3840,2160,1882,1058,0.379648
49,"Classic optimized",0,114,3840,2160,1882,1058,0.411904
49,"Classic optimized",0,115,3840,2160,1882,1058,0.379776
49,"Classic optimized",0,116,3840,2160,1882,1058,0.38016
49,"Classic optimized",0,117,3840,2160,1882,1058,0.380288
49,"Classic optimized",0,118,3840,2160,1882,1058,0.379648
49,"Classic optimized",0,119,3840,2160,1882,1058,0.378368
49,"Classic optimized",0,120,3840,2160,1882,1058,0.377856
49,"Classic optimized",0,121,3840,2160,1882,1058,0.377216
49,"Classic optimized",0,122,3840,2160,1882,1058,0.37824
49,"Classic optimized",0,123,3840,2160,1882,1058,0.377728
49,"Classic optimized",0,124,3840,2160,1882,1058,0.377344
49,"Classic optimized",0,125,3840,2160,1882,1058,0.379648
49,"Classic optimized",0,126,3840,2160,1882,1058,0.381568
49,"Classic optimized",0,127,3840,2160,1882,1058,0.381824
49,"Classic optimized",0,128,3840,2160,1882,1058,0.382976
49,"Classic optimized",0,129,3840,2160,1882,1058,0.381568
49,"Classic optimized",0,130,3840,2160,1882,1058,0.381952
49,"Classic optimized",0,131,3840,2160,1882,1058,0.379904
49,"Classic optimized",0,132,3840,2160,1882,1058,0.378112
49,"Classic optimized",0,133,3840,2160,1882,1058,0.378112
49,"Classic optimized",0,134,3840,2160,1882,1058,0.3776
49,"Classic optimized",0,135,3840,2160,1882,1058,0.378496
49,"Classic optimized",0,136,3840,2160,1882,1058,0.37824
49,"Classic optimized",0,137,3840,2160,1882,1058,0.377856
49,"Classic optimized",0,138,3840,2160,1882,1058,0.38016
49,"Classic optimized",0,139,3840,2160,1882,1058,0.379776
49,"Classic optimized",0,140,3840,2160,1882,1058,0.379776
49,"Classic optimized",0,141,3840,2160,1882,1058,0.38016
49,"Classic optimized",0,142,3840,2160,1882,1058,0.37952
49,"Classic optimized",0,143,3840,2160,1882,1058,0.380032
49,"Classic optimized",0,144,3840,2160,1882,1058,0.381696
49,"Classic optimized",0,145,3840,2160,1882,1058,0.38144
49,"Classic optimized",0,146,3840,2160,1882,1058,0.38208
49,"Classic optimized",0,147,3840,2160,1882,1058,0.381824
49,"Classic optimized",0,148,3840,2160,1882,1058,0.38144
49,"Classic optimized",0,149,3840,2160,1882,1058,0.382208
49,"Classic optimized",0,150,3840,2160,1882,1058,0.381568
49,"Classic optimized",0,151,3840,2160,1882,1058,0.380032
49,"Classic optimized",0,152,3840,2160,1882,1058,0.380544
49,"Classic optimized",0,153,3840,2160,1882,1058,0.37952
49,"Classic optimized",0,154,3840,2160,1882,1058,0.380416
49,"Classic optimized",0,155,3840,2160,1882,1058,0.380288
49,"Classic optimized",0,156,3840,2160,1882,1058,0.37952
49,"Classic optimized",0,157,3840,2160,1882,1058,0.380288
49,"Classic optimized",0,158,3840,2160,1882,1058,0.380032
49,"Classic optimized",0,159,3840,2160,1882,1058,0.379648
49,"Fused optimized P50/general",1,0,3840,2160,1882,1058,0.658944
49,"Fused optimized P50/general",1,1,3840,2160,1882,1058,0.658816
49,"Fused optimized P50/general",1,2,3840,2160,1882,1058,0.651392
49,"Fused optimized P50/general",1,3,3840,2160,1882,1058,0.63808
49,"Fused optimized P50/general",1,4,3840,2160,1882,1058,0.638848
49,"Fused optimized P50/general",1,5,3840,2160,1882,1058,0.638976
49,"Fused optimized P50/general",1,6,3840,2160,1882,1058,0.646144
49,"Fused optimized P50/general",1,7,3840,2160,1882,1058,0.658432
49,"Fused optimized P50/general",1,8,3840,2160,1882,1058,0.658688
49,"Fused optimized P50/general",1,9,3840,2160,1882,1058,0.658816
49,"Fused optimized P50/general",1,10,3840,2160,1882,1058,0.65856
49,"Fused optimized P50/general",1,11,3840,2160,1882,1058,0.659072
49,"Fused optimized P50/general",1,12,3840,2160,1882,1058,0.658816
49,"Fused optimized P50/general",1,13,3840,2160,1882,1058,0.658432
49,"Fused optimized P50/general",1,14,3840,2160,1882,1058,0.658816
49,"Fused optimized P50/general",1,15,3840,2160,1882,1058,0.658816
49,"Fused optimized P50/general",1,16,3840,2160,1882,1058,0.659328
49,"Fused optimized P50/general",1,17,3840,2160,1882,1058,0.657152
49,"Fused optimized P50/general",1,18,3840,2160,1882,1058,0.650112
49,"Fused optimized P50/general",1,19,3840,2160,1882,1058,0.650624
49,"Fused optimized P50/general",1,20,3840,2160,1882,1058,0.65024
49,"Fused optimized P50/general",1,21,3840,2160,1882,1058,0.65024
49,"Fused optimized P50/general",1,22,3840,2160,1882,1058,0.650368
49,"Fused optimized P50/general",1,23,3840,2160,1882,1058,0.650112
49,"Fused optimized P50/general",1,24,3840,2160,1882,1058,0.651648
49,"Fused optimized P50/general",1,25,3840,2160,1882,1058,0.648064
49,"Fused optimized P50/general",1,26,3840,2160,1882,1058,0.646528
49,"Fused optimized P50/general",1,27,3840,2160,1882,1058,0.646528
49,"Fused optimized P50/general",1,28,3840,2160,1882,1058,0.646144
49,"Fused optimized P50/general",1,29,3840,2160,1882,1058,0.643712
49,"Fused optimized P50/general",1,30,3840,2160,1882,1058,0.642304
49,"Fused optimized P50/general",1,31,3840,2160,1882,1058,0.642944
49,"Fused optimized P50/general",1,32,3840,2160,1882,1058,0.643456
49,"Fused optimized P50/general",1,33,3840,2160,1882,1058,0.642688
49,"Fused optimized P50/general",1,34,3840,2160,1882,1058,0.643072
49,"Fused optimized P50/general",1,35,3840,2160,1882,1058,0.643072
49,"Fused optimized P50/general",1,36,3840,2160,1882,1058,0.642304
49,"Fused optimized P50/general",1,37,3840,2160,1882,1058,0.634368
49,"Fused optimized P50/general",1,38,3840,2160,1882,1058,0.633984
49,"Fused optimized P50/general",1,39,3840,2160,1882,1058,0.635008
49,"Fused optimized P50/general",1,40,3840,2160,1882,1058,0.635008
49,"Fused optimized P50/general",1,41,3840,2160,1882,1058,0.63616
49,"Fused optimized P50/general",1,42,3840,2160,1882,1058,0.646784
49,"Fused optimized P50/general",1,43,3840,2160,1882,1058,0.64576
49,"Fused optimized P50/general",1,44,3840,2160,1882,1058,0.646144
49,"Fused optimized P50/general",1,45,3840,2160,1882,1058,0.63936
49,"Fused optimized P50/general",1,46,3840,2160,1882,1058,0.638848
49,"Fused optimized P50/general",1,47,3840,2160,1882,1058,0.638208
49,"Fused optimized P50/general",1,48,3840,2160,1882,1058,0.637824
49,"Fused optimized P50/general",1,49,3840,2160,1882,1058,0.634624
49,"Fused optimized P50/general",1,50,3840,2160,1882,1058,0.634624
49,"Fused optimized P50/general",1,51,3840,2160,1882,1058,0.635776
49,"Fused optimized P50/general",1,52,3840,2160,1882,1058,0.632064
49,"Fused optimized P50/general",1,53,3840,2160,1882,1058,0.623488
49,"Fused optimized P50/general",1,54,3840,2160,1882,1058,0.623744
49,"Fused optimized P50/general",1,55,3840,2160,1882,1058,0.623872
49,"Fused optimized P50/general",1,56,3840,2160,1882,1058,0.625408
49,"Fused optimized P50/general",1,57,3840,2160,1882,1058,0.627456
49,"Fused optimized P50/general",1,58,3840,2160,1882,1058,0.627584
49,"Fused optimized P50/general",1,59,3840,2160,1882,1058,0.627456
49,"Fused optimized P50/general",1,60,3840,2160,1882,1058,0.628992
49,"Fused optimized P50/general",1,61,3840,2160,1882,1058,0.631424
49,"Fused optimized P50/general",1,62,3840,2160,1882,1058,0.631168
49,"Fused optimized P50/general",1,63,3840,2160,1882,1058,0.631168
49,"Fused optimized P50/general",1,64,3840,2160,1882,1058,0.632832
49,"Fused optimized P50/general",1,65,3840,2160,1882,1058,0.630912
49,"Fused optimized P50/general",1,66,3840,2160,1882,1058,0.630784
49,"Fused optimized P50/general",1,67,3840,2160,1882,1058,0.631296
49,"Fused optimized P50/general",1,68,3840,2160,1882,1058,0.625408
49,"Fused optimized P50/general",1,69,3840,2160,1882,1058,0.623488
49,"Fused optimized P50/general",1,70,3840,2160,1882,1058,0.623488
49,"Fused optimized P50/general",1,71,3840,2160,1882,1058,0.623744
49,"Fused optimized P50/general",1,72,3840,2160,1882,1058,0.625664
49,"Fused optimized P50/general",1,73,3840,2160,1882,1058,0.657408
49,"Fused optimized P50/general",1,74,3840,2160,1882,1058,0.627456
49,"Fused optimized P50/general",1,75,3840,2160,1882,1058,0.627712
49,"Fused optimized P50/general",1,76,3840,2160,1882,1058,0.626816
49,"Fused optimized P50/general",1,77,3840,2160,1882,1058,0.626304
49,"Fused optimized P50/general",1,78,3840,2160,1882,1058,0.626688
49,"Fused optimized P50/general",1,79,3840,2160,1882,1058,0.626304
49,"Fused optimized P50/general",1,80,3840,2160,1882,1058,0.628224
49,"Fused optimized P50/general",1,81,3840,2160,1882,1058,0.62656
49,"Fused optimized P50/general",1,82,3840,2160,1882,1058,0.626304
49,"Fused optimized P50/general",1,83,3840,2160,1882,1058,0.625664
49,"Fused optimized P50/general",1,84,3840,2160,1882,1058,0.619392
49,"Fused optimized P50/general",1,85,3840,2160,1882,1058,0.619392
49,"Fused optimized P50/general",1,86,3840,2160,1882,1058,0.619264
49,"Fused optimized P50/general",1,87,3840,2160,1882,1058,0.620416
49,"Fused optimized P50/general",1,88,3840,2160,1882,1058,0.630528
49,"Fused optimized P50/general",1,89,3840,2160,1882,1058,0.631168
49,"Fused optimized P50/general",1,90,3840,2160,1882,1058,0.6304
49,"Fused optimized P50/general",1,91,3840,2160,1882,1058,0.630656
49,"Fused optimized P50/general",1,92,3840,2160,1882,1058,0.630144
49,"Fused optimized P50/general",1,93,3840,2160,1882,1058,0.63104
49,"Fused optimized P50/general",1,94,3840,2160,1882,1058,0.630656
49,"Fused optimized P50/general",1,95,3840,2160,1882,1058,0.631936
49,"Fused optimized P50/general",1,96,3840,2160,1882,1058,0.63936
49,"Fused optimized P50/general",1,97,3840,2160,1882,1058,0.63872
49,"Fused optimized P50/general",1,98,3840,2160,1882,1058,0.638464
49,"Fused optimized P50/general",1,99,3840,2160,1882,1058,0.635136
49,"Fused optimized P50/general",1,100,3840,2160,1882,1058,0.630528
49,"Fused optimized P50/general",1,101,3840,2160,1882,1058,0.630784
49,"Fused optimized P50/general",1,102,3840,2160,1882,1058,0.630656
49,"Fused optimized P50/general",1,103,3840,2160,1882,1058,0.635008
49,"Fused optimized P50/general",1,104,3840,2160,1882,1058,0.638208
49,"Fused optimized P50/general",1,105,3840,2160,1882,1058,0.63872
49,"Fused optimized P50/general",1,106,3840,2160,1882,1058,0.638336
49,"Fused optimized P50/general",1,107,3840,2160,1882,1058,0.64192
49,"Fused optimized P50/general",1,108,3840,2160,1882,1058,0.643456
49,"Fused optimized P50/general",1,109,3840,2160,1882,1058,0.642816
49,"Fused optimized P50/general",1,110,3840,2160,1882,1058,0.6432
49,"Fused optimized P50/general",1,111,3840,2160,1882,1058,0.643328
49,"Fused optimized P50/general",1,112,3840,2160,1882,1058,0.643584
49,"Fused optimized P50/general",1,113,3840,2160,1882,1058,0.642688
49,"Fused optimized P50/general",1,114,3840,2160,1882,1058,0.643072
49,"Fused optimized P50/general",1,115,3840,2160,1882,1058,0.642816
49,"Fused optimized P50/general",1,116,3840,2160,1882,1058,0.642944
49,"Fused optimized P50/general",1,117,3840,2160,1882,1058,0.642944
49,"Fused optimized P50/general",1,118,3840,2160,1882,1058,0.642816
49,"Fused optimized P50/general",1,119,3840,2160,1882,1058,0.650496
49,"Fused optimized P50/general",1,120,3840,2160,1882,1058,0.65024
49,"Fused optimized P50/general",1,121,3840,2160,1882,1058,0.65024
49,"Fused optimized P50/general",1,122,3840,2160,1882,1058,0.651264
49,"Fused optimized P50/general",1,123,3840,2160,1882,1058,0.650368
49,"Fused optimized P50/general",1,124,3840,2160,1882,1058,0.650624
49,"Fused optimized P50/general",1,125,3840,2160,1882,1058,0.65088
49,"Fused optimized P50/general",1,126,3840,2160,1882,1058,0.65216
49,"Fused optimized P50/general",1,127,3840,2160,1882,1058,0.655104
49,"Fused optimized P50/general",1,128,3840,2160,1882,1058,0.656256
49,"Fused optimized P50/general",1,129,3840,2160,1882,1058,0.654336
49,"Fused optimized P50/general",1,130,3840,2160,1882,1058,0.6528
49,"Fused optimized P50/general",1,131,3840,2160,1882,1058,0.65088
49,"Fused optimized P50/general",1,132,3840,2160,1882,1058,0.650624
49,"Fused optimized P50/general",1,133,3840,2160,1882,1058,0.650496
49,"Fused optimized P50/general",1,134,3840,2160,1882,1058,0.650496
49,"Fused optimized P50/general",1,135,3840,2160,1882,1058,0.650496
49,"Fused optimized P50/general",1,136,3840,2160,1882,1058,0.650752
49,"Fused optimized P50/general",1,137,3840,2160,1882,1058,0.650496
49,"Fused optimized P50/general",1,138,3840,2160,1882,1058,0.651264
49,"Fused optimized P50/general",1,139,3840,2160,1882,1058,0.650368
49,"Fused optimized P50/general",1,140,3840,2160,1882,1058,0.651008
49,"Fused optimized P50/general",1,141,3840,2160,1882,1058,0.651392
49,"Fused optimized P50/general",1,142,3840,2160,1882,1058,0.654848
49,"Fused optimized P50/general",1,143,3840,2160,1882,1058,0.654464
49,"Fused optimized P50/general",1,144,3840,2160,1882,1058,0.656384
49,"Fused optimized P50/general",1,145,3840,2160,1882,1058,0.652544
49,"Fused optimized P50/general",1,146,3840,2160,1882,1058,0.650368
49,"Fused optimized P50/general",1,147,3840,2160,1882,1058,0.650752
49,"Fused optimized P50/general",1,148,3840,2160,1882,1058,0.650496
49,"Fused optimized P50/general",1,149,3840,2160,1882,1058,0.651136
49,"Fused optimized P50/general",1,150,3840,2160,1882,1058,0.650496
49,"Fused optimized P50/general",1,151,3840,2160,1882,1058,0.65088
49,"Fused optimized P50/general",1,152,3840,2160,1882,1058,0.650112
49,"Fused optimized P50/general",1,153,3840,2160,1882,1058,0.652032
49,"Fused optimized P50/general",1,154,3840,2160,1882,1058,0.654336
49,"Fused optimized P50/general",1,155,3840,2160,1882,1058,0.65472
49,"Fused optimized P50/general",1,156,3840,2160,1882,1058,0.65472
49,"Fused optimized P50/general",1,157,3840,2160,1882,1058,0.654976
49,"Fused optimized P50/general",1,158,3840,2160,1882,1058,0.655488
49,"Fused optimized P50/general",1,159,3840,2160,1882,1058,0.654848
49,"Fused RGB20",2,0,3840,2160,1882,1058,0.350336
49,"Fused RGB20",2,1,3840,2160,1882,1058,0.34944
49,"Fused RGB20",2,2,3840,2160,1882,1058,0.344704
49,"Fused RGB20",2,3,3840,2160,1882,1058,0.330112
49,"Fused RGB20",2,4,3840,2160,1882,1058,0.330496
49,"Fused RGB20",2,5,3840,2160,1882,1058,0.330496
49,"Fused RGB20",2,6,3840,2160,1882,1058,0.329984
49,"Fused RGB20",2,7,3840,2160,1882,1058,0.329984
49,"Fused RGB20",2,8,3840,2160,1882,1058,0.33024
49,"Fused RGB20",2,9,3840,2160,1882,1058,0.33024
49,"Fused RGB20",2,10,3840,2160,1882,1058,0.336128
49,"Fused RGB20",2,11,3840,2160,1882,1058,0.347136
49,"Fused RGB20",2,12,3840,2160,1882,1058,0.347264
49,"Fused RGB20",2,13,3840,2160,1882,1058,0.346752
49,"Fused RGB20",2,14,3840,2160,1882,1058,0.34688
49,"Fused RGB20",2,15,3840,2160,1882,1058,0.34688
49,"Fused RGB20",2,16,3840,2160,1882,1058,0.347776
49,"Fused RGB20",2,17,3840,2160,1882,1058,0.348032
49,"Fused RGB20",2,18,3840,2160,1882,1058,0.349312
49,"Fused RGB20",2,19,3840,2160,1882,1058,0.349184
49,"Fused RGB20",2,20,3840,2160,1882,1058,0.349184
49,"Fused RGB20",2,21,3840,2160,1882,1058,0.349056
49,"Fused RGB20",2,22,3840,2160,1882,1058,0.34944
49,"Fused RGB20",2,23,3840,2160,1882,1058,0.349312
49,"Fused RGB20",2,24,3840,2160,1882,1058,0.342912
49,"Fused RGB20",2,25,3840,2160,1882,1058,0.337024
49,"Fused RGB20",2,26,3840,2160,1882,1058,0.337152
49,"Fused RGB20",2,27,3840,2160,1882,1058,0.336896
49,"Fused RGB20",2,28,3840,2160,1882,1058,0.337152
49,"Fused RGB20",2,29,3840,2160,1882,1058,0.337152
49,"Fused RGB20",2,30,3840,2160,1882,1058,0.337152
49,"Fused RGB20",2,31,3840,2160,1882,1058,0.337408
49,"Fused RGB20",2,32,3840,2160,1882,1058,0.338176
49,"Fused RGB20",2,33,3840,2160,1882,1058,0.336768
49,"Fused RGB20",2,34,3840,2160,1882,1058,0.336896
49,"Fused RGB20",2,35,3840,2160,1882,1058,0.336768
49,"Fused RGB20",2,36,3840,2160,1882,1058,0.336768
49,"Fused RGB20",2,37,3840,2160,1882,1058,0.337024
49,"Fused RGB20",2,38,3840,2160,1882,1058,0.337024
49,"Fused RGB20",2,39,3840,2160,1882,1058,0.33536
49,"Fused RGB20",2,40,3840,2160,1882,1058,0.33472
49,"Fused RGB20",2,41,3840,2160,1882,1058,0.334848
49,"Fused RGB20",2,42,3840,2160,1882,1058,0.334592
49,"Fused RGB20",2,43,3840,2160,1882,1058,0.33472
49,"Fused RGB20",2,44,3840,2160,1882,1058,0.33472
49,"Fused RGB20",2,45,3840,2160,1882,1058,0.334592
49,"Fused RGB20",2,46,3840,2160,1882,1058,0.334464
49,"Fused RGB20",2,47,3840,2160,1882,1058,0.337024
49,"Fused RGB20",2,48,3840,2160,1882,1058,0.338176
49,"Fused RGB20",2,49,3840,2160,1882,1058,0.337152
49,"Fused RGB20",2,50,3840,2160,1882,1058,0.337152
49,"Fused RGB20",2,51,3840,2160,1882,1058,0.337408
49,"Fused RGB20",2,52,3840,2160,1882,1058,0.33728
49,"Fused RGB20",2,53,3840,2160,1882,1058,0.33728
49,"Fused RGB20",2,54,3840,2160,1882,1058,0.332672
49,"Fused RGB20",2,55,3840,2160,1882,1058,0.332544
49,"Fused RGB20",2,56,3840,2160,1882,1058,0.332672
49,"Fused RGB20",2,57,3840,2160,1882,1058,0.332544
49,"Fused RGB20",2,58,3840,2160,1882,1058,0.332544
49,"Fused RGB20",2,59,3840,2160,1882,1058,0.332416
49,"Fused RGB20",2,60,3840,2160,1882,1058,0.33216
49,"Fused RGB20",2,61,3840,2160,1882,1058,0.332288
49,"Fused RGB20",2,62,3840,2160,1882,1058,0.332672
49,"Fused RGB20",2,63,3840,2160,1882,1058,0.332288
49,"Fused RGB20",2,64,3840,2160,1882,1058,0.33344
49,"Fused RGB20",2,65,3840,2160,1882,1058,0.332288
49,"Fused RGB20",2,66,3840,2160,1882,1058,0.332544
49,"Fused RGB20",2,67,3840,2160,1882,1058,0.332288
49,"Fused RGB20",2,68,3840,2160,1882,1058,0.332416
49,"Fused RGB20",2,69,3840,2160,1882,1058,0.329728
49,"Fused RGB20",2,70,3840,2160,1882,1058,0.327936
49,"Fused RGB20",2,71,3840,2160,1882,1058,0.327808
49,"Fused RGB20",2,72,3840,2160,1882,1058,0.328064
49,"Fused RGB20",2,73,3840,2160,1882,1058,0.327936
49,"Fused RGB20",2,74,3840,2160,1882,1058,0.327808
49,"Fused RGB20",2,75,3840,2160,1882,1058,0.328064
49,"Fused RGB20",2,76,3840,2160,1882,1058,0.32896
49,"Fused RGB20",2,77,3840,2160,1882,1058,0.329984
49,"Fused RGB20",2,78,3840,2160,1882,1058,0.330112
49,"Fused RGB20",2,79,3840,2160,1882,1058,0.33024
49,"Fused RGB20",2,80,3840,2160,1882,1058,0.331392
49,"Fused RGB20",2,81,3840,2160,1882,1058,0.329856
49,"Fused RGB20",2,82,3840,2160,1882,1058,0.330112
49,"Fused RGB20",2,83,3840,2160,1882,1058,0.328192
49,"Fused RGB20",2,84,3840,2160,1882,1058,0.321152
49,"Fused RGB20",2,85,3840,2160,1882,1058,0.321408
49,"Fused RGB20",2,86,3840,2160,1882,1058,0.32128
49,"Fused RGB20",2,87,3840,2160,1882,1058,0.321664
49,"Fused RGB20",2,88,3840,2160,1882,1058,0.321664
49,"Fused RGB20",2,89,3840,2160,1882,1058,0.32128
49,"Fused RGB20",2,90,3840,2160,1882,1058,0.321408
49,"Fused RGB20",2,91,3840,2160,1882,1058,0.322304
49,"Fused RGB20",2,92,3840,2160,1882,1058,0.323328
49,"Fused RGB20",2,93,3840,2160,1882,1058,0.323328
49,"Fused RGB20",2,94,3840,2160,1882,1058,0.323712
49,"Fused RGB20",2,95,3840,2160,1882,1058,0.323456
49,"Fused RGB20",2,96,3840,2160,1882,1058,0.32448
49,"Fused RGB20",2,97,3840,2160,1882,1058,0.323456
49,"Fused RGB20",2,98,3840,2160,1882,1058,0.32256
49,"Fused RGB20",2,99,3840,2160,1882,1058,0.319104
49,"Fused RGB20",2,100,3840,2160,1882,1058,0.319232
49,"Fused RGB20",2,101,3840,2160,1882,1058,0.318976
49,"Fused RGB20",2,102,3840,2160,1882,1058,0.319232
49,"Fused RGB20",2,103,3840,2160,1882,1058,0.319104
49,"Fused RGB20",2,104,3840,2160,1882,1058,0.319104
49,"Fused RGB20",2,105,3840,2160,1882,1058,0.319232
49,"Fused RGB20",2,106,3840,2160,1882,1058,0.319616
49,"Fused RGB20",2,107,3840,2160,1882,1058,0.32576
49,"Fused RGB20",2,108,3840,2160,1882,1058,0.325504
49,"Fused RGB20",2,109,3840,2160,1882,1058,0.326016
49,"Fused RGB20",2,110,3840,2160,1882,1058,0.325504
49,"Fused RGB20",2,111,3840,2160,1882,1058,0.325504
49,"Fused RGB20",2,112,3840,2160,1882,1058,0.32704
49,"Fused RGB20",2,113,3840,2160,1882,1058,0.325504
49,"Fused RGB20",2,114,3840,2160,1882,1058,0.328064
49,"Fused RGB20",2,115,3840,2160,1882,1058,0.327936
49,"Fused RGB20",2,116,3840,2160,1882,1058,0.327808
49,"Fused RGB20",2,117,3840,2160,1882,1058,0.328064
49,"Fused RGB20",2,118,3840,2160,1882,1058,0.327936
49,"Fused RGB20",2,119,3840,2160,1882,1058,0.328192
49,"Fused RGB20",2,120,3840,2160,1882,1058,0.32832
49,"Fused RGB20",2,121,3840,2160,1882,1058,0.328064
49,"Fused RGB20",2,122,3840,2160,1882,1058,0.328192
49,"Fused RGB20",2,123,3840,2160,1882,1058,0.3264
49,"Fused RGB20",2,124,3840,2160,1882,1058,0.326016
49,"Fused RGB20",2,125,3840,2160,1882,1058,0.325888
49,"Fused RGB20",2,126,3840,2160,1882,1058,0.3264
49,"Fused RGB20",2,127,3840,2160,1882,1058,0.3264
49,"Fused RGB20",2,128,3840,2160,1882,1058,0.328832
49,"Fused RGB20",2,129,3840,2160,1882,1058,0.326144
49,"Fused RGB20",2,130,3840,2160,1882,1058,0.327168
49,"Fused RGB20",2,131,3840,2160,1882,1058,0.3264
49,"Fused RGB20",2,132,3840,2160,1882,1058,0.326144
49,"Fused RGB20",2,133,3840,2160,1882,1058,0.326784
49,"Fused RGB20",2,134,3840,2160,1882,1058,0.326016
49,"Fused RGB20",2,135,3840,2160,1882,1058,0.3264
49,"Fused RGB20",2,136,3840,2160,1882,1058,0.325376
49,"Fused RGB20",2,137,3840,2160,1882,1058,0.324096
49,"Fused RGB20",2,138,3840,2160,1882,1058,0.32448
49,"Fused RGB20",2,139,3840,2160,1882,1058,0.324992
49,"Fused RGB20",2,140,3840,2160,1882,1058,0.324352
49,"Fused RGB20",2,141,3840,2160,1882,1058,0.324608
49,"Fused RGB20",2,142,3840,2160,1882,1058,0.324608
49,"Fused RGB20",2,143,3840,2160,1882,1058,0.324608
49,"Fused RGB20",2,144,3840,2160,1882,1058,0.328704
49,"Fused RGB20",2,145,3840,2160,1882,1058,0.327936
49,"Fused RGB20",2,146,3840,2160,1882,1058,0.32832
49,"Fused RGB20",2,147,3840,2160,1882,1058,0.32768
49,"Fused RGB20",2,148,3840,2160,1882,1058,0.329088
49,"Fused RGB20",2,149,3840,2160,1882,1058,0.328576
49,"Fused RGB20",2,150,3840,2160,1882,1058,0.328704
49,"Fused RGB20",2,151,3840,2160,1882,1058,0.3264
49,"Fused RGB20",2,152,3840,2160,1882,1058,0.323328
49,"Fused RGB20",2,153,3840,2160,1882,1058,0.32384
49,"Fused RGB20",2,154,3840,2160,1882,1058,0.323968
49,"Fused RGB20",2,155,3840,2160,1882,1058,0.323328
49,"Fused RGB20",2,156,3840,2160,1882,1058,0.32384
49,"Fused RGB20",2,157,3840,2160,1882,1058,0.32384
49,"Fused RGB20",2,158,3840,2160,1882,1058,0.323584
49,"Fused RGB20",2,159,3840,2160,1882,1058,0.323584
49,"Fused RGB20",3,0,3840,2160,1882,1058,0.327808
49,"Fused RGB20",3,1,3840,2160,1882,1058,0.325632
49,"Fused RGB20",3,2,3840,2160,1882,1058,0.325888
49,"Fused RGB20",3,3,3840,2160,1882,1058,0.32576
49,"Fused RGB20",3,4,3840,2160,1882,1058,0.322304
49,"Fused RGB20",3,5,3840,2160,1882,1058,0.31936
49,"Fused RGB20",3,6,3840,2160,1882,1058,0.319104
49,"Fused RGB20",3,7,3840,2160,1882,1058,0.319232
49,"Fused RGB20",3,8,3840,2160,1882,1058,0.319232
49,"Fused RGB20",3,9,3840,2160,1882,1058,0.31936
49,"Fused RGB20",3,10,3840,2160,1882,1058,0.319616
49,"Fused RGB20",3,11,3840,2160,1882,1058,0.32
49,"Fused RGB20",3,12,3840,2160,1882,1058,0.344064
49,"Fused RGB20",3,13,3840,2160,1882,1058,0.34432
49,"Fused RGB20",3,14,3840,2160,1882,1058,0.344576
49,"Fused RGB20",3,15,3840,2160,1882,1058,0.344192
49,"Fused RGB20",3,16,3840,2160,1882,1058,0.345984
49,"Fused RGB20",3,17,3840,2160,1882,1058,0.344448
49,"Fused RGB20",3,18,3840,2160,1882,1058,0.344192
49,"Fused RGB20",3,19,3840,2160,1882,1058,0.336
49,"Fused RGB20",3,20,3840,2160,1882,1058,0.33472
49,"Fused RGB20",3,21,3840,2160,1882,1058,0.33472
49,"Fused RGB20",3,22,3840,2160,1882,1058,0.334848
49,"Fused RGB20",3,23,3840,2160,1882,1058,0.334976
49,"Fused RGB20",3,24,3840,2160,1882,1058,0.33472
49,"Fused RGB20",3,25,3840,2160,1882,1058,0.33472
49,"Fused RGB20",3,26,3840,2160,1882,1058,0.338816
49,"Fused RGB20",3,27,3840,2160,1882,1058,0.34176
49,"Fused RGB20",3,28,3840,2160,1882,1058,0.342144
49,"Fused RGB20",3,29,3840,2160,1882,1058,0.34176
49,"Fused RGB20",3,30,3840,2160,1882,1058,0.341632
49,"Fused RGB20",3,31,3840,2160,1882,1058,0.34176
49,"Fused RGB20",3,32,3840,2160,1882,1058,0.343296
49,"Fused RGB20",3,33,3840,2160,1882,1058,0.341888
49,"Fused RGB20",3,34,3840,2160,1882,1058,0.342272
49,"Fused RGB20",3,35,3840,2160,1882,1058,0.342144
49,"Fused RGB20",3,36,3840,2160,1882,1058,0.341632
49,"Fused RGB20",3,37,3840,2160,1882,1058,0.342144
49,"Fused RGB20",3,38,3840,2160,1882,1058,0.34176
49,"Fused RGB20",3,39,3840,2160,1882,1058,0.341888
49,"Fused RGB20",3,40,3840,2160,1882,1058,0.34112
49,"Fused RGB20",3,41,3840,2160,1882,1058,0.332672
49,"Fused RGB20",3,42,3840,2160,1882,1058,0.332416
49,"Fused RGB20",3,43,3840,2160,1882,1058,0.332544
49,"Fused RGB20",3,44,3840,2160,1882,1058,0.332288
49,"Fused RGB20",3,45,3840,2160,1882,1058,0.332288
49,"Fused RGB20",3,46,3840,2160,1882,1058,0.3328
49,"Fused RGB20",3,47,3840,2160,1882,1058,0.332416
49,"Fused RGB20",3,48,3840,2160,1882,1058,0.3552
49,"Fused RGB20",3,49,3840,2160,1882,1058,0.35584
49,"Fused RGB20",3,50,3840,2160,1882,1058,0.354304
49,"Fused RGB20",3,51,3840,2160,1882,1058,0.35456
49,"Fused RGB20",3,52,3840,2160,1882,1058,0.354304
49,"Fused RGB20",3,53,3840,2160,1882,1058,0.35456
49,"Fused RGB20",3,54,3840,2160,1882,1058,0.34944
49,"Fused RGB20",3,55,3840,2160,1882,1058,0.337152
49,"Fused RGB20",3,56,3840,2160,1882,1058,0.33728
49,"Fused RGB20",3,57,3840,2160,1882,1058,0.337152
49,"Fused RGB20",3,58,3840,2160,1882,1058,0.337024
49,"Fused RGB20",3,59,3840,2160,1882,1058,0.336896
49,"Fused RGB20",3,60,3840,2160,1882,1058,0.33664
49,"Fused RGB20",3,61,3840,2160,1882,1058,0.336768
49,"Fused RGB20",3,62,3840,2160,1882,1058,0.33728
49,"Fused RGB20",3,63,3840,2160,1882,1058,0.343296
49,"Fused RGB20",3,64,3840,2160,1882,1058,0.348928
49,"Fused RGB20",3,65,3840,2160,1882,1058,0.347264
49,"Fused RGB20",3,66,3840,2160,1882,1058,0.34688
49,"Fused RGB20",3,67,3840,2160,1882,1058,0.34688
49,"Fused RGB20",3,68,3840,2160,1882,1058,0.346752
49,"Fused RGB20",3,69,3840,2160,1882,1058,0.344576
49,"Fused RGB20",3,70,3840,2160,1882,1058,0.34432
49,"Fused RGB20",3,71,3840,2160,1882,1058,0.344832
49,"Fused RGB20",3,72,3840,2160,1882,1058,0.344064
49,"Fused RGB20",3,73,3840,2160,1882,1058,0.344192
49,"Fused RGB20",3,74,3840,2160,1882,1058,0.344448
49,"Fused RGB20",3,75,3840,2160,1882,1058,0.344192
49,"Fused RGB20",3,76,3840,2160,1882,1058,0.346496
49,"Fused RGB20",3,77,3840,2160,1882,1058,0.349056
49,"Fused RGB20",3,78,3840,2160,1882,1058,0.349312
49,"Fused RGB20",3,79,3840,2160,1882,1058,0.349568
49,"Fused RGB20",3,80,3840,2160,1882,1058,0.350848
49,"Fused RGB20",3,81,3840,2160,1882,1058,0.349568
49,"Fused RGB20",3,82,3840,2160,1882,1058,0.349696
49,"Fused RGB20",3,83,3840,2160,1882,1058,0.336384
49,"Fused RGB20",3,84,3840,2160,1882,1058,0.334848
49,"Fused RGB20",3,85,3840,2160,1882,1058,0.334848
49,"Fused RGB20",3,86,3840,2160,1882,1058,0.33472
49,"Fused RGB20",3,87,3840,2160,1882,1058,0.334848
49,"Fused RGB20",3,88,3840,2160,1882,1058,0.33472
49,"Fused RGB20",3,89,3840,2160,1882,1058,0.33472
49,"Fused RGB20",3,90,3840,2160,1882,1058,0.337792
49,"Fused RGB20",3,91,3840,2160,1882,1058,0.346752
49,"Fused RGB20",3,92,3840,2160,1882,1058,0.34688
49,"Fused RGB20",3,93,3840,2160,1882,1058,0.346752
49,"Fused RGB20",3,94,3840,2160,1882,1058,0.34688
49,"Fused RGB20",3,95,3840,2160,1882,1058,0.346752
49,"Fused RGB20",3,96,3840,2160,1882,1058,0.3488
49,"Fused RGB20",3,97,3840,2160,1882,1058,0.34688
49,"Fused RGB20",3,98,3840,2160,1882,1058,0.346752
49,"Fused RGB20",3,99,3840,2160,1882,1058,0.347008
49,"Fused RGB20",3,100,3840,2160,1882,1058,0.34688
49,"Fused RGB20",3,101,3840,2160,1882,1058,0.347008
49,"Fused RGB20",3,102,3840,2160,1882,1058,0.346752
49,"Fused RGB20",3,103,3840,2160,1882,1058,0.347008
49,"Fused RGB20",3,104,3840,2160,1882,1058,0.34496
49,"Fused RGB20",3,105,3840,2160,1882,1058,0.339584
49,"Fused RGB20",3,106,3840,2160,1882,1058,0.339456
49,"Fused RGB20",3,107,3840,2160,1882,1058,0.339584
49,"Fused RGB20",3,108,3840,2160,1882,1058,0.3392
49,"Fused RGB20",3,109,3840,2160,1882,1058,0.339456
49,"Fused RGB20",3,110,3840,2160,1882,1058,0.339328
49,"Fused RGB20",3,111,3840,2160,1882,1058,0.339584
49,"Fused RGB20",3,112,3840,2160,1882,1058,0.34112
49,"Fused RGB20",3,113,3840,2160,1882,1058,0.339456
49,"Fused RGB20",3,114,3840,2160,1882,1058,0.339456
49,"Fused RGB20",3,115,3840,2160,1882,1058,0.339456
49,"Fused RGB20",3,116,3840,2160,1882,1058,0.339584
49,"Fused RGB20",3,117,3840,2160,1882,1058,0.339328
49,"Fused RGB20",3,118,3840,2160,1882,1058,0.338304
49,"Fused RGB20",3,119,3840,2160,1882,1058,0.33024
49,"Fused RGB20",3,120,3840,2160,1882,1058,0.329984
49,"Fused RGB20",3,121,3840,2160,1882,1058,0.33024
49,"Fused RGB20",3,122,3840,2160,1882,1058,0.329984
49,"Fused RGB20",3,123,3840,2160,1882,1058,0.329984
49,"Fused RGB20",3,124,3840,2160,1882,1058,0.330112
49,"Fused RGB20",3,125,3840,2160,1882,1058,0.329856
49,"Fused RGB20",3,126,3840,2160,1882,1058,0.33344
49,"Fused RGB20",3,127,3840,2160,1882,1058,0.344192
49,"Fused RGB20",3,128,3840,2160,1882,1058,0.345856
49,"Fused RGB20",3,129,3840,2160,1882,1058,0.344576
49,"Fused RGB20",3,130,3840,2160,1882,1058,0.34432
49,"Fused RGB20",3,131,3840,2160,1882,1058,0.344448
49,"Fused RGB20",3,132,3840,2160,1882,1058,0.34432
49,"Fused RGB20",3,133,3840,2160,1882,1058,0.33664
49,"Fused RGB20",3,134,3840,2160,1882,1058,0.332416
49,"Fused RGB20",3,135,3840,2160,1882,1058,0.332416
49,"Fused RGB20",3,136,3840,2160,1882,1058,0.332672
49,"Fused RGB20",3,137,3840,2160,1882,1058,0.332544
49,"Fused RGB20",3,138,3840,2160,1882,1058,0.33216
49,"Fused RGB20",3,139,3840,2160,1882,1058,0.332032
49,"Fused RGB20",3,140,3840,2160,1882,1058,0.332416
49,"Fused RGB20",3,141,3840,2160,1882,1058,0.332416
49,"Fused RGB20",3,142,3840,2160,1882,1058,0.3328
49,"Fused RGB20",3,143,3840,2160,1882,1058,0.332288
49,"Fused RGB20",3,144,3840,2160,1882,1058,0.33408
49,"Fused RGB20",3,145,3840,2160,1882,1058,0.332416
49,"Fused RGB20",3,146,3840,2160,1882,1058,0.332032
49,"Fused RGB20",3,147,3840,2160,1882,1058,0.331392
49,"Fused RGB20",3,148,3840,2160,1882,1058,0.321664
49,"Fused RGB20",3,149,3840,2160,1882,1058,0.321536
49,"Fused RGB20",3,150,3840,2160,1882,1058,0.321152
49,"Fused RGB20",3,151,3840,2160,1882,1058,0.321536
49,"Fused RGB20",3,152,3840,2160,1882,1058,0.321408
49,"Fused RGB20",3,153,3840,2160,1882,1058,0.321152
49,"Fused RGB20",3,154,3840,2160,1882,1058,0.321536
49,"Fused RGB20",3,155,3840,2160,1882,1058,0.325376
49,"Fused RGB20",3,156,3840,2160,1882,1058,0.33216
49,"Fused RGB20",3,157,3840,2160,1882,1058,0.333056
49,"Fused RGB20",3,158,3840,2160,1882,1058,0.332416
49,"Fused RGB20",3,159,3840,2160,1882,1058,0.33216
49,"Fused optimized P50/general",4,0,3840,2160,1882,1058,0.643968
49,"Fused optimized P50/general",4,1,3840,2160,1882,1058,0.643712
49,"Fused optimized P50/general",4,2,3840,2160,1882,1058,0.642944
49,"Fused optimized P50/general",4,3,3840,2160,1882,1058,0.641152
49,"Fused optimized P50/general",4,4,3840,2160,1882,1058,0.638592
49,"Fused optimized P50/general",4,5,3840,2160,1882,1058,0.638464
49,"Fused optimized P50/general",4,6,3840,2160,1882,1058,0.63872
49,"Fused optimized P50/general",4,7,3840,2160,1882,1058,0.64
49,"Fused optimized P50/general",4,8,3840,2160,1882,1058,0.6432
49,"Fused optimized P50/general",4,9,3840,2160,1882,1058,0.64256
49,"Fused optimized P50/general",4,10,3840,2160,1882,1058,0.6432
49,"Fused optimized P50/general",4,11,3840,2160,1882,1058,0.643072
49,"Fused optimized P50/general",4,12,3840,2160,1882,1058,0.642944
49,"Fused optimized P50/general",4,13,3840,2160,1882,1058,0.643072
49,"Fused optimized P50/general",4,14,3840,2160,1882,1058,0.643456
49,"Fused optimized P50/general",4,15,3840,2160,1882,1058,0.64256
49,"Fused optimized P50/general",4,16,3840,2160,1882,1058,0.644352
49,"Fused optimized P50/general",4,17,3840,2160,1882,1058,0.642688
49,"Fused optimized P50/general",4,18,3840,2160,1882,1058,0.643584
49,"Fused optimized P50/general",4,19,3840,2160,1882,1058,0.6432
49,"Fused optimized P50/general",4,20,3840,2160,1882,1058,0.643328
49,"Fused optimized P50/general",4,21,3840,2160,1882,1058,0.6432
49,"Fused optimized P50/general",4,22,3840,2160,1882,1058,0.642944
49,"Fused optimized P50/general",4,23,3840,2160,1882,1058,0.643072
49,"Fused optimized P50/general",4,24,3840,2160,1882,1058,0.643328
49,"Fused optimized P50/general",4,25,3840,2160,1882,1058,0.6432
49,"Fused optimized P50/general",4,26,3840,2160,1882,1058,0.642944
49,"Fused optimized P50/general",4,27,3840,2160,1882,1058,0.644736
49,"Fused optimized P50/general",4,28,3840,2160,1882,1058,0.646912
49,"Fused optimized P50/general",4,29,3840,2160,1882,1058,0.647296
49,"Fused optimized P50/general",4,30,3840,2160,1882,1058,0.647424
49,"Fused optimized P50/general",4,31,3840,2160,1882,1058,0.65088
49,"Fused optimized P50/general",4,32,3840,2160,1882,1058,0.65152
49,"Fused optimized P50/general",4,33,3840,2160,1882,1058,0.650752
49,"Fused optimized P50/general",4,34,3840,2160,1882,1058,0.644736
49,"Fused optimized P50/general",4,35,3840,2160,1882,1058,0.642688
49,"Fused optimized P50/general",4,36,3840,2160,1882,1058,0.643072
49,"Fused optimized P50/general",4,37,3840,2160,1882,1058,0.642816
49,"Fused optimized P50/general",4,38,3840,2160,1882,1058,0.642432
49,"Fused optimized P50/general",4,39,3840,2160,1882,1058,0.6432
49,"Fused optimized P50/general",4,40,3840,2160,1882,1058,0.643328
49,"Fused optimized P50/general",4,41,3840,2160,1882,1058,0.642432
49,"Fused optimized P50/general",4,42,3840,2160,1882,1058,0.643328
49,"Fused optimized P50/general",4,43,3840,2160,1882,1058,0.643072
49,"Fused optimized P50/general",4,44,3840,2160,1882,1058,0.6432
49,"Fused optimized P50/general",4,45,3840,2160,1882,1058,0.643072
49,"Fused optimized P50/general",4,46,3840,2160,1882,1058,0.644352
49,"Fused optimized P50/general",4,47,3840,2160,1882,1058,0.651264
49,"Fused optimized P50/general",4,48,3840,2160,1882,1058,0.65152
49,"Fused optimized P50/general",4,49,3840,2160,1882,1058,0.65088
49,"Fused optimized P50/general",4,50,3840,2160,1882,1058,0.64768
49,"Fused optimized P50/general",4,51,3840,2160,1882,1058,0.646784
49,"Fused optimized P50/general",4,52,3840,2160,1882,1058,0.646656
49,"Fused optimized P50/general",4,53,3840,2160,1882,1058,0.648704
49,"Fused optimized P50/general",4,54,3840,2160,1882,1058,0.650752
49,"Fused optimized P50/general",4,55,3840,2160,1882,1058,0.65088
49,"Fused optimized P50/general",4,56,3840,2160,1882,1058,0.65088
49,"Fused optimized P50/general",4,57,3840,2160,1882,1058,0.65024
49,"Fused optimized P50/general",4,58,3840,2160,1882,1058,0.651264
49,"Fused optimized P50/general",4,59,3840,2160,1882,1058,0.649984
49,"Fused optimized P50/general",4,60,3840,2160,1882,1058,0.65088
49,"Fused optimized P50/general",4,61,3840,2160,1882,1058,0.650752
49,"Fused optimized P50/general",4,62,3840,2160,1882,1058,0.650752
49,"Fused optimized P50/general",4,63,3840,2160,1882,1058,0.651264
49,"Fused optimized P50/general",4,64,3840,2160,1882,1058,0.652032
49,"Fused optimized P50/general",4,65,3840,2160,1882,1058,0.650368
49,"Fused optimized P50/general",4,66,3840,2160,1882,1058,0.650752
49,"Fused optimized P50/general",4,67,3840,2160,1882,1058,0.650112
49,"Fused optimized P50/general",4,68,3840,2160,1882,1058,0.647936
49,"Fused optimized P50/general",4,69,3840,2160,1882,1058,0.64256
49,"Fused optimized P50/general",4,70,3840,2160,1882,1058,0.643072
49,"Fused optimized P50/general",4,71,3840,2160,1882,1058,0.64192
49,"Fused optimized P50/general",4,72,3840,2160,1882,1058,0.642816
49,"Fused optimized P50/general",4,73,3840,2160,1882,1058,0.6432
49,"Fused optimized P50/general",4,74,3840,2160,1882,1058,0.643328
49,"Fused optimized P50/general",4,75,3840,2160,1882,1058,0.6432
49,"Fused optimized P50/general",4,76,3840,2160,1882,1058,0.64384
49,"Fused optimized P50/general",4,77,3840,2160,1882,1058,0.643712
49,"Fused optimized P50/general",4,78,3840,2160,1882,1058,0.642816
49,"Fused optimized P50/general",4,79,3840,2160,1882,1058,0.643712
49,"Fused optimized P50/general",4,80,3840,2160,1882,1058,0.656768
49,"Fused optimized P50/general",4,81,3840,2160,1882,1058,0.659072
49,"Fused optimized P50/general",4,82,3840,2160,1882,1058,0.6592
49,"Fused optimized P50/general",4,83,3840,2160,1882,1058,0.658944
49,"Fused optimized P50/general",4,84,3840,2160,1882,1058,0.65152
49,"Fused optimized P50/general",4,85,3840,2160,1882,1058,0.650752
49,"Fused optimized P50/general",4,86,3840,2160,1882,1058,0.650752
49,"Fused optimized P50/general",4,87,3840,2160,1882,1058,0.651392
49,"Fused optimized P50/general",4,88,3840,2160,1882,1058,0.654592
49,"Fused optimized P50/general",4,89,3840,2160,1882,1058,0.654976
49,"Fused optimized P50/general",4,90,3840,2160,1882,1058,0.65472
49,"Fused optimized P50/general",4,91,3840,2160,1882,1058,0.654848
49,"Fused optimized P50/general",4,92,3840,2160,1882,1058,0.654464
49,"Fused optimized P50/general",4,93,3840,2160,1882,1058,0.654592
49,"Fused optimized P50/general",4,94,3840,2160,1882,1058,0.655104
49,"Fused optimized P50/general",4,95,3840,2160,1882,1058,0.654848
49,"Fused optimized P50/general",4,96,3840,2160,1882,1058,0.655488
49,"Fused optimized P50/general",4,97,3840,2160,1882,1058,0.654592
49,"Fused optimized P50/general",4,98,3840,2160,1882,1058,0.655616
49,"Fused optimized P50/general",4,99,3840,2160,1882,1058,0.648064
49,"Fused optimized P50/general",4,100,3840,2160,1882,1058,0.646912
49,"Fused optimized P50/general",4,101,3840,2160,1882,1058,0.6464
49,"Fused optimized P50/general",4,102,3840,2160,1882,1058,0.64704
49,"Fused optimized P50/general",4,103,3840,2160,1882,1058,0.646656
49,"Fused optimized P50/general",4,104,3840,2160,1882,1058,0.647552
49,"Fused optimized P50/general",4,105,3840,2160,1882,1058,0.646912
49,"Fused optimized P50/general",4,106,3840,2160,1882,1058,0.645632
49,"Fused optimized P50/general",4,107,3840,2160,1882,1058,0.642432
49,"Fused optimized P50/general",4,108,3840,2160,1882,1058,0.64256
49,"Fused optimized P50/general",4,109,3840,2160,1882,1058,0.64256
49,"Fused optimized P50/general",4,110,3840,2160,1882,1058,0.642176
49,"Fused optimized P50/general",4,111,3840,2160,1882,1058,0.642688
49,"Fused optimized P50/general",4,112,3840,2160,1882,1058,0.643456
49,"Fused optimized P50/general",4,113,3840,2160,1882,1058,0.642304
49,"Fused optimized P50/general",4,114,3840,2160,1882,1058,0.62976
49,"Fused optimized P50/general",4,115,3840,2160,1882,1058,0.618368
49,"Fused optimized P50/general",4,116,3840,2160,1882,1058,0.619136
49,"Fused optimized P50/general",4,117,3840,2160,1882,1058,0.61952
49,"Fused optimized P50/general",4,118,3840,2160,1882,1058,0.631296
49,"Fused optimized P50/general",4,119,3840,2160,1882,1058,0.634368
49,"Fused optimized P50/general",4,120,3840,2160,1882,1058,0.63424
49,"Fused optimized P50/general",4,121,3840,2160,1882,1058,0.634624
49,"Fused optimized P50/general",4,122,3840,2160,1882,1058,0.637312
49,"Fused optimized P50/general",4,123,3840,2160,1882,1058,0.63872
49,"Fused optimized P50/general",4,124,3840,2160,1882,1058,0.638336
49,"Fused optimized P50/general",4,125,3840,2160,1882,1058,0.63808
49,"Fused optimized P50/general",4,126,3840,2160,1882,1058,0.639104
49,"Fused optimized P50/general",4,127,3840,2160,1882,1058,0.638592
49,"Fused optimized P50/general",4,128,3840,2160,1882,1058,0.638592
49,"Fused optimized P50/general",4,129,3840,2160,1882,1058,0.63808
49,"Fused optimized P50/general",4,130,3840,2160,1882,1058,0.63424
49,"Fused optimized P50/general",4,131,3840,2160,1882,1058,0.634368
49,"Fused optimized P50/general",4,132,3840,2160,1882,1058,0.635008
49,"Fused optimized P50/general",4,133,3840,2160,1882,1058,0.634624
49,"Fused optimized P50/general",4,134,3840,2160,1882,1058,0.638592
49,"Fused optimized P50/general",4,135,3840,2160,1882,1058,0.638592
49,"Fused optimized P50/general",4,136,3840,2160,1882,1058,0.638336
49,"Fused optimized P50/general",4,137,3840,2160,1882,1058,0.638208
49,"Fused optimized P50/general",4,138,3840,2160,1882,1058,0.638592
49,"Fused optimized P50/general",4,139,3840,2160,1882,1058,0.638336
49,"Fused optimized P50/general",4,140,3840,2160,1882,1058,0.638592
49,"Fused optimized P50/general",4,141,3840,2160,1882,1058,0.639872
49,"Fused optimized P50/general",4,142,3840,2160,1882,1058,0.642944
49,"Fused optimized P50/general",4,143,3840,2160,1882,1058,0.6432
49,"Fused optimized P50/general",4,144,3840,2160,1882,1058,0.644224
49,"Fused optimized P50/general",4,145,3840,2160,1882,1058,0.63808
49,"Fused optimized P50/general",4,146,3840,2160,1882,1058,0.634752
49,"Fused optimized P50/general",4,147,3840,2160,1882,1058,0.63424
49,"Fused optimized P50/general",4,148,3840,2160,1882,1058,0.634368
49,"Fused optimized P50/general",4,149,3840,2160,1882,1058,0.635904
49,"Fused optimized P50/general",4,150,3840,2160,1882,1058,0.638848
49,"Fused optimized P50/general",4,151,3840,2160,1882,1058,0.639232
49,"Fused optimized P50/general",4,152,3840,2160,1882,1058,0.638848
49,"Fused optimized P50/general",4,153,3840,2160,1882,1058,0.64064
49,"Fused optimized P50/general",4,154,3840,2160,1882,1058,0.6432
49,"Fused optimized P50/general",4,155,3840,2160,1882,1058,0.642944
49,"Fused optimized P50/general",4,156,3840,2160,1882,1058,0.643456
49,"Fused optimized P50/general",4,157,3840,2160,1882,1058,0.6432
49,"Fused optimized P50/general",4,158,3840,2160,1882,1058,0.643072
49,"Fused optimized P50/general",4,159,3840,2160,1882,1058,0.644096
49,"Classic optimized",5,0,3840,2160,1882,1058,0.49024
49,"Classic optimized",5,1,3840,2160,1882,1058,0.37696
49,"Classic optimized",5,2,3840,2160,1882,1058,0.434688
49,"Classic optimized",5,3,3840,2160,1882,1058,0.434816
49,"Classic optimized",5,4,3840,2160,1882,1058,0.377728
49,"Classic optimized",5,5,3840,2160,1882,1058,0.490496
49,"Classic optimized",5,6,3840,2160,1882,1058,0.37824
49,"Classic optimized",5,7,3840,2160,1882,1058,0.437376
49,"Classic optimized",5,8,3840,2160,1882,1058,0.430848
49,"Classic optimized",5,9,3840,2160,1882,1058,0.37632
49,"Classic optimized",5,10,3840,2160,1882,1058,0.487552
49,"Classic optimized",5,11,3840,2160,1882,1058,0.376704
49,"Classic optimized",5,12,3840,2160,1882,1058,0.435456
49,"Classic optimized",5,13,3840,2160,1882,1058,0.43136
49,"Classic optimized",5,14,3840,2160,1882,1058,0.3808
49,"Classic optimized",5,15,3840,2160,1882,1058,0.49536
49,"Classic optimized",5,16,3840,2160,1882,1058,0.382464
49,"Classic optimized",5,17,3840,2160,1882,1058,0.495872
49,"Classic optimized",5,18,3840,2160,1882,1058,0.38144
49,"Classic optimized",5,19,3840,2160,1882,1058,0.380928
49,"Classic optimized",5,20,3840,2160,1882,1058,0.49472
49,"Classic optimized",5,21,3840,2160,1882,1058,0.379648
49,"Classic optimized",5,22,3840,2160,1882,1058,0.492544
49,"Classic optimized",5,23,3840,2160,1882,1058,0.379904
49,"Classic optimized",5,24,3840,2160,1882,1058,0.439808
49,"Classic optimized",5,25,3840,2160,1882,1058,0.43328
49,"Classic optimized",5,26,3840,2160,1882,1058,0.378496
49,"Classic optimized",5,27,3840,2160,1882,1058,0.490496
49,"Classic optimized",5,28,3840,2160,1882,1058,0.379008
49,"Classic optimized",5,29,3840,2160,1882,1058,0.490496
49,"Classic optimized",5,30,3840,2160,1882,1058,0.379392
49,"Classic optimized",5,31,3840,2160,1882,1058,0.378496
49,"Classic optimized",5,32,3840,2160,1882,1058,0.4384
49,"Classic optimized",5,33,3840,2160,1882,1058,0.38144
49,"Classic optimized",5,34,3840,2160,1882,1058,0.495744
49,"Classic optimized",5,35,3840,2160,1882,1058,0.381952
49,"Classic optimized",5,36,3840,2160,1882,1058,0.438912
49,"Classic optimized",5,37,3840,2160,1882,1058,0.436864
49,"Classic optimized",5,38,3840,2160,1882,1058,0.379392
49,"Classic optimized",5,39,3840,2160,1882,1058,0.493312
49,"Classic optimized",5,40,3840,2160,1882,1058,0.37952
49,"Classic optimized",5,41,3840,2160,1882,1058,0.489856
49,"Classic optimized",5,42,3840,2160,1882,1058,0.381056
49,"Classic optimized",5,43,3840,2160,1882,1058,0.381312
49,"Classic optimized",5,44,3840,2160,1882,1058,0.505856
49,"Classic optimized",5,45,3840,2160,1882,1058,0.381696
49,"Classic optimized",5,46,3840,2160,1882,1058,0.471168
49,"Classic optimized",5,47,3840,2160,1882,1058,0.381952
49,"Classic optimized",5,48,3840,2160,1882,1058,0.465408
49,"Classic optimized",5,49,3840,2160,1882,1058,0.382336
49,"Classic optimized",5,50,3840,2160,1882,1058,0.381568
49,"Classic optimized",5,51,3840,2160,1882,1058,0.465664
49,"Classic optimized",5,52,3840,2160,1882,1058,0.381824
49,"Classic optimized",5,53,3840,2160,1882,1058,0.381312
49,"Classic optimized",5,54,3840,2160,1882,1058,0.450816
49,"Classic optimized",5,55,3840,2160,1882,1058,0.3808
49,"Classic optimized",5,56,3840,2160,1882,1058,0.44992
49,"Classic optimized",5,57,3840,2160,1882,1058,0.381312
49,"Classic optimized",5,58,3840,2160,1882,1058,0.380288
49,"Classic optimized",5,59,3840,2160,1882,1058,0.449536
49,"Classic optimized",5,60,3840,2160,1882,1058,0.381696
49,"Classic optimized",5,61,3840,2160,1882,1058,0.471424
49,"Classic optimized",5,62,3840,2160,1882,1058,0.386176
49,"Classic optimized",5,63,3840,2160,1882,1058,0.385536
49,"Classic optimized",5,64,3840,2160,1882,1058,0.427008
49,"Classic optimized",5,65,3840,2160,1882,1058,0.385536
49,"Classic optimized",5,66,3840,2160,1882,1058,0.4544
49,"Classic optimized",5,67,3840,2160,1882,1058,0.383744
49,"Classic optimized",5,68,3840,2160,1882,1058,0.383104
49,"Classic optimized",5,69,3840,2160,1882,1058,0.468736
49,"Classic optimized",5,70,3840,2160,1882,1058,0.383488
49,"Classic optimized",5,71,3840,2160,1882,1058,0.453248
49,"Classic optimized",5,72,3840,2160,1882,1058,0.38592
49,"Classic optimized",5,73,3840,2160,1882,1058,0.386688
49,"Classic optimized",5,74,3840,2160,1882,1058,0.451712
49,"Classic optimized",5,75,3840,2160,1882,1058,0.386944
49,"Classic optimized",5,76,3840,2160,1882,1058,0.3872
49,"Classic optimized",5,77,3840,2160,1882,1058,0.387328
49,"Classic optimized",5,78,3840,2160,1882,1058,0.386944
49,"Classic optimized",5,79,3840,2160,1882,1058,0.386816
49,"Classic optimized",5,80,3840,2160,1882,1058,0.387712
49,"Classic optimized",5,81,3840,2160,1882,1058,0.386688
49,"Classic optimized",5,82,3840,2160,1882,1058,0.386688
49,"Classic optimized",5,83,3840,2160,1882,1058,0.386176
49,"Classic optimized",5,84,3840,2160,1882,1058,0.386048
49,"Classic optimized",5,85,3840,2160,1882,1058,0.384384
49,"Classic optimized",5,86,3840,2160,1882,1058,0.384
49,"Classic optimized",5,87,3840,2160,1882,1058,0.384896
49,"Classic optimized",5,88,3840,2160,1882,1058,0.384512
49,"Classic optimized",5,89,3840,2160,1882,1058,0.384256
49,"Classic optimized",5,90,3840,2160,1882,1058,0.38464
49,"Classic optimized",5,91,3840,2160,1882,1058,0.384128
49,"Classic optimized",5,92,3840,2160,1882,1058,0.388864
49,"Classic optimized",5,93,3840,2160,1882,1058,0.391296
49,"Classic optimized",5,94,3840,2160,1882,1058,0.390656
49,"Classic optimized",5,95,3840,2160,1882,1058,0.391424
49,"Classic optimized",5,96,3840,2160,1882,1058,0.3936
49,"Classic optimized",5,97,3840,2160,1882,1058,0.392832
49,"Classic optimized",5,98,3840,2160,1882,1058,0.392064
49,"Classic optimized",5,99,3840,2160,1882,1058,0.39296
49,"Classic optimized",5,100,3840,2160,1882,1058,0.392832
49,"Classic optimized",5,101,3840,2160,1882,1058,0.392064
49,"Classic optimized",5,102,3840,2160,1882,1058,0.392832
49,"Classic optimized",5,103,3840,2160,1882,1058,0.383488
49,"Classic optimized",5,104,3840,2160,1882,1058,0.38272
49,"Classic optimized",5,105,3840,2160,1882,1058,0.383488
49,"Classic optimized",5,106,3840,2160,1882,1058,0.382848
49,"Classic optimized",5,107,3840,2160,1882,1058,0.383232
49,"Classic optimized",5,108,3840,2160,1882,1058,0.38336
49,"Classic optimized",5,109,3840,2160,1882,1058,0.384128
49,"Classic optimized",5,110,3840,2160,1882,1058,0.387328
49,"Classic optimized",5,111,3840,2160,1882,1058,0.387072
49,"Classic optimized",5,112,3840,2160,1882,1058,0.388992
49,"Classic optimized",5,113,3840,2160,1882,1058,0.3872
49,"Classic optimized",5,114,3840,2160,1882,1058,0.386944
49,"Classic optimized",5,115,3840,2160,1882,1058,0.385152
49,"Classic optimized",5,116,3840,2160,1882,1058,0.383744
49,"Classic optimized",5,117,3840,2160,1882,1058,0.383488
49,"Classic optimized",5,118,3840,2160,1882,1058,0.383744
49,"Classic optimized",5,119,3840,2160,1882,1058,0.383488
49,"Classic optimized",5,120,3840,2160,1882,1058,0.383744
49,"Classic optimized",5,121,3840,2160,1882,1058,0.383744
49,"Classic optimized",5,122,3840,2160,1882,1058,0.383488
49,"Classic optimized",5,123,3840,2160,1882,1058,0.387584
49,"Classic optimized",5,124,3840,2160,1882,1058,0.387072
49,"Classic optimized",5,125,3840,2160,1882,1058,0.3872
49,"Classic optimized",5,126,3840,2160,1882,1058,0.387456
49,"Classic optimized",5,127,3840,2160,1882,1058,0.386816
49,"Classic optimized",5,128,3840,2160,1882,1058,0.388736
49,"Classic optimized",5,129,3840,2160,1882,1058,0.387456
49,"Classic optimized",5,130,3840,2160,1882,1058,0.38656
49,"Classic optimized",5,131,3840,2160,1882,1058,0.387328
49,"Classic optimized",5,132,3840,2160,1882,1058,0.386944
49,"Classic optimized",5,133,3840,2160,1882,1058,0.386944
49,"Classic optimized",5,134,3840,2160,1882,1058,0.386944
49,"Classic optimized",5,135,3840,2160,1882,1058,0.385024
49,"Classic optimized",5,136,3840,2160,1882,1058,0.385408
49,"Classic optimized",5,137,3840,2160,1882,1058,0.385664
49,"Classic optimized",5,138,3840,2160,1882,1058,0.384896
49,"Classic optimized",5,139,3840,2160,1882,1058,0.38592
49,"Classic optimized",5,140,3840,2160,1882,1058,0.38528
49,"Classic optimized",5,141,3840,2160,1882,1058,0.385664
49,"Classic optimized",5,142,3840,2160,1882,1058,0.387584
49,"Classic optimized",5,143,3840,2160,1882,1058,0.386944
49,"Classic optimized",5,144,3840,2160,1882,1058,0.38912
49,"Classic optimized",5,145,3840,2160,1882,1058,0.3872
49,"Classic optimized",5,146,3840,2160,1882,1058,0.386816
49,"Classic optimized",5,147,3840,2160,1882,1058,0.384512
49,"Classic optimized",5,148,3840,2160,1882,1058,0.383488
49,"Classic optimized",5,149,3840,2160,1882,1058,0.383616
49,"Classic optimized",5,150,3840,2160,1882,1058,0.383872
49,"Classic optimized",5,151,3840,2160,1882,1058,0.383104
49,"Classic optimized",5,152,3840,2160,1882,1058,0.384128
49,"Classic optimized",5,153,3840,2160,1882,1058,0.384128
49,"Classic optimized",5,154,3840,2160,1882,1058,0.385024
49,"Classic optimized",5,155,3840,2160,1882,1058,0.386176
49,"Classic optimized",5,156,3840,2160,1882,1058,0.385664
49,"Classic optimized",5,157,3840,2160,1882,1058,0.385664
49,"Classic optimized",5,158,3840,2160,1882,1058,0.38592
49,"Classic optimized",5,159,3840,2160,1882,1058,0.38528
